date,day_of_year,month,port_code,port_name,is_peak_season,is_monsoon_risk_window,baseline_monthly_vessel_calls,baseline_anchorage_count,baseline_wait_hours,seasonal_multiplier,sim_anchorage_count,sim_wait_hours,congestion_index_0_100,congestion_index_available,port_utilization_ratio,disruption_risk_pct,rail_maintenance_window_flag,channel_depth_m,coal_berth_max_draft_m,coal_berth_max_beam_m,coal_berth_max_loa_m,port_coal_capacity_mt_yr,route_id,route_distance_nm_greatcircle,vessel_class_reference,vessel_dwt_max,vessel_loa_max_m,vessel_beam_max_m,vessel_draft_laden_max_m,vessel_feasible_at_this_port,coal_price_usd_per_tonne,is_synthetic_row,usd_inr_exchange_rate,brent_crude_usd_per_bbl,coal_price_usd_per_mt,freight_aus_to_paradip_capesize_usd_per_mt,freight_aus_to_paradip_panamax_usd_per_mt,freight_usa_to_vizag_capesize_usd_per_mt,freight_moz_to_dhamra_supramax_usd_per_mt,freight_australia_paradip_supramax_usd_per_mt,freight_indonesia_visakhapatnam_panamax_usd_per_mt,freight_mozambique_dhamra_handysize_usd_per_mt
2025-01-01,1,1,0,Newcastle,1,0,165.0,13.5,36.0,1.0377,14.38,34.76,101.52,1,,,0.0,18.3,16.2,50,300,211.0,RT_NEWC_PARA,4917,Capesize,200000,300,47.5,18,0,,1,,,,,,,,,,
2025-01-01,1,1,1,Paradip,1,0,,,,,,,,0,0.5204,0.0,,18.7,16.5,46,300,,RT_NEWC_PARA,4917,Capesize,200000,300,47.5,18,0,,1,,,,,,,,,,
2025-01-02,2,1,0,Newcastle,1,0,165.0,13.5,36.0,1.0377,14.91,39.71,110.37,1,,,0.0,18.3,16.2,50,300,211.0,RT_NEWC_PARA,4917,Capesize,200000,300,47.5,18,0,,1,85.79,75.93,114.5,13.98,52.9,39.62,10.09,25.39,14.29,27.11
2025-01-02,2,1,1,Paradip,1,0,,,,,,,,0,0.5204,0.0,,18.7,16.5,46,300,,RT_NEWC_PARA,4917,Capesize,200000,300,47.5,18,0,,1,85.79,75.93,114.5,13.98,52.9,39.62,10.09,25.39,14.29,27.11
2025-01-03,3,1,0,Newcastle,1,0,165.0,13.5,36.0,1.0377,11.67,34.1,90.58,1,,,0.0,18.3,16.2,50,300,211.0,RT_NEWC_PARA,4917,Capesize,200000,300,47.5,18,0,,1,85.8,76.51,113.2,13.85,52.24,39.08,10.22,24.87,14.46,26.84
2025-01-03,3,1,1,Paradip,1,0,,,,,,,,0,0.5204,0.0,,18.7,16.5,46,300,,RT_NEWC_PARA,4917,Capesize,200000,300,47.5,18,0,,1,85.8,76.51,113.2,13.85,52.24,39.08,10.22,24.87,14.46,26.84
2025-01-04,4,1,0,Newcastle,1,0,165.0,13.5,36.0,1.0377,14.16,36.57,103.24,1,,,0.0,18.3,16.2,50,300,211.0,RT_NEWC_PARA,4917,Capesize,200000,300,47.5,18,0,,1,,,,,,,,,,
2025-01-04,4,1,1,Paradip,1,0,,,,,,,,0,0.5204,0.0,,18.7,16.5,46,300,,RT_NEWC_PARA,4917,Capesize,200000,300,47.5,18,0,,1,,,,,,,,,,
2025-01-05,5,1,0,Newcastle,1,0,165.0,13.5,36.0,1.0377,13.99,35.23,100.74,1,,,0.0,18.3,16.2,50,300,211.0,RT_NEWC_PARA,4917,Capesize,200000,300,47.5,18,0,,1,,,,,,,,,,
2025-01-05,5,1,1,Paradip,1,0,,,,,,,,0,0.5204,0.0,,18.7,16.5,46,300,,RT_NEWC_PARA,4917,Capesize,200000,300,47.5,18,0,,1,,,,,,,,,,
2025-01-06,6,1,0,Newcastle,1,0,165.0,13.5,36.0,1.0377,15.06,39.3,110.38,1,,,0.0,18.3,16.2,50,300,211.0,RT_NEWC_PARA,4917,Capesize,200000,300,47.5,18,0,,1,85.76,76.3,109.7,14.01,52.93,38.27,9.98,24.4,13.84,29.74
2025-01-06,6,1,1,Paradip,1,0,,,,,,,,0,0.5204,0.0,,18.7,16.5,46,300,,RT_NEWC_PARA,4917,Capesize,200000,300,47.5,18,0,,1,85.76,76.3,109.7,14.01,52.93,38.27,9.98,24.4,13.84,29.74
2025-01-07,7,1,0,Newcastle,1,0,165.0,13.5,36.0,1.0377,14.09,40.18,107.98,1,,,0.0,18.3,16.2,50,300,211.0,RT_NEWC_PARA,4917,Capesize,200000,300,47.5,18,0,,1,85.68,77.05,110.55,13.89,53.73,38.18,9.99,24.62,15.18,28.57
2025-01-07,7,1,1,Paradip,1,0,,,,,,,,0,0.5204,0.0,,18.7,16.5,46,300,,RT_NEWC_PARA,4917,Capesize,200000,300,47.5,18,0,,1,85.68,77.05,110.55,13.89,53.73,38.18,9.99,24.62,15.18,28.57
2025-01-08,8,1,0,Newcastle,1,0,165.0,13.5,36.0,1.0377,14.57,35.21,102.87,1,,,0.0,18.3,16.2,50,300,211.0,RT_NEWC_PARA,4917,Capesize,200000,300,47.5,18,0,,1,85.81,76.16,108.0,13.74,54.17,38.76,10.06,24.27,14.62,29.34
2025-01-08,8,1,1,Paradip,1,0,,,,,,,,0,0.5204,0.0,,18.7,16.5,46,300,,RT_NEWC_PARA,4917,Capesize,200000,300,47.5,18,0,,1,85.81,76.16,108.0,13.74,54.17,38.76,10.06,24.27,14.62,29.34
2025-01-09,9,1,0,Newcastle,1,0,165.0,13.5,36.0,1.0377,14.45,34.96,102.08,1,,,0.0,18.3,16.2,50,300,211.0,RT_NEWC_PARA,4917,Capesize,200000,300,47.5,18,0,,1,85.91,76.92,106.0,13.8,53.37,38.18,9.91,24.15,14.85,28.47
2025-01-09,9,1,1,Paradip,1,0,,,,,,,,0,0.5204,0.0,,18.7,16.5,46,300,,RT_NEWC_PARA,4917,Capesize,200000,300,47.5,18,0,,1,85.91,76.92,106.0,13.8,53.37,38.18,9.91,24.15,14.85,28.47
2025-01-10,10,1,0,Newcastle,1,0,165.0,13.5,36.0,1.0377,15.06,37.23,107.5,1,,,0.0,18.3,16.2,50,300,211.0,RT_NEWC_PARA,4917,Capesize,200000,300,47.5,18,0,,1,85.92,79.76,105.35,13.59,52.91,38.25,9.85,23.2,15.56,27.64
2025-01-10,10,1,1,Paradip,1,0,,,,,,,,0,0.5204,0.0,,18.7,16.5,46,300,,RT_NEWC_PARA,4917,Capesize,200000,300,47.5,18,0,,1,85.92,79.76,105.35,13.59,52.91,38.25,9.85,23.2,15.56,27.64
2025-01-11,11,1,0,Newcastle,1,0,165.0,13.5,36.0,1.0377,13.79,35.66,100.59,1,,,0.0,18.3,16.2,50,300,211.0,RT_NEWC_PARA,4917,Capesize,200000,300,47.5,18,0,,1,,,,,,,,,,
2025-01-11,11,1,1,Paradip,1,0,,,,,,,,0,0.5204,0.0,,18.7,16.5,46,300,,RT_NEWC_PARA,4917,Capesize,200000,300,47.5,18,0,,1,,,,,,,,,,
2025-01-12,12,1,0,Newcastle,1,0,165.0,13.5,36.0,1.0377,15.48,36.97,108.67,1,,,0.0,18.3,16.2,50,300,211.0,RT_NEWC_PARA,4917,Capesize,200000,300,47.5,18,0,,1,,,,,,,,,,
2025-01-12,12,1,1,Paradip,1,0,,,,,,,,0,0.5204,0.0,,18.7,16.5,46,300,,RT_NEWC_PARA,4917,Capesize,200000,300,47.5,18,0,,1,,,,,,,,,,
2025-01-13,13,1,0,Newcastle,1,0,165.0,13.5,36.0,1.0377,13.5,36.48,100.65,1,,,0.0,18.3,16.2,50,300,211.0,RT_NEWC_PARA,4917,Capesize,200000,300,47.5,18,0,,1,86.19,81.01,108.45,13.81,54.1,38.99,9.65,23.74,15.34,31.02
2025-01-13,13,1,1,Paradip,1,0,,,,,,,,0,0.5204,0.0,,18.7,16.5,46,300,,RT_NEWC_PARA,4917,Capesize,200000,300,47.5,18,0,,1,86.19,81.01,108.45,13.81,54.1,38.99,9.65,23.74,15.34,31.02
2025-01-14,14,1,0,Newcastle,1,0,165.0,13.5,36.0,1.0377,14.65,38.27,107.41,1,,,0.0,18.3,16.2,50,300,211.0,RT_NEWC_PARA,4917,Capesize,200000,300,47.5,18,0,,1,86.65,79.92,106.25,13.92,54.44,38.65,9.76,24.15,14.25,27.73
2025-01-14,14,1,1,Paradip,1,0,,,,,,,,0,0.5204,0.0,,18.7,16.5,46,300,,RT_NEWC_PARA,4917,Capesize,200000,300,47.5,18,0,,1,86.65,79.92,106.25,13.92,54.44,38.65,9.76,24.15,14.25,27.73
2025-01-15,15,1,0,Newcastle,1,0,165.0,13.5,36.0,1.0377,14.5,38.44,107.1,1,,,0.0,18.3,16.2,50,300,211.0,RT_NEWC_PARA,4917,Capesize,200000,300,47.5,18,0,,1,86.54,82.03,107.4,13.81,54.48,38.08,9.63,24.59,15.09,28.0
2025-01-15,15,1,1,Paradip,1,0,,,,,,,,0,0.5204,0.0,,18.7,16.5,46,300,,RT_NEWC_PARA,4917,Capesize,200000,300,47.5,18,0,,1,86.54,82.03,107.4,13.81,54.48,38.08,9.63,24.59,15.09,28.0
2025-01-16,16,1,0,Newcastle,1,0,165.0,13.5,36.0,1.0377,16.58,36.34,111.88,1,,,0.0,18.3,16.2,50,300,211.0,RT_NEWC_PARA,4917,Capesize,200000,300,47.5,18,0,,1,86.43,81.29,107.9,14.0,53.98,38.65,9.59,24.51,14.78,26.95
2025-01-16,16,1,1,Paradip,1,0,,,,,,,,0,0.5204,0.0,,18.7,16.5,46,300,,RT_NEWC_PARA,4917,Capesize,200000,300,47.5,18,0,,1,86.43,81.29,107.9,14.0,53.98,38.65,9.59,24.51,14.78,26.95
2025-01-17,17,1,0,Newcastle,1,0,165.0,13.5,36.0,1.0377,13.39,35.32,98.67,1,,,0.0,18.3,16.2,50,300,211.0,RT_NEWC_PARA,4917,Capesize,200000,300,47.5,18,0,,1,86.61,80.79,109.25,13.95,53.92,38.19,9.6,24.92,14.26,28.2
2025-01-17,17,1,1,Paradip,1,0,,,,,,,,0,0.5204,0.0,,18.7,16.5,46,300,,RT_NEWC_PARA,4917,Capesize,200000,300,47.5,18,0,,1,86.61,80.79,109.25,13.95,53.92,38.19,9.6,24.92,14.26,28.2
2025-01-18,18,1,0,Newcastle,1,0,165.0,13.5,36.0,1.0377,14.75,40.18,110.43,1,,,0.0,18.3,16.2,50,300,211.0,RT_NEWC_PARA,4917,Capesize,200000,300,47.5,18,0,,1,,,,,,,,,,
2025-01-18,18,1,1,Paradip,1,0,,,,,,,,0,0.5204,0.0,,18.7,16.5,46,300,,RT_NEWC_PARA,4917,Capesize,200000,300,47.5,18,0,,1,,,,,,,,,,
2025-01-19,19,1,0,Newcastle,1,0,165.0,13.5,36.0,1.0377,13.87,35.26,100.35,1,,,0.0,18.3,16.2,50,300,211.0,RT_NEWC_PARA,4917,Capesize,200000,300,47.5,18,0,,1,,,,,,,,,,
2025-01-19,19,1,1,Paradip,1,0,,,,,,,,0,0.5204,0.0,,18.7,16.5,46,300,,RT_NEWC_PARA,4917,Capesize,200000,300,47.5,18,0,,1,,,,,,,,,,
2025-01-20,20,1,0,Newcastle,1,0,165.0,13.5,36.0,1.0377,13.02,38.98,102.37,1,,,0.0,18.3,16.2,50,300,211.0,RT_NEWC_PARA,4917,Capesize,200000,300,47.5,18,0,,1,86.57,,,13.93,54.16,37.9,9.89,23.71,14.41,29.66
2025-01-20,20,1,1,Paradip,1,0,,,,,,,,0,0.5204,0.0,,18.7,16.5,46,300,,RT_NEWC_PARA,4917,Capesize,200000,300,47.5,18,0,,1,86.57,,,13.93,54.16,37.9,9.89,23.71,14.41,29.66
2025-01-21,21,1,0,Newcastle,1,0,165.0,13.5,36.0,1.0377,14.9,38.72,108.96,1,,,0.0,18.3,16.2,50,300,211.0,RT_NEWC_PARA,4917,Capesize,200000,300,47.5,18,0,,1,86.21,79.29,111.25,13.96,53.98,38.47,9.86,23.15,14.3,28.17
2025-01-21,21,1,1,Paradip,1,0,,,,,,,,0,0.5204,0.0,,18.7,16.5,46,300,,RT_NEWC_PARA,4917,Capesize,200000,300,47.5,18,0,,1,86.21,79.29,111.25,13.96,53.98,38.47,9.86,23.15,14.3,28.17
2025-01-22,22,1,0,Newcastle,1,0,165.0,13.5,36.0,1.0377,13.21,37.94,101.62,1,,,0.0,18.3,16.2,50,300,211.0,RT_NEWC_PARA,4917,Capesize,200000,300,47.5,18,0,,1,86.45,79.0,109.75,13.96,54.01,38.93,9.71,24.36,15.33,29.19
2025-01-22,22,1,1,Paradip,1,0,,,,,,,,0,0.5204,0.0,,18.7,16.5,46,300,,RT_NEWC_PARA,4917,Capesize,200000,300,47.5,18,0,,1,86.45,79.0,109.75,13.96,54.01,38.93,9.71,24.36,15.33,29.19
2025-01-23,23,1,0,Newcastle,1,0,165.0,13.5,36.0,1.0377,14.15,37.91,105.05,1,,,0.0,18.3,16.2,50,300,211.0,RT_NEWC_PARA,4917,Capesize,200000,300,47.5,18,0,,1,86.47,78.29,109.5,14.17,54.48,38.35,9.72,23.18,15.32,26.82
2025-01-23,23,1,1,Paradip,1,0,,,,,,,,0,0.5204,0.0,,18.7,16.5,46,300,,RT_NEWC_PARA,4917,Capesize,200000,300,47.5,18,0,,1,86.47,78.29,109.5,14.17,54.48,38.35,9.72,23.18,15.32,26.82
2025-01-24,24,1,0,Newcastle,1,0,165.0,13.5,36.0,1.0377,15.06,37.92,108.42,1,,,0.0,18.3,16.2,50,300,211.0,RT_NEWC_PARA,4917,Capesize,200000,300,47.5,18,0,,1,86.44,78.5,109.4,13.96,53.85,38.68,9.87,23.01,13.82,28.23
2025-01-24,24,1,1,Paradip,1,0,,,,,,,,0,0.5204,0.0,,18.7,16.5,46,300,,RT_NEWC_PARA,4917,Capesize,200000,300,47.5,18,0,,1,86.44,78.5,109.4,13.96,53.85,38.68,9.87,23.01,13.82,28.23
2025-01-25,25,1,0,Newcastle,1,0,165.0,13.5,36.0,1.0377,14.82,37.53,107.03,1,,,0.0,18.3,16.2,50,300,211.0,RT_NEWC_PARA,4917,Capesize,200000,300,47.5,18,0,,1,,,,,,,,,,
2025-01-25,25,1,1,Paradip,1,0,,,,,,,,0,0.5204,0.0,,18.7,16.5,46,300,,RT_NEWC_PARA,4917,Capesize,200000,300,47.5,18,0,,1,,,,,,,,,,
2025-01-26,26,1,0,Newcastle,1,0,165.0,13.5,36.0,1.0377,14.36,38.94,107.25,1,,,0.0,18.3,16.2,50,300,211.0,RT_NEWC_PARA,4917,Capesize,200000,300,47.5,18,0,,1,,,,,,,,,,
2025-01-26,26,1,1,Paradip,1,0,,,,,,,,0,0.5204,0.0,,18.7,16.5,46,300,,RT_NEWC_PARA,4917,Capesize,200000,300,47.5,18,0,,1,,,,,,,,,,
2025-01-27,27,1,0,Newcastle,1,0,165.0,13.5,36.0,1.0377,12.26,36.56,96.19,1,,,0.0,18.3,16.2,50,300,211.0,RT_NEWC_PARA,4917,Capesize,200000,300,47.5,18,0,,1,86.2,77.08,109.4,13.61,52.72,38.25,10.08,24.51,14.49,28.54
2025-01-27,27,1,1,Paradip,1,0,,,,,,,,0,0.5204,0.0,,18.7,16.5,46,300,,RT_NEWC_PARA,4917,Capesize,200000,300,47.5,18,0,,1,86.2,77.08,109.4,13.61,52.72,38.25,10.08,24.51,14.49,28.54
2025-01-28,28,1,0,Newcastle,1,0,165.0,13.5,36.0,1.0377,13.44,35.76,99.46,1,,,0.0,18.3,16.2,50,300,211.0,RT_NEWC_PARA,4917,Capesize,200000,300,47.5,18,0,,1,86.47,77.49,110.25,13.64,53.51,38.42,10.0,24.02,14.35,27.07
2025-01-28,28,1,1,Paradip,1,0,,,,,,,,0,0.5204,0.0,,18.7,16.5,46,300,,RT_NEWC_PARA,4917,Capesize,200000,300,47.5,18,0,,1,86.47,77.49,110.25,13.64,53.51,38.42,10.0,24.02,14.35,27.07
2025-01-29,29,1,0,Newcastle,1,0,165.0,13.5,36.0,1.0377,13.68,41.1,107.74,1,,,0.0,18.3,16.2,50,300,211.0,RT_NEWC_PARA,4917,Capesize,200000,300,47.5,18,0,,1,86.58,76.58,110.15,13.84,53.41,38.71,9.95,23.62,13.81,26.52
2025-01-29,29,1,1,Paradip,1,0,,,,,,,,0,0.5204,0.0,,18.7,16.5,46,300,,RT_NEWC_PARA,4917,Capesize,200000,300,47.5,18,0,,1,86.58,76.58,110.15,13.84,53.41,38.71,9.95,23.62,13.81,26.52
2025-01-30,30,1,0,Newcastle,1,0,165.0,13.5,36.0,1.0377,12.97,39.78,103.29,1,,,0.0,18.3,16.2,50,300,211.0,RT_NEWC_PARA,4917,Capesize,200000,300,47.5,18,0,,1,86.64,76.87,110.15,13.88,52.61,38.71,9.97,22.81,14.07,25.98
2025-01-30,30,1,1,Paradip,1,0,,,,,,,,0,0.5204,0.0,,18.7,16.5,46,300,,RT_NEWC_PARA,4917,Capesize,200000,300,47.5,18,0,,1,86.64,76.87,110.15,13.88,52.61,38.71,9.97,22.81,14.07,25.98
2025-01-31,31,1,0,Newcastle,1,0,165.0,13.5,36.0,1.0377,11.99,36.52,95.13,1,,,0.0,18.3,16.2,50,300,211.0,RT_NEWC_PARA,4917,Capesize,200000,300,47.5,18,0,,1,86.65,76.76,110.38,13.82,52.29,38.13,9.99,22.09,14.48,26.09
2025-01-31,31,1,1,Paradip,1,0,,,,,,,,0,0.5204,0.0,,18.7,16.5,46,300,,RT_NEWC_PARA,4917,Capesize,200000,300,47.5,18,0,,1,86.65,76.76,110.38,13.82,52.29,38.13,9.99,22.09,14.48,26.09
2025-02-01,32,2,0,Newcastle,1,0,165.0,13.5,36.0,1.0377,14.2,38.82,106.53,1,,,0.0,18.3,16.2,50,300,211.0,RT_NEWC_PARA,4917,Capesize,200000,300,47.5,18,0,,1,,,,,,,,,,
2025-02-01,32,2,1,Paradip,1,0,,,,,,,,0,0.5204,0.0,,18.7,16.5,46,300,,RT_NEWC_PARA,4917,Capesize,200000,300,47.5,18,0,,1,,,,,,,,,,
2025-02-02,33,2,0,Newcastle,1,0,165.0,13.5,36.0,1.0377,14.86,39.34,109.69,1,,,0.0,18.3,16.2,50,300,211.0,RT_NEWC_PARA,4917,Capesize,200000,300,47.5,18,0,,1,,,,,,,,,,
2025-02-02,33,2,1,Paradip,1,0,,,,,,,,0,0.5204,0.0,,18.7,16.5,46,300,,RT_NEWC_PARA,4917,Capesize,200000,300,47.5,18,0,,1,,,,,,,,,,
2025-02-03,34,2,0,Newcastle,1,0,165.0,13.5,36.0,1.0377,13.59,36.2,100.62,1,,,0.0,18.3,16.2,50,300,211.0,RT_NEWC_PARA,4917,Capesize,200000,300,47.5,18,0,,1,86.55,75.96,109.25,13.63,52.2,37.99,10.29,24.62,15.1,29.48
2025-02-03,34,2,1,Paradip,1,0,,,,,,,,0,0.5204,0.0,,18.7,16.5,46,300,,RT_NEWC_PARA,4917,Capesize,200000,300,47.5,18,0,,1,86.55,75.96,109.25,13.63,52.2,37.99,10.29,24.62,15.1,29.48
2025-02-04,35,2,0,Newcastle,1,0,165.0,13.5,36.0,1.0377,15.04,36.88,106.92,1,,,0.0,18.3,16.2,50,300,211.0,RT_NEWC_PARA,4917,Capesize,200000,300,47.5,18,0,,1,86.94,76.2,105.75,13.84,52.71,37.43,10.17,23.81,14.53,27.78
2025-02-04,35,2,1,Paradip,1,0,,,,,,,,0,0.5204,0.0,,18.7,16.5,46,300,,RT_NEWC_PARA,4917,Capesize,200000,300,47.5,18,0,,1,86.94,76.2,105.75,13.84,52.71,37.43,10.17,23.81,14.53,27.78
2025-02-05,36,2,0,Newcastle,1,0,165.0,13.5,36.0,1.0377,12.48,34.53,94.17,1,,,0.0,18.3,16.2,50,300,211.0,RT_NEWC_PARA,4917,Capesize,200000,300,47.5,18,0,,1,87.13,74.61,105.7,13.93,52.57,37.99,10.06,24.04,15.15,27.01
2025-02-05,36,2,1,Paradip,1,0,,,,,,,,0,0.5204,0.0,,18.7,16.5,46,300,,RT_NEWC_PARA,4917,Capesize,200000,300,47.5,18,0,,1,87.13,74.61,105.7,13.93,52.57,37.99,10.06,24.04,15.15,27.01
2025-02-06,37,2,0,Newcastle,1,0,165.0,13.5,36.0,1.0377,12.91,38.6,101.41,1,,,0.0,18.3,16.2,50,300,211.0,RT_NEWC_PARA,4917,Capesize,200000,300,47.5,18,0,,1,87.33,74.29,106.35,13.96,51.94,38.57,9.95,22.56,13.2,27.87
2025-02-06,37,2,1,Paradip,1,0,,,,,,,,0,0.5204,0.0,,18.7,16.5,46,300,,RT_NEWC_PARA,4917,Capesize,200000,300,47.5,18,0,,1,87.33,74.29,106.35,13.96,51.94,38.57,9.95,22.56,13.2,27.87
2025-02-07,38,2,0,Newcastle,1,0,165.0,13.5,36.0,1.0377,14.18,39.08,106.8,1,,,0.0,18.3,16.2,50,300,211.0,RT_NEWC_PARA,4917,Capesize,200000,300,47.5,18,0,,1,87.59,74.66,105.0,14.07,51.74,38.95,9.98,21.76,15.28,26.83
2025-02-07,38,2,1,Paradip,1,0,,,,,,,,0,0.5204,0.0,,18.7,16.5,46,300,,RT_NEWC_PARA,4917,Capesize,200000,300,47.5,18,0,,1,87.59,74.66,105.0,14.07,51.74,38.95,9.98,21.76,15.28,26.83
2025-02-08,39,2,0,Newcastle,1,0,165.0,13.5,36.0,1.0377,13.5,37.75,102.43,1,,,0.0,18.3,16.2,50,300,211.0,RT_NEWC_PARA,4917,Capesize,200000,300,47.5,18,0,,1,,,,,,,,,,
2025-02-08,39,2,1,Paradip,1,0,,,,,,,,0,0.5204,0.0,,18.7,16.5,46,300,,RT_NEWC_PARA,4917,Capesize,200000,300,47.5,18,0,,1,,,,,,,,,,
2025-02-09,40,2,0,Newcastle,1,0,165.0,13.5,36.0,1.0377,14.76,36.59,105.48,1,,,0.0,18.3,16.2,50,300,211.0,RT_NEWC_PARA,4917,Capesize,200000,300,47.5,18,0,,1,,,,,,,,,,
2025-02-09,40,2,1,Paradip,1,0,,,,,,,,0,0.5204,0.0,,18.7,16.5,46,300,,RT_NEWC_PARA,4917,Capesize,200000,300,47.5,18,0,,1,,,,,,,,,,
2025-02-10,41,2,0,Newcastle,1,0,165.0,13.5,36.0,1.0377,14.56,35.7,103.51,1,,,0.0,18.3,16.2,50,300,211.0,RT_NEWC_PARA,4917,Capesize,200000,300,47.5,18,0,,1,87.51,75.87,104.5,14.06,52.52,38.43,9.98,24.22,13.7,28.41
2025-02-10,41,2,1,Paradip,1,0,,,,,,,,0,0.5204,0.0,,18.7,16.5,46,300,,RT_NEWC_PARA,4917,Capesize,200000,300,47.5,18,0,,1,87.51,75.87,104.5,14.06,52.52,38.43,9.98,24.22,13.7,28.41
2025-02-11,42,2,0,Newcastle,1,0,165.0,13.5,36.0,1.0377,13.57,36.4,100.83,1,,,0.0,18.3,16.2,50,300,211.0,RT_NEWC_PARA,4917,Capesize,200000,300,47.5,18,0,,1,87.49,77.0,102.9,14.16,53.27,38.63,10.06,22.51,14.67,27.65
2025-02-11,42,2,1,Paradip,1,0,,,,,,,,0,0.5204,0.0,,18.7,16.5,46,300,,RT_NEWC_PARA,4917,Capesize,200000,300,47.5,18,0,,1,87.49,77.0,102.9,14.16,53.27,38.63,10.06,22.51,14.67,27.65
2025-02-12,43,2,0,Newcastle,1,0,165.0,13.5,36.0,1.0377,12.57,38.58,100.15,1,,,0.0,18.3,16.2,50,300,211.0,RT_NEWC_PARA,4917,Capesize,200000,300,47.5,18,0,,1,86.81,75.18,103.15,14.23,53.45,38.43,10.02,23.24,14.43,27.6
2025-02-12,43,2,1,Paradip,1,0,,,,,,,,0,0.5204,0.0,,18.7,16.5,46,300,,RT_NEWC_PARA,4917,Capesize,200000,300,47.5,18,0,,1,86.81,75.18,103.15,14.23,53.45,38.43,10.02,23.24,14.43,27.6
2025-02-13,44,2,0,Newcastle,1,0,165.0,13.5,36.0,1.0377,13.45,37.39,101.73,1,,,0.0,18.3,16.2,50,300,211.0,RT_NEWC_PARA,4917,Capesize,200000,300,47.5,18,0,,1,86.87,75.02,101.75,14.09,54.1,39.01,9.93,21.92,14.0,27.89
2025-02-13,44,2,1,Paradip,1,0,,,,,,,,0,0.5204,0.0,,18.7,16.5,46,300,,RT_NEWC_PARA,4917,Capesize,200000,300,47.5,18,0,,1,86.87,75.02,101.75,14.09,54.1,39.01,9.93,21.92,14.0,27.89
2025-02-14,45,2,0,Newcastle,1,0,165.0,13.5,36.0,1.0377,14.59,38.47,107.46,1,,,0.0,18.3,16.2,50,300,211.0,RT_NEWC_PARA,4917,Capesize,200000,300,47.5,18,0,,1,86.75,74.74,101.25,14.3,53.71,39.47,10.03,22.72,13.7,26.33
2025-02-14,45,2,1,Paradip,1,0,,,,,,,,0,0.5204,0.0,,18.7,16.5,46,300,,RT_NEWC_PARA,4917,Capesize,200000,300,47.5,18,0,,1,86.75,74.74,101.25,14.3,53.71,39.47,10.03,22.72,13.7,26.33
2025-02-15,46,2,0,Newcastle,1,0,165.0,13.5,36.0,1.0377,14.81,37.11,106.39,1,,,0.0,18.3,16.2,50,300,211.0,RT_NEWC_PARA,4917,Capesize,200000,300,47.5,18,0,,1,,,,,,,,,,
2025-02-15,46,2,1,Paradip,1,0,,,,,,,,0,0.5204,0.0,,18.7,16.5,46,300,,RT_NEWC_PARA,4917,Capesize,200000,300,47.5,18,0,,1,,,,,,,,,,
2025-02-16,47,2,0,Newcastle,1,0,165.0,13.5,36.0,1.0377,13.5,37.16,101.62,1,,,0.0,18.3,16.2,50,300,211.0,RT_NEWC_PARA,4917,Capesize,200000,300,47.5,18,0,,1,,,,,,,,,,
2025-02-16,47,2,1,Paradip,1,0,,,,,,,,0,0.5204,0.0,,18.7,16.5,46,300,,RT_NEWC_PARA,4917,Capesize,200000,300,47.5,18,0,,1,,,,,,,,,,
2025-02-17,48,2,0,Newcastle,1,0,165.0,13.5,36.0,1.0377,11.98,33.74,91.25,1,,,0.0,18.3,16.2,50,300,211.0,RT_NEWC_PARA,4917,Capesize,200000,300,47.5,18,0,,1,86.43,,,14.7,52.67,39.63,9.97,22.6,12.7,27.83
2025-02-17,48,2,1,Paradip,1,0,,,,,,,,0,0.5204,0.0,,18.7,16.5,46,300,,RT_NEWC_PARA,4917,Capesize,200000,300,47.5,18,0,,1,86.43,,,14.7,52.67,39.63,9.97,22.6,12.7,27.83
2025-02-18,49,2,0,Newcastle,1,0,165.0,13.5,36.0,1.0377,12.42,34.87,94.43,1,,,0.0,18.3,16.2,50,300,211.0,RT_NEWC_PARA,4917,Capesize,200000,300,47.5,18,0,,1,86.85,75.84,101.65,14.7,51.89,40.01,9.98,22.32,13.42,27.16
2025-02-18,49,2,1,Paradip,1,0,,,,,,,,0,0.5204,0.0,,18.7,16.5,46,300,,RT_NEWC_PARA,4917,Capesize,200000,300,47.5,18,0,,1,86.85,75.84,101.65,14.7,51.89,40.01,9.98,22.32,13.42,27.16
2025-02-19,50,2,0,Newcastle,1,0,165.0,13.5,36.0,1.0377,14.49,35.09,102.41,1,,,0.0,18.3,16.2,50,300,211.0,RT_NEWC_PARA,4917,Capesize,200000,300,47.5,18,0,,1,86.89,76.04,100.4,14.76,51.12,39.53,9.94,22.75,13.84,27.35
2025-02-19,50,2,1,Paradip,1,0,,,,,,,,0,0.5204,0.0,,18.7,16.5,46,300,,RT_NEWC_PARA,4917,Capesize,200000,300,47.5,18,0,,1,86.89,76.04,100.4,14.76,51.12,39.53,9.94,22.75,13.84,27.35
2025-02-20,51,2,0,Newcastle,1,0,165.0,13.5,36.0,1.0377,13.56,40.61,106.6,1,,,0.0,18.3,16.2,50,300,211.0,RT_NEWC_PARA,4917,Capesize,200000,300,47.5,18,0,,1,86.87,76.48,99.9,14.9,51.52,39.77,10.03,21.83,12.26,26.19
2025-02-20,51,2,1,Paradip,1,0,,,,,,,,0,0.5204,0.0,,18.7,16.5,46,300,,RT_NEWC_PARA,4917,Capesize,200000,300,47.5,18,0,,1,86.87,76.48,99.9,14.9,51.52,39.77,10.03,21.83,12.26,26.19
2025-02-21,52,2,0,Newcastle,1,0,165.0,13.5,36.0,1.0377,13.58,39.2,104.75,1,,,0.0,18.3,16.2,50,300,211.0,RT_NEWC_PARA,4917,Capesize,200000,300,47.5,18,0,,1,86.45,74.43,99.75,14.78,51.61,39.27,10.19,21.27,14.2,25.01
2025-02-21,52,2,1,Paradip,1,0,,,,,,,,0,0.5204,0.0,,18.7,16.5,46,300,,RT_NEWC_PARA,4917,Capesize,200000,300,47.5,18,0,,1,86.45,74.43,99.75,14.78,51.61,39.27,10.19,21.27,14.2,25.01
2025-02-22,53,2,0,Newcastle,1,0,165.0,13.5,36.0,1.0377,12.89,36.84,98.91,1,,,0.0,18.3,16.2,50,300,211.0,RT_NEWC_PARA,4917,Capesize,200000,300,47.5,18,0,,1,,,,,,,,,,
2025-02-22,53,2,1,Paradip,1,0,,,,,,,,0,0.5204,0.0,,18.7,16.5,46,300,,RT_NEWC_PARA,4917,Capesize,200000,300,47.5,18,0,,1,,,,,,,,,,
2025-02-23,54,2,0,Newcastle,1,0,165.0,13.5,36.0,1.0377,12.87,36.51,98.37,1,,,0.0,18.3,16.2,50,300,211.0,RT_NEWC_PARA,4917,Capesize,200000,300,47.5,18,0,,1,,,,,,,,,,
2025-02-23,54,2,1,Paradip,1,0,,,,,,,,0,0.5204,0.0,,18.7,16.5,46,300,,RT_NEWC_PARA,4917,Capesize,200000,300,47.5,18,0,,1,,,,,,,,,,
2025-02-24,55,2,0,Newcastle,1,0,165.0,13.5,36.0,1.0377,15.02,33.04,101.51,1,,,0.0,18.3,16.2,50,300,211.0,RT_NEWC_PARA,4917,Capesize,200000,300,47.5,18,0,,1,86.53,74.78,100.4,14.64,52.32,39.78,10.04,23.7,13.97,29.21
2025-02-24,55,2,1,Paradip,1,0,,,,,,,,0,0.5204,0.0,,18.7,16.5,46,300,,RT_NEWC_PARA,4917,Capesize,200000,300,47.5,18,0,,1,86.53,74.78,100.4,14.64,52.32,39.78,10.04,23.7,13.97,29.21
2025-02-25,56,2,0,Newcastle,1,0,165.0,13.5,36.0,1.0377,14.53,37.95,106.53,1,,,0.0,18.3,16.2,50,300,211.0,RT_NEWC_PARA,4917,Capesize,200000,300,47.5,18,0,,1,86.69,73.02,99.75,14.86,52.27,39.82,10.06,22.79,13.91,27.25
2025-02-25,56,2,1,Paradip,1,0,,,,,,,,0,0.5204,0.0,,18.7,16.5,46,300,,RT_NEWC_PARA,4917,Capesize,200000,300,47.5,18,0,,1,86.69,73.02,99.75,14.86,52.27,39.82,10.06,22.79,13.91,27.25
2025-02-26,57,2,0,Newcastle,1,0,165.0,13.5,36.0,1.0377,13.3,33.74,96.11,1,,,0.0,18.3,16.2,50,300,211.0,RT_NEWC_PARA,4917,Capesize,200000,300,47.5,18,0,,1,87.08,72.53,99.5,14.64,51.93,39.35,9.92,22.38,13.35,26.31
2025-02-26,57,2,1,Paradip,1,0,,,,,,,,0,0.5204,0.0,,18.7,16.5,46,300,,RT_NEWC_PARA,4917,Capesize,200000,300,47.5,18,0,,1,87.08,72.53,99.5,14.64,51.93,39.35,9.92,22.38,13.35,26.31
2025-02-27,58,2,0,Newcastle,1,0,165.0,13.5,36.0,1.0377,14.1,36.03,102.26,1,,,0.0,18.3,16.2,50,300,211.0,RT_NEWC_PARA,4917,Capesize,200000,300,47.5,18,0,,1,87.16,74.04,99.75,14.42,51.79,39.95,10.04,22.16,13.46,26.75
2025-02-27,58,2,1,Paradip,1,0,,,,,,,,0,0.5204,0.0,,18.7,16.5,46,300,,RT_NEWC_PARA,4917,Capesize,200000,300,47.5,18,0,,1,87.16,74.04,99.75,14.42,51.79,39.95,10.04,22.16,13.46,26.75
2025-02-28,59,2,0,Newcastle,1,0,165.0,13.5,36.0,1.0377,14.29,37.41,104.88,1,,,0.0,18.3,16.2,50,300,211.0,RT_NEWC_PARA,4917,Capesize,200000,300,47.5,18,0,,1,87.33,73.18,99.43,14.64,51.14,40.55,10.08,22.47,12.89,26.88
2025-02-28,59,2,1,Paradip,1,0,,,,,,,,0,0.5204,0.0,,18.7,16.5,46,300,,RT_NEWC_PARA,4917,Capesize,200000,300,47.5,18,0,,1,87.33,73.18,99.43,14.64,51.14,40.55,10.08,22.47,12.89,26.88
2025-03-01,60,3,0,Newcastle,0,0,155.0,13.5,36.0,0.9748,15.08,34.5,103.77,1,,,0.0,18.3,16.2,50,300,211.0,RT_NEWC_PARA,4917,Capesize,200000,300,47.5,18,0,,1,,,,,,,,,,
2025-03-01,60,3,1,Paradip,1,0,,,,,,,,0,0.5204,0.0,,18.7,16.5,46,300,,RT_NEWC_PARA,4917,Capesize,200000,300,47.5,18,0,,1,,,,,,,,,,
2025-03-02,61,3,0,Newcastle,0,0,155.0,13.5,36.0,0.9748,11.93,35.54,93.56,1,,,0.0,18.3,16.2,50,300,211.0,RT_NEWC_PARA,4917,Capesize,200000,300,47.5,18,0,,1,,,,,,,,,,
2025-03-02,61,3,1,Paradip,1,0,,,,,,,,0,0.5204,0.0,,18.7,16.5,46,300,,RT_NEWC_PARA,4917,Capesize,200000,300,47.5,18,0,,1,,,,,,,,,,
2025-03-03,62,3,0,Newcastle,0,0,155.0,13.5,36.0,0.9748,13.42,38.49,103.18,1,,,0.0,18.3,16.2,50,300,211.0,RT_NEWC_PARA,4917,Capesize,200000,300,47.5,18,0,,1,87.46,71.62,96.6,14.7,51.58,41.66,10.34,23.01,13.65,27.28
2025-03-03,62,3,1,Paradip,1,0,,,,,,,,0,0.5204,0.0,,18.7,16.5,46,300,,RT_NEWC_PARA,4917,Capesize,200000,300,47.5,18,0,,1,87.46,71.62,96.6,14.7,51.58,41.66,10.34,23.01,13.65,27.28
2025-03-04,63,3,0,Newcastle,0,0,155.0,13.5,36.0,0.9748,14.16,35.99,102.44,1,,,0.0,18.3,16.2,50,300,211.0,RT_NEWC_PARA,4917,Capesize,200000,300,47.5,18,0,,1,87.33,71.04,96.0,14.92,52.36,42.11,10.19,22.74,13.68,27.02
2025-03-04,63,3,1,Paradip,1,0,,,,,,,,0,0.5204,0.0,,18.7,16.5,46,300,,RT_NEWC_PARA,4917,Capesize,200000,300,47.5,18,0,,1,87.33,71.04,96.0,14.92,52.36,42.11,10.19,22.74,13.68,27.02
2025-03-05,64,3,0,Newcastle,0,0,155.0,13.5,36.0,0.9748,14.92,32.12,99.86,1,,,0.0,18.3,16.2,50,300,211.0,RT_NEWC_PARA,4917,Capesize,200000,300,47.5,18,0,,1,87.22,69.3,96.9,14.91,52.44,42.75,10.34,23.27,13.39,26.22
2025-03-05,64,3,1,Paradip,1,0,,,,,,,,0,0.5204,0.0,,18.7,16.5,46,300,,RT_NEWC_PARA,4917,Capesize,200000,300,47.5,18,0,,1,87.22,69.3,96.9,14.91,52.44,42.75,10.34,23.27,13.39,26.22
2025-03-06,65,3,0,Newcastle,0,0,155.0,13.5,36.0,0.9748,12.39,32.78,91.42,1,,,0.0,18.3,16.2,50,300,211.0,RT_NEWC_PARA,4917,Capesize,200000,300,47.5,18,0,,1,86.89,69.46,96.7,15.14,52.61,42.75,10.46,22.22,13.43,24.47
2025-03-06,65,3,1,Paradip,1,0,,,,,,,,0,0.5204,0.0,,18.7,16.5,46,300,,RT_NEWC_PARA,4917,Capesize,200000,300,47.5,18,0,,1,86.89,69.46,96.7,15.14,52.61,42.75,10.46,22.22,13.43,24.47
2025-03-07,66,3,0,Newcastle,0,0,155.0,13.5,36.0,0.9748,12.69,31.65,90.97,1,,,0.0,18.3,16.2,50,300,211.0,RT_NEWC_PARA,4917,Capesize,200000,300,47.5,18,0,,1,87.13,70.36,97.5,14.91,51.82,42.79,10.62,21.18,13.23,25.48
2025-03-07,66,3,1,Paradip,1,0,,,,,,,,0,0.5204,0.0,,18.7,16.5,46,300,,RT_NEWC_PARA,4917,Capesize,200000,300,47.5,18,0,,1,87.13,70.36,97.5,14.91,51.82,42.79,10.62,21.18,13.23,25.48
2025-03-08,67,3,0,Newcastle,0,0,155.0,13.5,36.0,0.9748,13.92,34.54,99.54,1,,,0.0,18.3,16.2,50,300,211.0,RT_NEWC_PARA,4917,Capesize,200000,300,47.5,18,0,,1,,,,,,,,,,
2025-03-08,67,3,1,Paradip,1,0,,,,,,,,0,0.5204,0.0,,18.7,16.5,46,300,,RT_NEWC_PARA,4917,Capesize,200000,300,47.5,18,0,,1,,,,,,,,,,
2025-03-09,68,3,0,Newcastle,0,0,155.0,13.5,36.0,0.9748,11.4,32.56,87.42,1,,,0.0,18.3,16.2,50,300,211.0,RT_NEWC_PARA,4917,Capesize,200000,300,47.5,18,0,,1,,,,,,,,,,
2025-03-09,68,3,1,Paradip,1,0,,,,,,,,0,0.5204,0.0,,18.7,16.5,46,300,,RT_NEWC_PARA,4917,Capesize,200000,300,47.5,18,0,,1,,,,,,,,,,
2025-03-10,69,3,0,Newcastle,0,0,155.0,13.5,36.0,0.9748,13.54,37.19,101.79,1,,,0.0,18.3,16.2,50,300,211.0,RT_NEWC_PARA,4917,Capesize,200000,300,47.5,18,0,,1,87.07,69.28,100.0,15.42,51.68,43.3,10.6,23.51,13.9,27.39
2025-03-10,69,3,1,Paradip,1,0,,,,,,,,0,0.5204,0.0,,18.7,16.5,46,300,,RT_NEWC_PARA,4917,Capesize,200000,300,47.5,18,0,,1,87.07,69.28,100.0,15.42,51.68,43.3,10.6,23.51,13.9,27.39
2025-03-11,70,3,0,Newcastle,0,0,155.0,13.5,36.0,0.9748,15.56,42.38,116.48,1,,,0.0,18.3,16.2,50,300,211.0,RT_NEWC_PARA,4917,Capesize,200000,300,47.5,18,0,,1,87.36,69.56,99.1,15.38,51.23,42.65,10.52,22.34,14.04,26.53
2025-03-11,70,3,1,Paradip,1,0,,,,,,,,0,0.5204,0.0,,18.7,16.5,46,300,,RT_NEWC_PARA,4917,Capesize,200000,300,47.5,18,0,,1,87.36,69.56,99.1,15.38,51.23,42.65,10.52,22.34,14.04,26.53
2025-03-12,71,3,0,Newcastle,0,0,155.0,13.5,36.0,0.9748,13.66,32.62,95.89,1,,,0.0,18.3,16.2,50,300,211.0,RT_NEWC_PARA,4917,Capesize,200000,300,47.5,18,0,,1,87.2,70.95,97.9,15.33,52.01,42.55,10.37,21.99,13.38,26.1
2025-03-12,71,3,1,Paradip,1,0,,,,,,,,0,0.5204,0.0,,18.7,16.5,46,300,,RT_NEWC_PARA,4917,Capesize,200000,300,47.5,18,0,,1,87.2,70.95,97.9,15.33,52.01,42.55,10.37,21.99,13.38,26.1
2025-03-13,72,3,0,Newcastle,0,0,155.0,13.5,36.0,0.9748,10.6,35.76,88.94,1,,,0.0,18.3,16.2,50,300,211.0,RT_NEWC_PARA,4917,Capesize,200000,300,47.5,18,0,,1,87.34,69.88,97.9,15.41,52.51,41.92,10.25,22.68,12.6,24.96
2025-03-13,72,3,1,Paradip,1,0,,,,,,,,0,0.5204,0.0,,18.7,16.5,46,300,,RT_NEWC_PARA,4917,Capesize,200000,300,47.5,18,0,,1,87.34,69.88,97.9,15.41,52.51,41.92,10.25,22.68,12.6,24.96
2025-03-14,73,3,0,Newcastle,0,0,155.0,13.5,36.0,0.9748,12.18,34.06,92.43,1,,,0.0,18.3,16.2,50,300,211.0,RT_NEWC_PARA,4917,Capesize,200000,300,47.5,18,0,,1,86.92,70.58,97.85,15.56,51.89,41.34,10.31,20.88,13.14,24.74
2025-03-14,73,3,1,Paradip,1,0,,,,,,,,0,0.5204,0.0,,18.7,16.5,46,300,,RT_NEWC_PARA,4917,Capesize,200000,300,47.5,18,0,,1,86.92,70.58,97.85,15.56,51.89,41.34,10.31,20.88,13.14,24.74
2025-03-15,74,3,0,Newcastle,0,0,155.0,13.5,36.0,0.9748,12.43,34.74,94.27,1,,,0.0,18.3,16.2,50,300,211.0,RT_NEWC_PARA,4917,Capesize,200000,300,47.5,18,0,,1,,,,,,,,,,
2025-03-15,74,3,1,Paradip,1,0,,,,,,,,0,0.5204,0.0,,18.7,16.5,46,300,,RT_NEWC_PARA,4917,Capesize,200000,300,47.5,18,0,,1,,,,,,,,,,
2025-03-16,75,3,0,Newcastle,0,0,155.0,13.5,36.0,0.9748,14.44,35.49,102.77,1,,,0.0,18.3,16.2,50,300,211.0,RT_NEWC_PARA,4917,Capesize,200000,300,47.5,18,0,,1,,,,,,,,,,
2025-03-16,75,3,1,Paradip,1,0,,,,,,,,0,0.5204,0.0,,18.7,16.5,46,300,,RT_NEWC_PARA,4917,Capesize,200000,300,47.5,18,0,,1,,,,,,,,,,
2025-03-17,76,3,0,Newcastle,0,0,155.0,13.5,36.0,0.9748,12.97,32.51,93.18,1,,,0.0,18.3,16.2,50,300,211.0,RT_NEWC_PARA,4917,Capesize,200000,300,47.5,18,0,,1,86.94,71.07,97.25,15.68,51.92,40.99,10.18,22.14,13.53,24.45
2025-03-17,76,3,1,Paradip,1,0,,,,,,,,0,0.5204,0.0,,18.7,16.5,46,300,,RT_NEWC_PARA,4917,Capesize,200000,300,47.5,18,0,,1,86.94,71.07,97.25,15.68,51.92,40.99,10.18,22.14,13.53,24.45
2025-03-18,77,3,0,Newcastle,0,0,155.0,13.5,36.0,0.9748,11.15,33.88,88.35,1,,,0.0,18.3,16.2,50,300,211.0,RT_NEWC_PARA,4917,Capesize,200000,300,47.5,18,0,,1,86.92,70.56,96.9,15.64,52.28,41.59,10.02,22.4,12.81,27.19
2025-03-18,77,3,1,Paradip,1,0,,,,,,,,0,0.5204,0.0,,18.7,16.5,46,300,,RT_NEWC_PARA,4917,Capesize,200000,300,47.5,18,0,,1,86.92,70.56,96.9,15.64,52.28,41.59,10.02,22.4,12.81,27.19
2025-03-19,78,3,0,Newcastle,0,0,155.0,13.5,36.0,0.9748,13.1,39.51,103.38,1,,,0.0,18.3,16.2,50,300,211.0,RT_NEWC_PARA,4917,Capesize,200000,300,47.5,18,0,,1,86.58,70.78,98.3,15.46,52.06,41.89,10.05,22.08,12.99,27.32
2025-03-19,78,3,1,Paradip,1,0,,,,,,,,0,0.5204,0.0,,18.7,16.5,46,300,,RT_NEWC_PARA,4917,Capesize,200000,300,47.5,18,0,,1,86.58,70.78,98.3,15.46,52.06,41.89,10.05,22.08,12.99,27.32
2025-03-20,79,3,0,Newcastle,0,0,155.0,13.5,36.0,0.9748,13.32,37.55,101.48,1,,,0.0,18.3,16.2,50,300,211.0,RT_NEWC_PARA,4917,Capesize,200000,300,47.5,18,0,,1,86.34,72.0,97.75,15.39,52.54,42.27,10.09,22.01,12.94,24.81
2025-03-20,79,3,1,Paradip,1,0,,,,,,,,0,0.5204,0.0,,18.7,16.5,46,300,,RT_NEWC_PARA,4917,Capesize,200000,300,47.5,18,0,,1,86.34,72.0,97.75,15.39,52.54,42.27,10.09,22.01,12.94,24.81
2025-03-21,80,3,0,Newcastle,0,0,155.0,13.5,36.0,0.9748,12.56,32.13,91.15,1,,,0.0,18.3,16.2,50,300,211.0,RT_NEWC_PARA,4917,Capesize,200000,300,47.5,18,0,,1,86.34,72.16,97.9,15.58,53.34,42.66,9.97,22.45,13.61,25.55
2025-03-21,80,3,1,Paradip,1,0,,,,,,,,0,0.5204,0.0,,18.7,16.5,46,300,,RT_NEWC_PARA,4917,Capesize,200000,300,47.5,18,0,,1,86.34,72.16,97.9,15.58,53.34,42.66,9.97,22.45,13.61,25.55
2025-03-22,81,3,0,Newcastle,0,0,155.0,13.5,36.0,0.9748,12.0,33.28,90.68,1,,,0.0,18.3,16.2,50,300,211.0,RT_NEWC_PARA,4917,Capesize,200000,300,47.5,18,0,,1,,,,,,,,,,
2025-03-22,81,3,1,Paradip,1,0,,,,,,,,0,0.5204,0.0,,18.7,16.5,46,300,,RT_NEWC_PARA,4917,Capesize,200000,300,47.5,18,0,,1,,,,,,,,,,
2025-03-23,82,3,0,Newcastle,0,0,155.0,13.5,36.0,0.9748,15.71,33.04,104.09,1,,,0.0,18.3,16.2,50,300,211.0,RT_NEWC_PARA,4917,Capesize,200000,300,47.5,18,0,,1,,,,,,,,,,
2025-03-23,82,3,1,Paradip,1,0,,,,,,,,0,0.5204,0.0,,18.7,16.5,46,300,,RT_NEWC_PARA,4917,Capesize,200000,300,47.5,18,0,,1,,,,,,,,,,
2025-03-24,83,3,0,Newcastle,0,0,155.0,13.5,36.0,0.9748,14.17,32.84,98.08,1,,,0.0,18.3,16.2,50,300,211.0,RT_NEWC_PARA,4917,Capesize,200000,300,47.5,18,0,,1,85.99,73.0,97.65,15.88,54.67,41.41,10.2,21.3,13.57,24.46
2025-03-24,83,3,1,Paradip,1,0,,,,,,,,0,0.5204,0.0,,18.7,16.5,46,300,,RT_NEWC_PARA,4917,Capesize,200000,300,47.5,18,0,,1,85.99,73.0,97.65,15.88,54.67,41.41,10.2,21.3,13.57,24.46
2025-03-25,84,3,0,Newcastle,0,0,155.0,13.5,36.0,0.9748,14.28,36.06,102.96,1,,,0.0,18.3,16.2,50,300,211.0,RT_NEWC_PARA,4917,Capesize,200000,300,47.5,18,0,,1,85.53,73.02,97.4,15.89,54.72,41.71,10.05,22.61,13.5,26.44
2025-03-25,84,3,1,Paradip,1,0,,,,,,,,0,0.5204,0.0,,18.7,16.5,46,300,,RT_NEWC_PARA,4917,Capesize,200000,300,47.5,18,0,,1,85.53,73.02,97.4,15.89,54.72,41.71,10.05,22.61,13.5,26.44
2025-03-26,85,3,0,Newcastle,0,0,155.0,13.5,36.0,0.9748,12.97,34.99,96.65,1,,,0.0,18.3,16.2,50,300,211.0,RT_NEWC_PARA,4917,Capesize,200000,300,47.5,18,0,,1,85.59,73.79,98.0,15.91,55.28,41.08,10.04,21.79,13.36,25.61
2025-03-26,85,3,1,Paradip,1,0,,,,,,,,0,0.5204,0.0,,18.7,16.5,46,300,,RT_NEWC_PARA,4917,Capesize,200000,300,47.5,18,0,,1,85.59,73.79,98.0,15.91,55.28,41.08,10.04,21.79,13.36,25.61
2025-03-27,86,3,0,Newcastle,0,0,155.0,13.5,36.0,0.9748,12.37,36.21,96.12,1,,,0.0,18.3,16.2,50,300,211.0,RT_NEWC_PARA,4917,Capesize,200000,300,47.5,18,0,,1,86.1,74.03,97.85,15.79,54.86,40.98,10.19,21.19,12.07,24.16
2025-03-27,86,3,1,Paradip,1,0,,,,,,,,0,0.5204,0.0,,18.7,16.5,46,300,,RT_NEWC_PARA,4917,Capesize,200000,300,47.5,18,0,,1,86.1,74.03,97.85,15.79,54.86,40.98,10.19,21.19,12.07,24.16
2025-03-28,87,3,0,Newcastle,0,0,155.0,13.5,36.0,0.9748,12.61,32.03,91.21,1,,,0.0,18.3,16.2,50,300,211.0,RT_NEWC_PARA,4917,Capesize,200000,300,47.5,18,0,,1,85.69,73.63,97.44,15.78,54.87,41.3,10.16,21.24,12.23,25.41
2025-03-28,87,3,1,Paradip,1,0,,,,,,,,0,0.5204,0.0,,18.7,16.5,46,300,,RT_NEWC_PARA,4917,Capesize,200000,300,47.5,18,0,,1,85.69,73.63,97.44,15.78,54.87,41.3,10.16,21.24,12.23,25.41
2025-03-29,88,3,0,Newcastle,0,0,155.0,13.5,36.0,0.9748,11.63,35.53,92.4,1,,,0.0,18.3,16.2,50,300,211.0,RT_NEWC_PARA,4917,Capesize,200000,300,47.5,18,0,,1,,,,,,,,,,
2025-03-29,88,3,1,Paradip,1,0,,,,,,,,0,0.5204,0.0,,18.7,16.5,46,300,,RT_NEWC_PARA,4917,Capesize,200000,300,47.5,18,0,,1,,,,,,,,,,
2025-03-30,89,3,0,Newcastle,0,0,155.0,13.5,36.0,0.9748,15.06,35.49,105.06,1,,,0.0,18.3,16.2,50,300,211.0,RT_NEWC_PARA,4917,Capesize,200000,300,47.5,18,0,,1,,,,,,,,,,
2025-03-30,89,3,1,Paradip,1,0,,,,,,,,0,0.5204,0.0,,18.7,16.5,46,300,,RT_NEWC_PARA,4917,Capesize,200000,300,47.5,18,0,,1,,,,,,,,,,
2025-03-31,90,3,0,Newcastle,0,0,155.0,13.5,36.0,0.9748,13.02,35.81,97.95,1,,,0.0,18.3,16.2,50,300,211.0,RT_NEWC_PARA,4917,Capesize,200000,300,47.5,18,0,,1,85.54,74.74,103.9,15.87,56.16,41.54,10.39,21.79,12.72,25.84
2025-03-31,90,3,1,Paradip,1,0,,,,,,,,0,0.5204,0.0,,18.7,16.5,46,300,,RT_NEWC_PARA,4917,Capesize,200000,300,47.5,18,0,,1,85.54,74.74,103.9,15.87,56.16,41.54,10.39,21.79,12.72,25.84
2025-04-01,91,4,0,Newcastle,0,0,155.0,13.5,36.0,0.9748,14.73,35.64,104.05,1,,,0.0,18.3,16.2,50,300,211.0,RT_NEWC_PARA,4917,Capesize,200000,300,47.5,18,0,,1,85.47,74.49,105.75,15.69,56.08,41.76,10.51,22.7,12.86,26.11
2025-04-01,91,4,1,Paradip,0,1,,,,,,,,0,0.5204,6.98,,18.7,16.5,46,300,,RT_NEWC_PARA,4917,Capesize,200000,300,47.5,18,0,,1,85.47,74.49,105.75,15.69,56.08,41.76,10.51,22.7,12.86,26.11
2025-04-02,92,4,0,Newcastle,0,0,155.0,13.5,36.0,0.9748,14.49,36.17,103.89,1,,,0.0,18.3,16.2,50,300,211.0,RT_NEWC_PARA,4917,Capesize,200000,300,47.5,18,0,,1,85.61,74.95,103.3,15.61,56.93,42.17,10.47,22.27,12.74,25.92
2025-04-02,92,4,1,Paradip,0,1,,,,,,,,0,0.5204,7.24,,18.7,16.5,46,300,,RT_NEWC_PARA,4917,Capesize,200000,300,47.5,18,0,,1,85.61,74.95,103.3,15.61,56.93,42.17,10.47,22.27,12.74,25.92
2025-04-03,93,4,0,Newcastle,0,0,155.0,13.5,36.0,0.9748,13.38,32.03,94.05,1,,,0.0,18.3,16.2,50,300,211.0,RT_NEWC_PARA,4917,Capesize,200000,300,47.5,18,0,,1,85.65,70.14,100.75,15.62,57.79,41.97,10.56,22.02,11.67,26.5
2025-04-03,93,4,1,Paradip,0,1,,,,,,,,0,0.5204,5.72,,18.7,16.5,46,300,,RT_NEWC_PARA,4917,Capesize,200000,300,47.5,18,0,,1,85.65,70.14,100.75,15.62,57.79,41.97,10.56,22.02,11.67,26.5
2025-04-04,94,4,0,Newcastle,0,0,155.0,13.5,36.0,0.9748,15.14,39.4,110.81,1,,,0.0,18.3,16.2,50,300,211.0,RT_NEWC_PARA,4917,Capesize,200000,300,47.5,18,0,,1,85.28,65.58,99.9,15.85,58.43,42.06,10.72,22.55,12.37,26.21
2025-04-04,94,4,1,Paradip,0,1,,,,,,,,0,0.5204,5.46,,18.7,16.5,46,300,,RT_NEWC_PARA,4917,Capesize,200000,300,47.5,18,0,,1,85.28,65.58,99.9,15.85,58.43,42.06,10.72,22.55,12.37,26.21
2025-04-05,95,4,0,Newcastle,0,0,155.0,13.5,36.0,0.9748,12.7,38.75,100.86,1,,,0.0,18.3,16.2,50,300,211.0,RT_NEWC_PARA,4917,Capesize,200000,300,47.5,18,0,,1,,,,,,,,,,
2025-04-05,95,4,1,Paradip,0,1,,,,,,,,0,0.5204,7.62,,18.7,16.5,46,300,,RT_NEWC_PARA,4917,Capesize,200000,300,47.5,18,0,,1,,,,,,,,,,
2025-04-06,96,4,0,Newcastle,0,0,155.0,13.5,36.0,0.9748,14.85,32.86,100.62,1,,,0.0,18.3,16.2,50,300,211.0,RT_NEWC_PARA,4917,Capesize,200000,300,47.5,18,0,,1,,,,,,,,,,
2025-04-06,96,4,1,Paradip,0,1,,,,,,,,0,0.5204,7.33,,18.7,16.5,46,300,,RT_NEWC_PARA,4917,Capesize,200000,300,47.5,18,0,,1,,,,,,,,,,
2025-04-07,97,4,0,Newcastle,0,0,155.0,13.5,36.0,0.9748,12.69,35.08,95.71,1,,,0.0,18.3,16.2,50,300,211.0,RT_NEWC_PARA,4917,Capesize,200000,300,47.5,18,0,,1,85.53,64.21,101.9,15.58,56.98,41.67,10.82,22.3,12.25,25.89
2025-04-07,97,4,1,Paradip,0,1,,,,,,,,0,0.5204,5.43,,18.7,16.5,46,300,,RT_NEWC_PARA,4917,Capesize,200000,300,47.5,18,0,,1,85.53,64.21,101.9,15.58,56.98,41.67,10.82,22.3,12.25,25.89
2025-04-08,98,4,0,Newcastle,0,0,155.0,13.5,36.0,0.9748,13.57,38.61,103.87,1,,,0.0,18.3,16.2,50,300,211.0,RT_NEWC_PARA,4917,Capesize,200000,300,47.5,18,0,,1,86.03,62.82,103.0,15.35,57.69,41.05,10.98,21.71,13.2,27.39
2025-04-08,98,4,1,Paradip,0,1,,,,,,,,0,0.5204,5.4,,18.7,16.5,46,300,,RT_NEWC_PARA,4917,Capesize,200000,300,47.5,18,0,,1,86.03,62.82,103.0,15.35,57.69,41.05,10.98,21.71,13.2,27.39
2025-04-09,99,4,0,Newcastle,0,0,155.0,13.5,36.0,0.9748,13.93,29.97,93.23,1,,,0.0,18.3,16.2,50,300,211.0,RT_NEWC_PARA,4917,Capesize,200000,300,47.5,18,0,,1,86.44,65.48,101.65,15.2,56.83,40.86,11.15,21.6,12.42,26.11
2025-04-09,99,4,1,Paradip,0,1,,,,,,,,0,0.5204,6.52,,18.7,16.5,46,300,,RT_NEWC_PARA,4917,Capesize,200000,300,47.5,18,0,,1,86.44,65.48,101.65,15.2,56.83,40.86,11.15,21.6,12.42,26.11
2025-04-10,100,4,0,Newcastle,0,0,155.0,13.5,36.0,0.9748,12.15,32.05,89.5,1,,,0.0,18.3,16.2,50,300,211.0,RT_NEWC_PARA,4917,Capesize,200000,300,47.5,18,0,,1,86.21,63.33,102.5,15.08,57.34,40.64,11.1,21.56,13.05,26.18
2025-04-10,100,4,1,Paradip,0,1,,,,,,,,0,0.5204,5.6,,18.7,16.5,46,300,,RT_NEWC_PARA,4917,Capesize,200000,300,47.5,18,0,,1,86.21,63.33,102.5,15.08,57.34,40.64,11.1,21.56,13.05,26.18
2025-04-11,101,4,0,Newcastle,0,0,155.0,13.5,36.0,0.9748,12.76,37.38,99.18,1,,,0.0,18.3,16.2,50,300,211.0,RT_NEWC_PARA,4917,Capesize,200000,300,47.5,18,0,,1,86.26,64.76,102.75,14.93,56.54,40.22,11.06,21.32,10.74,24.65
2025-04-11,101,4,1,Paradip,0,1,,,,,,,,0,0.5204,7.22,,18.7,16.5,46,300,,RT_NEWC_PARA,4917,Capesize,200000,300,47.5,18,0,,1,86.26,64.76,102.75,14.93,56.54,40.22,11.06,21.32,10.74,24.65
2025-04-12,102,4,0,Newcastle,0,0,155.0,13.5,36.0,0.9748,13.2,33.88,95.94,1,,,0.0,18.3,16.2,50,300,211.0,RT_NEWC_PARA,4917,Capesize,200000,300,47.5,18,0,,1,,,,,,,,,,
2025-04-12,102,4,1,Paradip,0,1,,,,,,,,0,0.5204,5.9,,18.7,16.5,46,300,,RT_NEWC_PARA,4917,Capesize,200000,300,47.5,18,0,,1,,,,,,,,,,
2025-04-13,103,4,0,Newcastle,0,0,155.0,13.5,36.0,0.9748,14.36,36.44,103.81,1,,,0.0,18.3,16.2,50,300,211.0,RT_NEWC_PARA,4917,Capesize,200000,300,47.5,18,0,,1,,,,,,,,,,
2025-04-13,103,4,1,Paradip,0,1,,,,,,,,0,0.5204,7.87,,18.7,16.5,46,300,,RT_NEWC_PARA,4917,Capesize,200000,300,47.5,18,0,,1,,,,,,,,,,
2025-04-14,104,4,0,Newcastle,0,0,155.0,13.5,36.0,0.9748,12.97,33.35,94.38,1,,,0.0,18.3,16.2,50,300,211.0,RT_NEWC_PARA,4917,Capesize,200000,300,47.5,18,0,,1,86.19,64.88,103.8,14.84,58.03,40.01,10.8,21.96,12.48,26.83
2025-04-14,104,4,1,Paradip,0,1,,,,,,,,0,0.5204,5.07,,18.7,16.5,46,300,,RT_NEWC_PARA,4917,Capesize,200000,300,47.5,18,0,,1,86.19,64.88,103.8,14.84,58.03,40.01,10.8,21.96,12.48,26.83
2025-04-15,105,4,0,Newcastle,0,0,155.0,13.5,36.0,0.9748,13.45,35.54,99.18,1,,,0.0,18.3,16.2,50,300,211.0,RT_NEWC_PARA,4917,Capesize,200000,300,47.5,18,0,,1,86.04,64.67,104.25,14.92,58.9,40.61,10.74,23.35,13.41,26.71
2025-04-15,105,4,1,Paradip,0,1,,,,,,,,0,0.5204,5.32,,18.7,16.5,46,300,,RT_NEWC_PARA,4917,Capesize,200000,300,47.5,18,0,,1,86.04,64.67,104.25,14.92,58.9,40.61,10.74,23.35,13.41,26.71
2025-04-16,106,4,0,Newcastle,0,0,155.0,13.5,36.0,0.9748,13.27,35.66,98.68,1,,,0.0,18.3,16.2,50,300,211.0,RT_NEWC_PARA,4917,Capesize,200000,300,47.5,18,0,,1,85.73,65.85,103.35,15.14,59.79,41.13,10.83,22.94,11.47,26.5
2025-04-16,106,4,1,Paradip,0,1,,,,,,,,0,0.5204,7.9,,18.7,16.5,46,300,,RT_NEWC_PARA,4917,Capesize,200000,300,47.5,18,0,,1,85.73,65.85,103.35,15.14,59.79,41.13,10.83,22.94,11.47,26.5
2025-04-17,107,4,0,Newcastle,0,0,155.0,13.5,36.0,0.9748,15.41,32.96,102.86,1,,,0.0,18.3,16.2,50,300,211.0,RT_NEWC_PARA,4917,Capesize,200000,300,47.5,18,0,,1,85.62,67.96,103.0,15.37,60.69,41.76,10.88,20.94,12.09,25.74
2025-04-17,107,4,1,Paradip,0,1,,,,,,,,0,0.5204,7.41,,18.7,16.5,46,300,,RT_NEWC_PARA,4917,Capesize,200000,300,47.5,18,0,,1,85.62,67.96,103.0,15.37,60.69,41.76,10.88,20.94,12.09,25.74
2025-04-18,108,4,0,Newcastle,0,0,155.0,13.5,36.0,0.9748,11.4,33.62,88.93,1,,,0.0,18.3,16.2,50,300,211.0,RT_NEWC_PARA,4917,Capesize,200000,300,47.5,18,0,,1,,,,,,,,,,
2025-04-18,108,4,1,Paradip,0,1,,,,,,,,0,0.5204,5.05,,18.7,16.5,46,300,,RT_NEWC_PARA,4917,Capesize,200000,300,47.5,18,0,,1,,,,,,,,,,
2025-04-19,109,4,0,Newcastle,0,0,155.0,13.5,36.0,0.9748,14.61,33.27,100.31,1,,,0.0,18.3,16.2,50,300,211.0,RT_NEWC_PARA,4917,Capesize,200000,300,47.5,18,0,,1,,,,,,,,,,
2025-04-19,109,4,1,Paradip,0,1,,,,,,,,0,0.5204,7.39,,18.7,16.5,46,300,,RT_NEWC_PARA,4917,Capesize,200000,300,47.5,18,0,,1,,,,,,,,,,
2025-04-20,110,4,0,Newcastle,0,0,155.0,13.5,36.0,0.9748,10.58,34.69,87.38,1,,,0.0,18.3,16.2,50,300,211.0,RT_NEWC_PARA,4917,Capesize,200000,300,47.5,18,0,,1,,,,,,,,,,
2025-04-20,110,4,1,Paradip,0,1,,,,,,,,0,0.5204,6.82,,18.7,16.5,46,300,,RT_NEWC_PARA,4917,Capesize,200000,300,47.5,18,0,,1,,,,,,,,,,
2025-04-21,111,4,0,Newcastle,0,0,155.0,13.5,36.0,0.9748,12.53,32.9,92.09,1,,,0.0,18.3,16.2,50,300,211.0,RT_NEWC_PARA,4917,Capesize,200000,300,47.5,18,0,,1,,66.26,103.0,15.25,58.21,41.1,10.61,22.17,12.57,24.64
2025-04-21,111,4,1,Paradip,0,1,,,,,,,,0,0.5204,6.96,,18.7,16.5,46,300,,RT_NEWC_PARA,4917,Capesize,200000,300,47.5,18,0,,1,,66.26,103.0,15.25,58.21,41.1,10.61,22.17,12.57,24.64
2025-04-22,112,4,0,Newcastle,0,0,155.0,13.5,36.0,0.9748,11.05,31.43,84.58,1,,,0.0,18.3,16.2,50,300,211.0,RT_NEWC_PARA,4917,Capesize,200000,300,47.5,18,0,,1,85.16,67.44,102.15,15.18,57.4,41.0,10.46,22.75,12.13,25.87
2025-04-22,112,4,1,Paradip,0,1,,,,,,,,0,0.5204,5.74,,18.7,16.5,46,300,,RT_NEWC_PARA,4917,Capesize,200000,300,47.5,18,0,,1,85.16,67.44,102.15,15.18,57.4,41.0,10.46,22.75,12.13,25.87
2025-04-23,113,4,0,Newcastle,0,0,155.0,13.5,36.0,0.9748,11.62,32.35,87.95,1,,,0.0,18.3,16.2,50,300,211.0,RT_NEWC_PARA,4917,Capesize,200000,300,47.5,18,0,,1,85.23,66.12,103.0,15.2,57.45,40.67,10.38,21.36,11.88,25.31
2025-04-23,113,4,1,Paradip,0,1,,,,,,,,0,0.5204,7.45,,18.7,16.5,46,300,,RT_NEWC_PARA,4917,Capesize,200000,300,47.5,18,0,,1,85.23,66.12,103.0,15.2,57.45,40.67,10.38,21.36,11.88,25.31
2025-04-24,114,4,0,Newcastle,0,0,155.0,13.5,36.0,0.9748,16.65,32.17,106.33,1,,,0.0,18.3,16.2,50,300,211.0,RT_NEWC_PARA,4917,Capesize,200000,300,47.5,18,0,,1,85.5,66.55,102.0,15.23,57.04,40.47,10.26,20.92,11.43,24.93
2025-04-24,114,4,1,Paradip,0,1,,,,,,,,0,0.5204,6.78,,18.7,16.5,46,300,,RT_NEWC_PARA,4917,Capesize,200000,300,47.5,18,0,,1,85.5,66.55,102.0,15.23,57.04,40.47,10.26,20.92,11.43,24.93
2025-04-25,115,4,0,Newcastle,0,0,155.0,13.5,36.0,0.9748,13.57,39.42,105.0,1,,,0.0,18.3,16.2,50,300,211.0,RT_NEWC_PARA,4917,Capesize,200000,300,47.5,18,0,,1,85.26,66.87,102.4,15.12,56.91,40.19,10.16,19.77,12.12,25.39
2025-04-25,115,4,1,Paradip,0,1,,,,,,,,0,0.5204,5.93,,18.7,16.5,46,300,,RT_NEWC_PARA,4917,Capesize,200000,300,47.5,18,0,,1,85.26,66.87,102.4,15.12,56.91,40.19,10.16,19.77,12.12,25.39
2025-04-26,116,4,0,Newcastle,0,0,155.0,13.5,36.0,0.9748,12.87,37.04,99.09,1,,,0.0,18.3,16.2,50,300,211.0,RT_NEWC_PARA,4917,Capesize,200000,300,47.5,18,0,,1,,,,,,,,,,
2025-04-26,116,4,1,Paradip,0,1,,,,,,,,0,0.5204,5.5,,18.7,16.5,46,300,,RT_NEWC_PARA,4917,Capesize,200000,300,47.5,18,0,,1,,,,,,,,,,
2025-04-27,117,4,0,Newcastle,0,0,155.0,13.5,36.0,0.9748,12.71,34.76,95.35,1,,,0.0,18.3,16.2,50,300,211.0,RT_NEWC_PARA,4917,Capesize,200000,300,47.5,18,0,,1,,,,,,,,,,
2025-04-27,117,4,1,Paradip,0,1,,,,,,,,0,0.5204,5.35,,18.7,16.5,46,300,,RT_NEWC_PARA,4917,Capesize,200000,300,47.5,18,0,,1,,,,,,,,,,
2025-04-28,118,4,0,Newcastle,0,0,155.0,13.5,36.0,0.9748,12.87,34.43,95.5,1,,,0.0,18.3,16.2,50,300,211.0,RT_NEWC_PARA,4917,Capesize,200000,300,47.5,18,0,,1,85.38,65.86,92.3,14.92,56.23,40.03,10.05,21.43,12.55,26.29
2025-04-28,118,4,1,Paradip,0,1,,,,,,,,0,0.5204,5.52,,18.7,16.5,46,300,,RT_NEWC_PARA,4917,Capesize,200000,300,47.5,18,0,,1,85.38,65.86,92.3,14.92,56.23,40.03,10.05,21.43,12.55,26.29
2025-04-29,119,4,0,Newcastle,0,0,155.0,13.5,36.0,0.9748,12.49,36.27,96.65,1,,,0.0,18.3,16.2,50,300,211.0,RT_NEWC_PARA,4917,Capesize,200000,300,47.5,18,0,,1,85.16,64.25,93.1,15.03,56.19,40.14,10.2,21.26,11.52,25.4
2025-04-29,119,4,1,Paradip,0,1,,,,,,,,0,0.5204,7.04,,18.7,16.5,46,300,,RT_NEWC_PARA,4917,Capesize,200000,300,47.5,18,0,,1,85.16,64.25,93.1,15.03,56.19,40.14,10.2,21.26,11.52,25.4
2025-04-30,120,4,0,Newcastle,0,0,155.0,13.5,36.0,0.9748,13.35,35.97,99.4,1,,,0.0,18.3,16.2,50,300,211.0,RT_NEWC_PARA,4917,Capesize,200000,300,47.5,18,0,,1,85.17,63.12,93.65,15.19,55.54,40.24,10.26,21.49,12.38,25.81
2025-04-30,120,4,1,Paradip,0,1,,,,,,,,0,0.5204,6.51,,18.7,16.5,46,300,,RT_NEWC_PARA,4917,Capesize,200000,300,47.5,18,0,,1,85.17,63.12,93.65,15.19,55.54,40.24,10.26,21.49,12.38,25.81
2025-05-01,121,5,0,Newcastle,0,0,155.0,13.5,36.0,0.9748,13.16,33.29,94.98,1,,,0.0,18.3,16.2,50,300,211.0,RT_NEWC_PARA,4917,Capesize,200000,300,47.5,18,0,,1,84.53,62.13,94.15,15.1,55.35,40.27,10.2,20.15,11.06,23.97
2025-05-01,121,5,1,Paradip,0,1,,,,,,,,0,0.5204,5.13,,18.7,16.5,46,300,,RT_NEWC_PARA,4917,Capesize,200000,300,47.5,18,0,,1,84.53,62.13,94.15,15.1,55.35,40.27,10.2,20.15,11.06,23.97
2025-05-02,122,5,0,Newcastle,0,0,155.0,13.5,36.0,0.9748,13.04,40.33,104.32,1,,,0.0,18.3,16.2,50,300,211.0,RT_NEWC_PARA,4917,Capesize,200000,300,47.5,18,0,,1,84.7,61.29,94.6,15.15,56.19,40.33,10.06,20.16,11.33,24.98
2025-05-02,122,5,1,Paradip,0,1,,,,,,,,0,0.5204,6.71,,18.7,16.5,46,300,,RT_NEWC_PARA,4917,Capesize,200000,300,47.5,18,0,,1,84.7,61.29,94.6,15.15,56.19,40.33,10.06,20.16,11.33,24.98
2025-05-03,123,5,0,Newcastle,0,0,155.0,13.5,36.0,0.9748,13.62,33.19,96.55,1,,,0.0,18.3,16.2,50,300,211.0,RT_NEWC_PARA,4917,Capesize,200000,300,47.5,18,0,,1,,,,,,,,,,
2025-05-03,123,5,1,Paradip,0,1,,,,,,,,0,0.5204,6.12,,18.7,16.5,46,300,,RT_NEWC_PARA,4917,Capesize,200000,300,47.5,18,0,,1,,,,,,,,,,
2025-05-04,124,5,0,Newcastle,0,0,155.0,13.5,36.0,0.9748,13.47,32.31,94.78,1,,,0.0,18.3,16.2,50,300,211.0,RT_NEWC_PARA,4917,Capesize,200000,300,47.5,18,0,,1,,,,,,,,,,
2025-05-04,124,5,1,Paradip,0,1,,,,,,,,0,0.5204,7.5,,18.7,16.5,46,300,,RT_NEWC_PARA,4917,Capesize,200000,300,47.5,18,0,,1,,,,,,,,,,
2025-05-05,125,5,0,Newcastle,0,0,155.0,13.5,36.0,0.9748,13.48,36.29,100.32,1,,,0.0,18.3,16.2,50,300,211.0,RT_NEWC_PARA,4917,Capesize,200000,300,47.5,18,0,,1,84.53,60.23,94.6,15.53,57.7,41.2,10.04,20.97,11.76,26.06
2025-05-05,125,5,1,Paradip,0,1,,,,,,,,0,0.5204,5.3,,18.7,16.5,46,300,,RT_NEWC_PARA,4917,Capesize,200000,300,47.5,18,0,,1,84.53,60.23,94.6,15.53,57.7,41.2,10.04,20.97,11.76,26.06
2025-05-06,126,5,0,Newcastle,0,0,155.0,13.5,36.0,0.9748,14.27,36.23,103.18,1,,,0.0,18.3,16.2,50,300,211.0,RT_NEWC_PARA,4917,Capesize,200000,300,47.5,18,0,,1,84.22,62.15,96.9,15.49,57.27,41.22,10.05,22.76,11.74,24.52
2025-05-06,126,5,1,Paradip,0,1,,,,,,,,0,0.5204,7.94,,18.7,16.5,46,300,,RT_NEWC_PARA,4917,Capesize,200000,300,47.5,18,0,,1,84.22,62.15,96.9,15.49,57.27,41.22,10.05,22.76,11.74,24.52
2025-05-07,127,5,0,Newcastle,0,0,155.0,13.5,36.0,0.9748,12.59,35.75,96.3,1,,,0.0,18.3,16.2,50,300,211.0,RT_NEWC_PARA,4917,Capesize,200000,300,47.5,18,0,,1,84.79,61.12,97.25,15.53,56.45,40.96,10.2,23.05,11.97,24.39
2025-05-07,127,5,1,Paradip,0,1,,,,,,,,0,0.5204,6.93,,18.7,16.5,46,300,,RT_NEWC_PARA,4917,Capesize,200000,300,47.5,18,0,,1,84.79,61.12,97.25,15.53,56.45,40.96,10.2,23.05,11.97,24.39
2025-05-08,128,5,0,Newcastle,0,0,155.0,13.5,36.0,0.9748,12.81,34.84,95.83,1,,,0.0,18.3,16.2,50,300,211.0,RT_NEWC_PARA,4917,Capesize,200000,300,47.5,18,0,,1,84.82,62.84,96.75,15.32,56.41,40.9,10.15,20.28,11.56,24.59
2025-05-08,128,5,1,Paradip,0,1,,,,,,,,0,0.5204,6.61,,18.7,16.5,46,300,,RT_NEWC_PARA,4917,Capesize,200000,300,47.5,18,0,,1,84.82,62.84,96.75,15.32,56.41,40.9,10.15,20.28,11.56,24.59
2025-05-09,129,5,0,Newcastle,0,0,155.0,13.5,36.0,0.9748,13.34,38.77,103.27,1,,,0.0,18.3,16.2,50,300,211.0,RT_NEWC_PARA,4917,Capesize,200000,300,47.5,18,0,,1,86.08,63.91,96.05,15.28,57.26,41.14,10.0,20.58,11.32,26.06
2025-05-09,129,5,1,Paradip,0,1,,,,,,,,0,0.5204,6.39,,18.7,16.5,46,300,,RT_NEWC_PARA,4917,Capesize,200000,300,47.5,18,0,,1,86.08,63.91,96.05,15.28,57.26,41.14,10.0,20.58,11.32,26.06
2025-05-10,130,5,0,Newcastle,0,0,155.0,13.5,36.0,0.9748,12.88,35.54,97.04,1,,,0.0,18.3,16.2,50,300,211.0,RT_NEWC_PARA,4917,Capesize,200000,300,47.5,18,0,,1,,,,,,,,,,
2025-05-10,130,5,1,Paradip,0,1,,,,,,,,0,0.5204,5.8,,18.7,16.5,46,300,,RT_NEWC_PARA,4917,Capesize,200000,300,47.5,18,0,,1,,,,,,,,,,
2025-05-11,131,5,0,Newcastle,0,0,155.0,13.5,36.0,0.9748,12.71,30.7,89.73,1,,,0.0,18.3,16.2,50,300,211.0,RT_NEWC_PARA,4917,Capesize,200000,300,47.5,18,0,,1,,,,,,,,,,
2025-05-11,131,5,1,Paradip,0,1,,,,,,,,0,0.5204,6.25,,18.7,16.5,46,300,,RT_NEWC_PARA,4917,Capesize,200000,300,47.5,18,0,,1,,,,,,,,,,
2025-05-12,132,5,0,Newcastle,0,0,155.0,13.5,36.0,0.9748,15.23,31.26,99.84,1,,,0.0,18.3,16.2,50,300,211.0,RT_NEWC_PARA,4917,Capesize,200000,300,47.5,18,0,,1,85.41,64.96,96.5,15.49,58.45,41.52,9.99,20.84,12.09,25.26
2025-05-12,132,5,1,Paradip,0,1,,,,,,,,0,0.5204,6.1,,18.7,16.5,46,300,,RT_NEWC_PARA,4917,Capesize,200000,300,47.5,18,0,,1,85.41,64.96,96.5,15.49,58.45,41.52,9.99,20.84,12.09,25.26
2025-05-13,133,5,0,Newcastle,0,0,155.0,13.5,36.0,0.9748,12.77,34.94,95.81,1,,,0.0,18.3,16.2,50,300,211.0,RT_NEWC_PARA,4917,Capesize,200000,300,47.5,18,0,,1,84.97,66.63,95.95,15.53,57.87,42.15,10.05,21.39,12.43,25.86
2025-05-13,133,5,1,Paradip,0,1,,,,,,,,0,0.5204,7.06,,18.7,16.5,46,300,,RT_NEWC_PARA,4917,Capesize,200000,300,47.5,18,0,,1,84.97,66.63,95.95,15.53,57.87,42.15,10.05,21.39,12.43,25.86
2025-05-14,134,5,0,Newcastle,0,0,155.0,13.5,36.0,0.9748,12.76,38.34,100.51,1,,,0.0,18.3,16.2,50,300,211.0,RT_NEWC_PARA,4917,Capesize,200000,300,47.5,18,0,,1,85.06,66.09,94.45,15.38,57.36,41.52,9.93,21.84,12.68,24.78
2025-05-14,134,5,1,Paradip,0,1,,,,,,,,0,0.5204,7.75,,18.7,16.5,46,300,,RT_NEWC_PARA,4917,Capesize,200000,300,47.5,18,0,,1,85.06,66.09,94.45,15.38,57.36,41.52,9.93,21.84,12.68,24.78
2025-05-15,135,5,0,Newcastle,0,0,155.0,13.5,36.0,0.9748,15.24,38.04,109.27,1,,,0.0,18.3,16.2,50,300,211.0,RT_NEWC_PARA,4917,Capesize,200000,300,47.5,18,0,,1,85.49,64.53,95.0,15.51,57.9,41.42,9.98,21.16,12.21,24.88
2025-05-15,135,5,1,Paradip,0,1,,,,,,,,0,0.5204,6.61,,18.7,16.5,46,300,,RT_NEWC_PARA,4917,Capesize,200000,300,47.5,18,0,,1,85.49,64.53,95.0,15.51,57.9,41.42,9.98,21.16,12.21,24.88
2025-05-16,136,5,0,Newcastle,0,0,155.0,13.5,36.0,0.9748,15.25,36.19,106.76,1,,,0.0,18.3,16.2,50,300,211.0,RT_NEWC_PARA,4917,Capesize,200000,300,47.5,18,0,,1,85.44,65.41,94.75,15.5,58.02,40.81,10.13,20.48,10.91,23.46
2025-05-16,136,5,1,Paradip,0,1,,,,,,,,0,0.5204,7.41,,18.7,16.5,46,300,,RT_NEWC_PARA,4917,Capesize,200000,300,47.5,18,0,,1,85.44,65.41,94.75,15.5,58.02,40.81,10.13,20.48,10.91,23.46
2025-05-17,137,5,0,Newcastle,0,0,155.0,13.5,36.0,0.9748,12.8,35.26,96.4,1,,,0.0,18.3,16.2,50,300,211.0,RT_NEWC_PARA,4917,Capesize,200000,300,47.5,18,0,,1,,,,,,,,,,
2025-05-17,137,5,1,Paradip,0,1,,,,,,,,0,0.5204,5.86,,18.7,16.5,46,300,,RT_NEWC_PARA,4917,Capesize,200000,300,47.5,18,0,,1,,,,,,,,,,
2025-05-18,138,5,0,Newcastle,0,0,155.0,13.5,36.0,0.9748,14.35,32.15,97.79,1,,,0.0,18.3,16.2,50,300,211.0,RT_NEWC_PARA,4917,Capesize,200000,300,47.5,18,0,,1,,,,,,,,,,
2025-05-18,138,5,1,Paradip,0,1,,,,,,,,0,0.5204,7.08,,18.7,16.5,46,300,,RT_NEWC_PARA,4917,Capesize,200000,300,47.5,18,0,,1,,,,,,,,,,
2025-05-19,139,5,0,Newcastle,0,0,155.0,13.5,36.0,0.9748,12.93,38.02,100.7,1,,,0.0,18.3,16.2,50,300,211.0,RT_NEWC_PARA,4917,Capesize,200000,300,47.5,18,0,,1,85.5,65.54,95.25,15.37,57.19,40.78,10.09,21.26,12.42,24.26
2025-05-19,139,5,1,Paradip,0,1,,,,,,,,0,0.5204,5.29,,18.7,16.5,46,300,,RT_NEWC_PARA,4917,Capesize,200000,300,47.5,18,0,,1,85.5,65.54,95.25,15.37,57.19,40.78,10.09,21.26,12.42,24.26
2025-05-20,140,5,0,Newcastle,0,0,155.0,13.5,36.0,0.9748,15.35,36.92,108.11,1,,,0.0,18.3,16.2,50,300,211.0,RT_NEWC_PARA,4917,Capesize,200000,300,47.5,18,0,,1,85.37,65.38,96.15,15.29,56.34,40.55,9.94,21.45,11.94,24.53
2025-05-20,140,5,1,Paradip,0,1,,,,,,,,0,0.5204,7.81,,18.7,16.5,46,300,,RT_NEWC_PARA,4917,Capesize,200000,300,47.5,18,0,,1,85.37,65.38,96.15,15.29,56.34,40.55,9.94,21.45,11.94,24.53
2025-05-21,141,5,0,Newcastle,0,0,155.0,13.5,36.0,0.9748,13.08,32.16,93.12,1,,,0.0,18.3,16.2,50,300,211.0,RT_NEWC_PARA,4917,Capesize,200000,300,47.5,18,0,,1,85.54,64.91,95.7,15.41,56.91,40.96,10.09,21.69,11.92,25.22
2025-05-21,141,5,1,Paradip,0,1,,,,,,,,0,0.5204,7.4,,18.7,16.5,46,300,,RT_NEWC_PARA,4917,Capesize,200000,300,47.5,18,0,,1,85.54,64.91,95.7,15.41,56.91,40.96,10.09,21.69,11.92,25.22
2025-05-22,142,5,0,Newcastle,0,0,155.0,13.5,36.0,0.9748,14.97,36.69,106.41,1,,,0.0,18.3,16.2,50,300,211.0,RT_NEWC_PARA,4917,Capesize,200000,300,47.5,18,0,,1,85.6,64.44,96.05,15.34,56.56,41.1,10.13,20.99,11.13,24.6
2025-05-22,142,5,1,Paradip,0,1,,,,,,,,0,0.5204,7.39,,18.7,16.5,46,300,,RT_NEWC_PARA,4917,Capesize,200000,300,47.5,18,0,,1,85.6,64.44,96.05,15.34,56.56,41.1,10.13,20.99,11.13,24.6
2025-05-23,143,5,0,Newcastle,0,0,155.0,13.5,36.0,0.9748,11.94,35.18,93.09,1,,,0.0,18.3,16.2,50,300,211.0,RT_NEWC_PARA,4917,Capesize,200000,300,47.5,18,0,,1,85.97,64.78,96.15,15.57,55.71,41.23,10.21,21.37,11.19,24.63
2025-05-23,143,5,1,Paradip,0,1,,,,,,,,0,0.5204,6.77,,18.7,16.5,46,300,,RT_NEWC_PARA,4917,Capesize,200000,300,47.5,18,0,,1,85.97,64.78,96.15,15.57,55.71,41.23,10.21,21.37,11.19,24.63
2025-05-24,144,5,0,Newcastle,0,0,155.0,13.5,36.0,0.9748,12.36,35.87,95.58,1,,,0.0,18.3,16.2,50,300,211.0,RT_NEWC_PARA,4917,Capesize,200000,300,47.5,18,0,,1,,,,,,,,,,
2025-05-24,144,5,1,Paradip,0,1,,,,,,,,0,0.5204,6.69,,18.7,16.5,46,300,,RT_NEWC_PARA,4917,Capesize,200000,300,47.5,18,0,,1,,,,,,,,,,
2025-05-25,145,5,0,Newcastle,0,0,155.0,13.5,36.0,0.9748,13.89,29.37,92.23,1,,,0.0,18.3,16.2,50,300,211.0,RT_NEWC_PARA,4917,Capesize,200000,300,47.5,18,0,,1,,,,,,,,,,
2025-05-25,145,5,1,Paradip,0,1,,,,,,,,0,0.5204,6.57,,18.7,16.5,46,300,,RT_NEWC_PARA,4917,Capesize,200000,300,47.5,18,0,,1,,,,,,,,,,
2025-05-26,146,5,0,Newcastle,0,0,155.0,13.5,36.0,0.9748,13.25,36.13,99.24,1,,,0.0,18.3,16.2,50,300,211.0,RT_NEWC_PARA,4917,Capesize,200000,300,47.5,18,0,,1,85.2,,,15.65,56.0,41.51,10.39,22.11,11.68,24.81
2025-05-26,146,5,1,Paradip,0,1,,,,,,,,0,0.5204,6.48,,18.7,16.5,46,300,,RT_NEWC_PARA,4917,Capesize,200000,300,47.5,18,0,,1,85.2,,,15.65,56.0,41.51,10.39,22.11,11.68,24.81
2025-05-27,147,5,0,Newcastle,0,0,155.0,13.5,36.0,0.9748,10.68,33.62,86.26,1,,,0.0,18.3,16.2,50,300,211.0,RT_NEWC_PARA,4917,Capesize,200000,300,47.5,18,0,,1,85.16,64.09,96.15,15.53,55.58,42.14,10.47,22.02,11.59,26.47
2025-05-27,147,5,1,Paradip,0,1,,,,,,,,0,0.5204,5.36,,18.7,16.5,46,300,,RT_NEWC_PARA,4917,Capesize,200000,300,47.5,18,0,,1,85.16,64.09,96.15,15.53,55.58,42.14,10.47,22.02,11.59,26.47
2025-05-28,148,5,0,Newcastle,0,0,155.0,13.5,36.0,0.9748,11.26,38.78,95.58,1,,,0.0,18.3,16.2,50,300,211.0,RT_NEWC_PARA,4917,Capesize,200000,300,47.5,18,0,,1,85.36,64.9,95.6,15.47,54.79,41.51,10.32,21.85,11.98,24.9
2025-05-28,148,5,1,Paradip,0,1,,,,,,,,0,0.5204,6.97,,18.7,16.5,46,300,,RT_NEWC_PARA,4917,Capesize,200000,300,47.5,18,0,,1,85.36,64.9,95.6,15.47,54.79,41.51,10.32,21.85,11.98,24.9
2025-05-29,149,5,0,Newcastle,0,0,155.0,13.5,36.0,0.9748,14.18,33.67,99.26,1,,,0.0,18.3,16.2,50,300,211.0,RT_NEWC_PARA,4917,Capesize,200000,300,47.5,18,0,,1,85.39,64.15,95.65,15.71,55.16,40.9,10.47,21.06,11.67,24.12
2025-05-29,149,5,1,Paradip,0,1,,,,,,,,0,0.5204,7.01,,18.7,16.5,46,300,,RT_NEWC_PARA,4917,Capesize,200000,300,47.5,18,0,,1,85.39,64.15,95.65,15.71,55.16,40.9,10.47,21.06,11.67,24.12
2025-05-30,150,5,0,Newcastle,0,0,155.0,13.5,36.0,0.9748,14.44,35.68,103.04,1,,,0.0,18.3,16.2,50,300,211.0,RT_NEWC_PARA,4917,Capesize,200000,300,47.5,18,0,,1,85.36,63.9,95.61,15.65,54.69,40.29,10.63,21.4,11.2,23.49
2025-05-30,150,5,1,Paradip,0,1,,,,,,,,0,0.5204,7.29,,18.7,16.5,46,300,,RT_NEWC_PARA,4917,Capesize,200000,300,47.5,18,0,,1,85.36,63.9,95.61,15.65,54.69,40.29,10.63,21.4,11.2,23.49
2025-05-31,151,5,0,Newcastle,0,0,155.0,13.5,36.0,0.9748,13.48,32.94,95.69,1,,,0.0,18.3,16.2,50,300,211.0,RT_NEWC_PARA,4917,Capesize,200000,300,47.5,18,0,,1,,,,,,,,,,
2025-05-31,151,5,1,Paradip,0,1,,,,,,,,0,0.5204,5.94,,18.7,16.5,46,300,,RT_NEWC_PARA,4917,Capesize,200000,300,47.5,18,0,,1,,,,,,,,,,
2025-06-01,152,6,0,Newcastle,1,0,170.0,13.5,36.0,1.0692,14.25,39.45,107.57,1,,,0.0,18.3,16.2,50,300,211.0,RT_NEWC_PARA,4917,Capesize,200000,300,47.5,18,0,,1,,,,,,,,,,
2025-06-01,152,6,1,Paradip,0,1,,,,,,,,0,0.5204,7.81,,18.7,16.5,46,300,,RT_NEWC_PARA,4917,Capesize,200000,300,47.5,18,0,,1,,,,,,,,,,
2025-06-02,153,6,0,Newcastle,1,0,170.0,13.5,36.0,1.0692,13.16,38.18,101.78,1,,,0.0,18.3,16.2,50,300,211.0,RT_NEWC_PARA,4917,Capesize,200000,300,47.5,18,0,,1,85.52,64.63,96.8,15.63,53.77,40.38,10.47,22.89,12.23,24.51
2025-06-02,153,6,1,Paradip,0,1,,,,,,,,0,0.5204,7.19,,18.7,16.5,46,300,,RT_NEWC_PARA,4917,Capesize,200000,300,47.5,18,0,,1,85.52,64.63,96.8,15.63,53.77,40.38,10.47,22.89,12.23,24.51
2025-06-03,154,6,0,Newcastle,1,0,170.0,13.5,36.0,1.0692,13.54,36.43,100.76,1,,,0.0,18.3,16.2,50,300,211.0,RT_NEWC_PARA,4917,Capesize,200000,300,47.5,18,0,,1,85.36,65.63,97.15,15.47,52.97,40.99,10.63,22.28,12.0,25.68
2025-06-03,154,6,1,Paradip,0,1,,,,,,,,0,0.5204,7.34,,18.7,16.5,46,300,,RT_NEWC_PARA,4917,Capesize,200000,300,47.5,18,0,,1,85.36,65.63,97.15,15.47,52.97,40.99,10.63,22.28,12.0,25.68
2025-06-04,155,6,0,Newcastle,1,0,170.0,13.5,36.0,1.0692,15.45,38.52,110.71,1,,,0.0,18.3,16.2,50,300,211.0,RT_NEWC_PARA,4917,Capesize,200000,300,47.5,18,0,,1,85.71,64.86,99.0,15.25,53.77,40.39,10.47,21.44,11.9,25.76
2025-06-04,155,6,1,Paradip,0,1,,,,,,,,0,0.5204,7.96,,18.7,16.5,46,300,,RT_NEWC_PARA,4917,Capesize,200000,300,47.5,18,0,,1,85.71,64.86,99.0,15.25,53.77,40.39,10.47,21.44,11.9,25.76
2025-06-05,156,6,0,Newcastle,1,0,170.0,13.5,36.0,1.0692,15.46,40.6,113.65,1,,,0.0,18.3,16.2,50,300,211.0,RT_NEWC_PARA,4917,Capesize,200000,300,47.5,18,0,,1,85.9,65.34,100.6,15.09,54.18,40.82,10.63,20.86,11.42,26.39
2025-06-05,156,6,1,Paradip,0,1,,,,,,,,0,0.5204,5.36,,18.7,16.5,46,300,,RT_NEWC_PARA,4917,Capesize,200000,300,47.5,18,0,,1,85.9,65.34,100.6,15.09,54.18,40.82,10.63,20.86,11.42,26.39
2025-06-06,157,6,0,Newcastle,1,0,170.0,13.5,36.0,1.0692,17.23,37.98,116.55,1,,,0.0,18.3,16.2,50,300,211.0,RT_NEWC_PARA,4917,Capesize,200000,300,47.5,18,0,,1,85.88,66.47,101.8,14.87,54.0,40.85,10.61,22.09,11.09,25.08
2025-06-06,157,6,1,Paradip,0,1,,,,,,,,0,0.5204,5.37,,18.7,16.5,46,300,,RT_NEWC_PARA,4917,Capesize,200000,300,47.5,18,0,,1,85.88,66.47,101.8,14.87,54.0,40.85,10.61,22.09,11.09,25.08
2025-06-07,158,6,0,Newcastle,1,0,170.0,13.5,36.0,1.0692,16.36,37.35,112.46,1,,,0.0,18.3,16.2,50,300,211.0,RT_NEWC_PARA,4917,Capesize,200000,300,47.5,18,0,,1,,,,,,,,,,
2025-06-07,158,6,1,Paradip,0,1,,,,,,,,0,0.5204,5.04,,18.7,16.5,46,300,,RT_NEWC_PARA,4917,Capesize,200000,300,47.5,18,0,,1,,,,,,,,,,
2025-06-08,159,6,0,Newcastle,1,0,170.0,13.5,36.0,1.0692,16.01,34.48,107.18,1,,,0.0,18.3,16.2,50,300,211.0,RT_NEWC_PARA,4917,Capesize,200000,300,47.5,18,0,,1,,,,,,,,,,
2025-06-08,159,6,1,Paradip,0,1,,,,,,,,0,0.5204,5.89,,18.7,16.5,46,300,,RT_NEWC_PARA,4917,Capesize,200000,300,47.5,18,0,,1,,,,,,,,,,
2025-06-09,160,6,0,Newcastle,1,0,170.0,13.5,36.0,1.0692,12.51,36.51,97.04,1,,,0.0,18.3,16.2,50,300,211.0,RT_NEWC_PARA,4917,Capesize,200000,300,47.5,18,0,,1,85.79,67.04,103.35,15.22,55.05,40.88,10.84,21.1,12.7,23.98
2025-06-09,160,6,1,Paradip,0,1,,,,,,,,0,0.5204,5.91,,18.7,16.5,46,300,,RT_NEWC_PARA,4917,Capesize,200000,300,47.5,18,0,,1,85.79,67.04,103.35,15.22,55.05,40.88,10.84,21.1,12.7,23.98
2025-06-10,161,6,0,Newcastle,1,0,170.0,13.5,36.0,1.0692,15.06,39.18,110.21,1,,,0.0,18.3,16.2,50,300,211.0,RT_NEWC_PARA,4917,Capesize,200000,300,47.5,18,0,,1,85.76,66.87,102.1,14.99,54.51,41.5,10.82,22.74,11.88,24.15
2025-06-10,161,6,1,Paradip,0,1,,,,,,,,0,0.5204,5.33,,18.7,16.5,46,300,,RT_NEWC_PARA,4917,Capesize,200000,300,47.5,18,0,,1,85.76,66.87,102.1,14.99,54.51,41.5,10.82,22.74,11.88,24.15
2025-06-11,162,6,0,Newcastle,1,0,170.0,13.5,36.0,1.0692,11.66,38.63,96.84,1,,,0.0,18.3,16.2,50,300,211.0,RT_NEWC_PARA,4917,Capesize,200000,300,47.5,18,0,,1,85.65,69.77,102.2,14.88,54.77,42.12,10.76,22.1,12.96,24.46
2025-06-11,162,6,1,Paradip,0,1,,,,,,,,0,0.5204,5.85,,18.7,16.5,46,300,,RT_NEWC_PARA,4917,Capesize,200000,300,47.5,18,0,,1,85.65,69.77,102.2,14.88,54.77,42.12,10.76,22.1,12.96,24.46
2025-06-12,163,6,0,Newcastle,1,0,170.0,13.5,36.0,1.0692,14.99,40.25,111.4,1,,,0.0,18.3,16.2,50,300,211.0,RT_NEWC_PARA,4917,Capesize,200000,300,47.5,18,0,,1,85.47,69.36,102.75,14.8,54.42,41.81,10.64,20.73,12.03,24.66
2025-06-12,163,6,1,Paradip,0,1,,,,,,,,0,0.5204,8.0,,18.7,16.5,46,300,,RT_NEWC_PARA,4917,Capesize,200000,300,47.5,18,0,,1,85.47,69.36,102.75,14.8,54.42,41.81,10.64,20.73,12.03,24.66
2025-06-13,164,6,0,Newcastle,1,0,170.0,13.5,36.0,1.0692,13.64,38.84,104.45,1,,,0.0,18.3,16.2,50,300,211.0,RT_NEWC_PARA,4917,Capesize,200000,300,47.5,18,0,,1,85.69,74.23,103.25,14.62,54.29,41.19,10.68,20.81,11.47,24.09
2025-06-13,164,6,1,Paradip,0,1,,,,,,,,0,0.5204,5.27,,18.7,16.5,46,300,,RT_NEWC_PARA,4917,Capesize,200000,300,47.5,18,0,,1,85.69,74.23,103.25,14.62,54.29,41.19,10.68,20.81,11.47,24.09
2025-06-14,165,6,0,Newcastle,1,0,170.0,13.5,36.0,1.0692,14.71,39.82,109.78,1,,,0.0,18.3,16.2,50,300,211.0,RT_NEWC_PARA,4917,Capesize,200000,300,47.5,18,0,,1,,,,,,,,,,
2025-06-14,165,6,1,Paradip,0,1,,,,,,,,0,0.5204,5.72,,18.7,16.5,46,300,,RT_NEWC_PARA,4917,Capesize,200000,300,47.5,18,0,,1,,,,,,,,,,
2025-06-15,166,6,0,Newcastle,1,0,170.0,13.5,36.0,1.0692,14.22,38.98,106.8,1,,,0.0,18.3,16.2,50,300,211.0,RT_NEWC_PARA,4917,Capesize,200000,300,47.5,18,0,,1,,,,,,,,,,
2025-06-15,166,6,1,Paradip,0,1,,,,,,,,0,0.5204,5.59,,18.7,16.5,46,300,,RT_NEWC_PARA,4917,Capesize,200000,300,47.5,18,0,,1,,,,,,,,,,
2025-06-16,167,6,0,Newcastle,1,0,170.0,13.5,36.0,1.0692,13.96,39.79,106.98,1,,,0.0,18.3,16.2,50,300,211.0,RT_NEWC_PARA,4917,Capesize,200000,300,47.5,18,0,,1,86.25,73.23,103.5,14.71,54.92,41.87,10.54,21.59,12.29,23.26
2025-06-16,167,6,1,Paradip,0,1,,,,,,,,0,0.5204,5.11,,18.7,16.5,46,300,,RT_NEWC_PARA,4917,Capesize,200000,300,47.5,18,0,,1,86.25,73.23,103.5,14.71,54.92,41.87,10.54,21.59,12.29,23.26
2025-06-17,168,6,0,Newcastle,1,0,170.0,13.5,36.0,1.0692,14.29,40.56,109.28,1,,,0.0,18.3,16.2,50,300,211.0,RT_NEWC_PARA,4917,Capesize,200000,300,47.5,18,0,,1,86.1,76.45,104.1,14.84,55.28,41.25,10.61,21.85,12.3,24.59
2025-06-17,168,6,1,Paradip,0,1,,,,,,,,0,0.5204,6.82,,18.7,16.5,46,300,,RT_NEWC_PARA,4917,Capesize,200000,300,47.5,18,0,,1,86.1,76.45,104.1,14.84,55.28,41.25,10.61,21.85,12.3,24.59
2025-06-18,169,6,0,Newcastle,1,0,170.0,13.5,36.0,1.0692,12.88,34.79,96.01,1,,,0.0,18.3,16.2,50,300,211.0,RT_NEWC_PARA,4917,Capesize,200000,300,47.5,18,0,,1,86.36,76.7,103.85,15.06,54.45,41.42,10.51,21.58,12.25,26.9
2025-06-18,169,6,1,Paradip,0,1,,,,,,,,0,0.5204,7.55,,18.7,16.5,46,300,,RT_NEWC_PARA,4917,Capesize,200000,300,47.5,18,0,,1,86.36,76.7,103.85,15.06,54.45,41.42,10.51,21.58,12.25,26.9
2025-06-19,170,6,0,Newcastle,1,0,170.0,13.5,36.0,1.0692,13.62,40.36,106.51,1,,,0.0,18.3,16.2,50,300,211.0,RT_NEWC_PARA,4917,Capesize,200000,300,47.5,18,0,,1,86.61,,,15.29,53.64,40.8,10.48,21.52,11.67,24.85
2025-06-19,170,6,1,Paradip,0,1,,,,,,,,0,0.5204,7.78,,18.7,16.5,46,300,,RT_NEWC_PARA,4917,Capesize,200000,300,47.5,18,0,,1,86.61,,,15.29,53.64,40.8,10.48,21.52,11.67,24.85
2025-06-20,171,6,0,Newcastle,1,0,170.0,13.5,36.0,1.0692,14.67,41.21,111.58,1,,,0.0,18.3,16.2,50,300,211.0,RT_NEWC_PARA,4917,Capesize,200000,300,47.5,18,0,,1,86.58,77.01,103.9,15.52,53.39,41.05,10.6,22.14,12.09,23.77
2025-06-20,171,6,1,Paradip,0,1,,,,,,,,0,0.5204,7.51,,18.7,16.5,46,300,,RT_NEWC_PARA,4917,Capesize,200000,300,47.5,18,0,,1,86.58,77.01,103.9,15.52,53.39,41.05,10.6,22.14,12.09,23.77
2025-06-21,172,6,0,Newcastle,1,0,170.0,13.5,36.0,1.0692,14.35,41.87,111.31,1,,,0.0,18.3,16.2,50,300,211.0,RT_NEWC_PARA,4917,Capesize,200000,300,47.5,18,0,,1,,,,,,,,,,
2025-06-21,172,6,1,Paradip,0,1,,,,,,,,0,0.5204,6.89,,18.7,16.5,46,300,,RT_NEWC_PARA,4917,Capesize,200000,300,47.5,18,0,,1,,,,,,,,,,
2025-06-22,173,6,0,Newcastle,1,0,170.0,13.5,36.0,1.0692,13.43,37.0,101.13,1,,,0.0,18.3,16.2,50,300,211.0,RT_NEWC_PARA,4917,Capesize,200000,300,47.5,18,0,,1,,,,,,,,,,
2025-06-22,173,6,1,Paradip,0,1,,,,,,,,0,0.5204,7.2,,18.7,16.5,46,300,,RT_NEWC_PARA,4917,Capesize,200000,300,47.5,18,0,,1,,,,,,,,,,
2025-06-23,174,6,0,Newcastle,1,0,170.0,13.5,36.0,1.0692,13.37,37.6,101.73,1,,,0.0,18.3,16.2,50,300,211.0,RT_NEWC_PARA,4917,Capesize,200000,300,47.5,18,0,,1,86.58,71.48,104.4,15.52,53.46,40.99,10.49,21.93,12.26,25.58
2025-06-23,174,6,1,Paradip,0,1,,,,,,,,0,0.5204,7.13,,18.7,16.5,46,300,,RT_NEWC_PARA,4917,Capesize,200000,300,47.5,18,0,,1,86.58,71.48,104.4,15.52,53.46,40.99,10.49,21.93,12.26,25.58
2025-06-24,175,6,0,Newcastle,1,0,170.0,13.5,36.0,1.0692,16.5,35.04,109.77,1,,,0.0,18.3,16.2,50,300,211.0,RT_NEWC_PARA,4917,Capesize,200000,300,47.5,18,0,,1,86.23,67.14,103.35,15.41,53.09,41.61,10.55,21.9,11.62,25.87
2025-06-24,175,6,1,Paradip,0,1,,,,,,,,0,0.5204,5.16,,18.7,16.5,46,300,,RT_NEWC_PARA,4917,Capesize,200000,300,47.5,18,0,,1,86.23,67.14,103.35,15.41,53.09,41.61,10.55,21.9,11.62,25.87
2025-06-25,176,6,0,Newcastle,1,0,170.0,13.5,36.0,1.0692,13.19,39.68,103.94,1,,,0.0,18.3,16.2,50,300,211.0,RT_NEWC_PARA,4917,Capesize,200000,300,47.5,18,0,,1,85.9,67.68,103.45,15.48,52.71,40.99,10.67,21.29,11.82,23.88
2025-06-25,176,6,1,Paradip,0,1,,,,,,,,0,0.5204,7.65,,18.7,16.5,46,300,,RT_NEWC_PARA,4917,Capesize,200000,300,47.5,18,0,,1,85.9,67.68,103.45,15.48,52.71,40.99,10.67,21.29,11.82,23.88
2025-06-26,177,6,0,Newcastle,1,0,170.0,13.5,36.0,1.0692,12.24,40.81,102.0,1,,,0.0,18.3,16.2,50,300,211.0,RT_NEWC_PARA,4917,Capesize,200000,300,47.5,18,0,,1,86.01,67.73,103.65,15.37,52.83,40.38,10.58,20.13,12.38,24.62
2025-06-26,177,6,1,Paradip,0,1,,,,,,,,0,0.5204,5.28,,18.7,16.5,46,300,,RT_NEWC_PARA,4917,Capesize,200000,300,47.5,18,0,,1,86.01,67.73,103.65,15.37,52.83,40.38,10.58,20.13,12.38,24.62
2025-06-27,178,6,0,Newcastle,1,0,170.0,13.5,36.0,1.0692,13.79,35.82,100.83,1,,,0.0,18.3,16.2,50,300,211.0,RT_NEWC_PARA,4917,Capesize,200000,300,47.5,18,0,,1,85.67,67.77,103.63,15.44,53.63,39.78,10.51,21.27,11.48,24.04
2025-06-27,178,6,1,Paradip,0,1,,,,,,,,0,0.5204,6.38,,18.7,16.5,46,300,,RT_NEWC_PARA,4917,Capesize,200000,300,47.5,18,0,,1,85.67,67.77,103.63,15.44,53.63,39.78,10.51,21.27,11.48,24.04
2025-06-28,179,6,0,Newcastle,1,0,170.0,13.5,36.0,1.0692,14.95,38.02,108.16,1,,,0.0,18.3,16.2,50,300,211.0,RT_NEWC_PARA,4917,Capesize,200000,300,47.5,18,0,,1,,,,,,,,,,
2025-06-28,179,6,1,Paradip,0,1,,,,,,,,0,0.5204,6.72,,18.7,16.5,46,300,,RT_NEWC_PARA,4917,Capesize,200000,300,47.5,18,0,,1,,,,,,,,,,
2025-06-29,180,6,0,Newcastle,1,0,170.0,13.5,36.0,1.0692,14.87,41.79,113.11,1,,,0.0,18.3,16.2,50,300,211.0,RT_NEWC_PARA,4917,Capesize,200000,300,47.5,18,0,,1,,,,,,,,,,
2025-06-29,180,6,1,Paradip,0,1,,,,,,,,0,0.5204,5.9,,18.7,16.5,46,300,,RT_NEWC_PARA,4917,Capesize,200000,300,47.5,18,0,,1,,,,,,,,,,
2025-06-30,181,6,0,Newcastle,1,0,170.0,13.5,36.0,1.0692,12.66,41.16,104.06,1,,,0.0,18.3,16.2,50,300,211.0,RT_NEWC_PARA,4917,Capesize,200000,300,47.5,18,0,,1,85.46,67.61,107.5,15.4,54.2,38.74,10.39,22.42,11.49,25.92
2025-06-30,181,6,1,Paradip,0,1,,,,,,,,0,0.5204,6.95,,18.7,16.5,46,300,,RT_NEWC_PARA,4917,Capesize,200000,300,47.5,18,0,,1,85.46,67.61,107.5,15.4,54.2,38.74,10.39,22.42,11.49,25.92
2025-07-01,182,7,0,Newcastle,1,0,170.0,13.5,36.0,1.0692,15.77,39.45,113.2,1,,,0.0,18.3,16.2,50,300,211.0,RT_NEWC_PARA,4917,Capesize,200000,300,47.5,18,0,,1,85.71,67.11,107.45,15.39,54.26,38.86,10.47,21.84,11.88,27.0
2025-07-01,182,7,1,Paradip,0,1,,,,,,,,0,0.5204,6.53,,18.7,16.5,46,300,,RT_NEWC_PARA,4917,Capesize,200000,300,47.5,18,0,,1,85.71,67.11,107.45,15.39,54.26,38.86,10.47,21.84,11.88,27.0
2025-07-02,183,7,0,Newcastle,1,0,170.0,13.5,36.0,1.0692,14.85,43.37,115.24,1,,,0.0,18.3,16.2,50,300,211.0,RT_NEWC_PARA,4917,Capesize,200000,300,47.5,18,0,,1,85.64,69.11,108.85,15.42,53.85,39.11,10.6,21.75,12.39,24.37
2025-07-02,183,7,1,Paradip,0,1,,,,,,,,0,0.5204,5.36,,18.7,16.5,46,300,,RT_NEWC_PARA,4917,Capesize,200000,300,47.5,18,0,,1,85.64,69.11,108.85,15.42,53.85,39.11,10.6,21.75,12.39,24.37
2025-07-03,184,7,0,Newcastle,1,0,170.0,13.5,36.0,1.0692,14.52,38.89,107.78,1,,,0.0,18.3,16.2,50,300,211.0,RT_NEWC_PARA,4917,Capesize,200000,300,47.5,18,0,,1,85.69,68.8,108.4,15.51,54.67,39.13,10.59,20.82,11.27,25.84
2025-07-03,184,7,1,Paradip,0,1,,,,,,,,0,0.5204,5.91,,18.7,16.5,46,300,,RT_NEWC_PARA,4917,Capesize,200000,300,47.5,18,0,,1,85.69,68.8,108.4,15.51,54.67,39.13,10.59,20.82,11.27,25.84
2025-07-04,185,7,0,Newcastle,1,0,170.0,13.5,36.0,1.0692,13.42,39.32,104.32,1,,,0.0,18.3,16.2,50,300,211.0,RT_NEWC_PARA,4917,Capesize,200000,300,47.5,18,0,,1,85.32,68.29,,15.73,54.34,39.04,10.43,21.14,11.75,26.23
2025-07-04,185,7,1,Paradip,0,1,,,,,,,,0,0.5204,6.9,,18.7,16.5,46,300,,RT_NEWC_PARA,4917,Capesize,200000,300,47.5,18,0,,1,85.32,68.29,,15.73,54.34,39.04,10.43,21.14,11.75,26.23
2025-07-05,186,7,0,Newcastle,1,0,170.0,13.5,36.0,1.0692,14.81,36.41,105.42,1,,,0.0,18.3,16.2,50,300,211.0,RT_NEWC_PARA,4917,Capesize,200000,300,47.5,18,0,,1,,,,,,,,,,
2025-07-05,186,7,1,Paradip,0,1,,,,,,,,0,0.5204,5.65,,18.7,16.5,46,300,,RT_NEWC_PARA,4917,Capesize,200000,300,47.5,18,0,,1,,,,,,,,,,
2025-07-06,187,7,0,Newcastle,1,0,170.0,13.5,36.0,1.0692,11.95,35.7,93.83,1,,,0.0,18.3,16.2,50,300,211.0,RT_NEWC_PARA,4917,Capesize,200000,300,47.5,18,0,,1,,,,,,,,,,
2025-07-06,187,7,1,Paradip,0,1,,,,,,,,0,0.5204,5.11,,18.7,16.5,46,300,,RT_NEWC_PARA,4917,Capesize,200000,300,47.5,18,0,,1,,,,,,,,,,
2025-07-07,188,7,0,Newcastle,1,0,170.0,13.5,36.0,1.0692,14.08,43.33,112.34,1,,,0.0,18.3,16.2,50,300,211.0,RT_NEWC_PARA,4917,Capesize,200000,300,47.5,18,0,,1,85.5,69.58,106.2,15.55,55.36,40.17,10.54,23.22,11.29,26.32
2025-07-07,188,7,1,Paradip,0,1,,,,,,,,0,0.5204,5.68,,18.7,16.5,46,300,,RT_NEWC_PARA,4917,Capesize,200000,300,47.5,18,0,,1,85.5,69.58,106.2,15.55,55.36,40.17,10.54,23.22,11.29,26.32
2025-07-08,189,7,0,Newcastle,1,0,170.0,13.5,36.0,1.0692,13.28,39.36,103.85,1,,,0.0,18.3,16.2,50,300,211.0,RT_NEWC_PARA,4917,Capesize,200000,300,47.5,18,0,,1,85.89,70.15,107.0,15.58,55.51,40.25,10.39,22.89,11.92,25.95
2025-07-08,189,7,1,Paradip,0,1,,,,,,,,0,0.5204,7.11,,18.7,16.5,46,300,,RT_NEWC_PARA,4917,Capesize,200000,300,47.5,18,0,,1,85.89,70.15,107.0,15.58,55.51,40.25,10.39,22.89,11.92,25.95
2025-07-09,190,7,0,Newcastle,1,0,170.0,13.5,36.0,1.0692,14.09,38.95,106.3,1,,,0.0,18.3,16.2,50,300,211.0,RT_NEWC_PARA,4917,Capesize,200000,300,47.5,18,0,,1,85.71,70.19,108.0,15.78,56.35,39.65,10.36,22.34,11.94,26.28
2025-07-09,190,7,1,Paradip,0,1,,,,,,,,0,0.5204,5.95,,18.7,16.5,46,300,,RT_NEWC_PARA,4917,Capesize,200000,300,47.5,18,0,,1,85.71,70.19,108.0,15.78,56.35,39.65,10.36,22.34,11.94,26.28
2025-07-10,191,7,0,Newcastle,1,0,170.0,13.5,36.0,1.0692,14.03,41.15,109.1,1,,,0.0,18.3,16.2,50,300,211.0,RT_NEWC_PARA,4917,Capesize,200000,300,47.5,18,0,,1,85.71,68.64,108.9,15.56,57.2,39.96,10.22,22.85,12.09,24.75
2025-07-10,191,7,1,Paradip,0,1,,,,,,,,0,0.5204,6.29,,18.7,16.5,46,300,,RT_NEWC_PARA,4917,Capesize,200000,300,47.5,18,0,,1,85.71,68.64,108.9,15.56,57.2,39.96,10.22,22.85,12.09,24.75
2025-07-11,192,7,0,Newcastle,1,0,170.0,13.5,36.0,1.0692,14.44,44.98,115.97,1,,,0.0,18.3,16.2,50,300,211.0,RT_NEWC_PARA,4917,Capesize,200000,300,47.5,18,0,,1,85.73,70.36,108.85,15.37,56.37,39.6,10.28,21.88,11.94,25.34
2025-07-11,192,7,1,Paradip,0,1,,,,,,,,0,0.5204,6.54,,18.7,16.5,46,300,,RT_NEWC_PARA,4917,Capesize,200000,300,47.5,18,0,,1,85.73,70.36,108.85,15.37,56.37,39.6,10.28,21.88,11.94,25.34
2025-07-12,193,7,0,Newcastle,1,0,170.0,13.5,36.0,1.0692,16.15,38.72,113.61,1,,,0.0,18.3,16.2,50,300,211.0,RT_NEWC_PARA,4917,Capesize,200000,300,47.5,18,0,,1,,,,,,,,,,
2025-07-12,193,7,1,Paradip,0,1,,,,,,,,0,0.5204,7.76,,18.7,16.5,46,300,,RT_NEWC_PARA,4917,Capesize,200000,300,47.5,18,0,,1,,,,,,,,,,
2025-07-13,194,7,0,Newcastle,1,0,170.0,13.5,36.0,1.0692,14.37,38.06,106.07,1,,,0.0,18.3,16.2,50,300,211.0,RT_NEWC_PARA,4917,Capesize,200000,300,47.5,18,0,,1,,,,,,,,,,
2025-07-13,194,7,1,Paradip,0,1,,,,,,,,0,0.5204,7.4,,18.7,16.5,46,300,,RT_NEWC_PARA,4917,Capesize,200000,300,47.5,18,0,,1,,,,,,,,,,
2025-07-14,195,7,0,Newcastle,1,0,170.0,13.5,36.0,1.0692,14.95,36.36,105.87,1,,,0.0,18.3,16.2,50,300,211.0,RT_NEWC_PARA,4917,Capesize,200000,300,47.5,18,0,,1,85.82,69.21,106.3,15.27,55.61,39.13,10.01,22.22,12.63,27.55
2025-07-14,195,7,1,Paradip,0,1,,,,,,,,0,0.5204,6.48,,18.7,16.5,46,300,,RT_NEWC_PARA,4917,Capesize,200000,300,47.5,18,0,,1,85.82,69.21,106.3,15.27,55.61,39.13,10.01,22.22,12.63,27.55
2025-07-15,196,7,0,Newcastle,1,0,170.0,13.5,36.0,1.0692,15.17,40.15,111.95,1,,,0.0,18.3,16.2,50,300,211.0,RT_NEWC_PARA,4917,Capesize,200000,300,47.5,18,0,,1,85.97,68.71,104.9,15.25,55.03,38.55,10.13,21.91,11.75,25.07
2025-07-15,196,7,1,Paradip,0,1,,,,,,,,0,0.5204,7.53,,18.7,16.5,46,300,,RT_NEWC_PARA,4917,Capesize,200000,300,47.5,18,0,,1,85.97,68.71,104.9,15.25,55.03,38.55,10.13,21.91,11.75,25.07
2025-07-16,197,7,0,Newcastle,1,0,170.0,13.5,36.0,1.0692,14.87,37.77,107.55,1,,,0.0,18.3,16.2,50,300,211.0,RT_NEWC_PARA,4917,Capesize,200000,300,47.5,18,0,,1,85.99,68.52,105.0,15.03,55.4,39.05,10.1,22.64,11.57,27.93
2025-07-16,197,7,1,Paradip,0,1,,,,,,,,0,0.5204,6.0,,18.7,16.5,46,300,,RT_NEWC_PARA,4917,Capesize,200000,300,47.5,18,0,,1,85.99,68.52,105.0,15.03,55.4,39.05,10.1,22.64,11.57,27.93
2025-07-17,198,7,0,Newcastle,1,0,170.0,13.5,36.0,1.0692,14.06,40.83,108.79,1,,,0.0,18.3,16.2,50,300,211.0,RT_NEWC_PARA,4917,Capesize,200000,300,47.5,18,0,,1,85.89,69.52,104.65,14.94,55.42,38.69,10.11,21.05,11.59,24.2
2025-07-17,198,7,1,Paradip,0,1,,,,,,,,0,0.5204,7.23,,18.7,16.5,46,300,,RT_NEWC_PARA,4917,Capesize,200000,300,47.5,18,0,,1,85.89,69.52,104.65,14.94,55.42,38.69,10.11,21.05,11.59,24.2
2025-07-18,199,7,0,Newcastle,1,0,170.0,13.5,36.0,1.0692,14.03,33.51,98.51,1,,,0.0,18.3,16.2,50,300,211.0,RT_NEWC_PARA,4917,Capesize,200000,300,47.5,18,0,,1,86.05,69.28,104.65,14.72,55.3,38.36,10.02,21.92,11.29,26.46
2025-07-18,199,7,1,Paradip,0,1,,,,,,,,0,0.5204,7.57,,18.7,16.5,46,300,,RT_NEWC_PARA,4917,Capesize,200000,300,47.5,18,0,,1,86.05,69.28,104.65,14.72,55.3,38.36,10.02,21.92,11.29,26.46
2025-07-19,200,7,0,Newcastle,1,0,170.0,13.5,36.0,1.0692,16.07,40.73,116.09,1,,,0.0,18.3,16.2,50,300,211.0,RT_NEWC_PARA,4917,Capesize,200000,300,47.5,18,0,,1,,,,,,,,,,
2025-07-19,200,7,1,Paradip,0,1,,,,,,,,0,0.5204,6.8,,18.7,16.5,46,300,,RT_NEWC_PARA,4917,Capesize,200000,300,47.5,18,0,,1,,,,,,,,,,
2025-07-20,201,7,0,Newcastle,1,0,170.0,13.5,36.0,1.0692,12.63,31.08,89.95,1,,,0.0,18.3,16.2,50,300,211.0,RT_NEWC_PARA,4917,Capesize,200000,300,47.5,18,0,,1,,,,,,,,,,
2025-07-20,201,7,1,Paradip,0,1,,,,,,,,0,0.5204,7.88,,18.7,16.5,46,300,,RT_NEWC_PARA,4917,Capesize,200000,300,47.5,18,0,,1,,,,,,,,,,
2025-07-21,202,7,0,Newcastle,1,0,170.0,13.5,36.0,1.0692,17.34,39.58,119.19,1,,,0.0,18.3,16.2,50,300,211.0,RT_NEWC_PARA,4917,Capesize,200000,300,47.5,18,0,,1,86.15,69.21,104.15,14.38,56.33,38.47,9.77,22.88,11.69,26.15
2025-07-21,202,7,1,Paradip,0,1,,,,,,,,0,0.5204,5.93,,18.7,16.5,46,300,,RT_NEWC_PARA,4917,Capesize,200000,300,47.5,18,0,,1,86.15,69.21,104.15,14.38,56.33,38.47,9.77,22.88,11.69,26.15
2025-07-22,203,7,0,Newcastle,1,0,170.0,13.5,36.0,1.0692,14.99,34.59,103.57,1,,,0.0,18.3,16.2,50,300,211.0,RT_NEWC_PARA,4917,Capesize,200000,300,47.5,18,0,,1,86.2,68.59,104.5,14.58,57.14,38.45,9.8,23.5,12.53,25.9
2025-07-22,203,7,1,Paradip,0,1,,,,,,,,0,0.5204,6.16,,18.7,16.5,46,300,,RT_NEWC_PARA,4917,Capesize,200000,300,47.5,18,0,,1,86.2,68.59,104.5,14.58,57.14,38.45,9.8,23.5,12.53,25.9
2025-07-23,204,7,0,Newcastle,1,0,170.0,13.5,36.0,1.0692,14.55,38.28,107.06,1,,,0.0,18.3,16.2,50,300,211.0,RT_NEWC_PARA,4917,Capesize,200000,300,47.5,18,0,,1,86.34,68.51,104.65,14.57,58.0,38.55,9.76,22.78,12.52,25.57
2025-07-23,204,7,1,Paradip,0,1,,,,,,,,0,0.5204,5.63,,18.7,16.5,46,300,,RT_NEWC_PARA,4917,Capesize,200000,300,47.5,18,0,,1,86.34,68.51,104.65,14.57,58.0,38.55,9.76,22.78,12.52,25.57
2025-07-24,205,7,0,Newcastle,1,0,170.0,13.5,36.0,1.0692,14.85,40.16,110.77,1,,,0.0,18.3,16.2,50,300,211.0,RT_NEWC_PARA,4917,Capesize,200000,300,47.5,18,0,,1,86.4,69.18,104.5,14.58,57.99,38.18,9.68,21.09,11.7,26.61
2025-07-24,205,7,1,Paradip,0,1,,,,,,,,0,0.5204,5.5,,18.7,16.5,46,300,,RT_NEWC_PARA,4917,Capesize,200000,300,47.5,18,0,,1,86.4,69.18,104.5,14.58,57.99,38.18,9.68,21.09,11.7,26.61
2025-07-25,206,7,0,Newcastle,1,0,170.0,13.5,36.0,1.0692,15.51,42.56,116.56,1,,,0.0,18.3,16.2,50,300,211.0,RT_NEWC_PARA,4917,Capesize,200000,300,47.5,18,0,,1,86.43,68.44,104.41,14.53,57.6,38.29,9.53,21.84,11.28,24.51
2025-07-25,206,7,1,Paradip,0,1,,,,,,,,0,0.5204,6.67,,18.7,16.5,46,300,,RT_NEWC_PARA,4917,Capesize,200000,300,47.5,18,0,,1,86.43,68.44,104.41,14.53,57.6,38.29,9.53,21.84,11.28,24.51
2025-07-26,207,7,0,Newcastle,1,0,170.0,13.5,36.0,1.0692,13.37,41.83,107.61,1,,,0.0,18.3,16.2,50,300,211.0,RT_NEWC_PARA,4917,Capesize,200000,300,47.5,18,0,,1,,,,,,,,,,
2025-07-26,207,7,1,Paradip,0,1,,,,,,,,0,0.5204,5.42,,18.7,16.5,46,300,,RT_NEWC_PARA,4917,Capesize,200000,300,47.5,18,0,,1,,,,,,,,,,
2025-07-27,208,7,0,Newcastle,1,0,170.0,13.5,36.0,1.0692,16.12,37.38,111.62,1,,,0.0,18.3,16.2,50,300,211.0,RT_NEWC_PARA,4917,Capesize,200000,300,47.5,18,0,,1,,,,,,,,,,
2025-07-27,208,7,1,Paradip,0,1,,,,,,,,0,0.5204,5.24,,18.7,16.5,46,300,,RT_NEWC_PARA,4917,Capesize,200000,300,47.5,18,0,,1,,,,,,,,,,
2025-07-28,209,7,0,Newcastle,1,0,170.0,13.5,36.0,1.0692,14.59,39.14,108.4,1,,,0.0,18.3,16.2,50,300,211.0,RT_NEWC_PARA,4917,Capesize,200000,300,47.5,18,0,,1,86.51,70.04,103.4,14.87,56.71,39.06,9.59,23.59,12.57,26.71
2025-07-28,209,7,1,Paradip,0,1,,,,,,,,0,0.5204,6.41,,18.7,16.5,46,300,,RT_NEWC_PARA,4917,Capesize,200000,300,47.5,18,0,,1,86.51,70.04,103.4,14.87,56.71,39.06,9.59,23.59,12.57,26.71
2025-07-29,210,7,0,Newcastle,1,0,170.0,13.5,36.0,1.0692,14.0,36.14,102.04,1,,,0.0,18.3,16.2,50,300,211.0,RT_NEWC_PARA,4917,Capesize,200000,300,47.5,18,0,,1,86.78,72.51,104.85,14.97,57.45,39.03,9.61,23.3,12.56,26.56
2025-07-29,210,7,1,Paradip,0,1,,,,,,,,0,0.5204,7.72,,18.7,16.5,46,300,,RT_NEWC_PARA,4917,Capesize,200000,300,47.5,18,0,,1,86.78,72.51,104.85,14.97,57.45,39.03,9.61,23.3,12.56,26.56
2025-07-30,211,7,0,Newcastle,1,0,170.0,13.5,36.0,1.0692,14.98,34.58,103.49,1,,,0.0,18.3,16.2,50,300,211.0,RT_NEWC_PARA,4917,Capesize,200000,300,47.5,18,0,,1,87.06,73.24,104.45,14.94,57.36,39.44,9.68,22.27,12.83,26.18
2025-07-30,211,7,1,Paradip,0,1,,,,,,,,0,0.5204,5.88,,18.7,16.5,46,300,,RT_NEWC_PARA,4917,Capesize,200000,300,47.5,18,0,,1,87.06,73.24,104.45,14.94,57.36,39.44,9.68,22.27,12.83,26.18
2025-07-31,212,7,0,Newcastle,1,0,170.0,13.5,36.0,1.0692,13.79,41.36,108.51,1,,,0.0,18.3,16.2,50,300,211.0,RT_NEWC_PARA,4917,Capesize,200000,300,47.5,18,0,,1,87.71,72.53,104.05,15.03,56.51,39.51,9.65,21.86,12.1,26.51
2025-07-31,212,7,1,Paradip,0,1,,,,,,,,0,0.5204,6.48,,18.7,16.5,46,300,,RT_NEWC_PARA,4917,Capesize,200000,300,47.5,18,0,,1,87.71,72.53,104.05,15.03,56.51,39.51,9.65,21.86,12.1,26.51
2025-08-01,213,8,0,Newcastle,1,0,170.0,13.5,36.0,1.0692,13.49,34.27,97.57,1,,,0.0,18.3,16.2,50,300,211.0,RT_NEWC_PARA,4917,Capesize,200000,300,47.5,18,0,,1,87.49,69.67,103.55,14.97,55.67,39.5,9.67,22.23,11.69,26.02
2025-08-01,213,8,1,Paradip,0,1,,,,,,,,0,0.5204,7.53,,18.7,16.5,46,300,,RT_NEWC_PARA,4917,Capesize,200000,300,47.5,18,0,,1,87.49,69.67,103.55,14.97,55.67,39.5,9.67,22.23,11.69,26.02
2025-08-02,214,8,0,Newcastle,1,0,170.0,13.5,36.0,1.0692,14.73,38.04,107.4,1,,,0.0,18.3,16.2,50,300,211.0,RT_NEWC_PARA,4917,Capesize,200000,300,47.5,18,0,,1,,,,,,,,,,
2025-08-02,214,8,1,Paradip,0,1,,,,,,,,0,0.5204,7.01,,18.7,16.5,46,300,,RT_NEWC_PARA,4917,Capesize,200000,300,47.5,18,0,,1,,,,,,,,,,
2025-08-03,215,8,0,Newcastle,1,0,170.0,13.5,36.0,1.0692,14.24,39.0,106.92,1,,,0.0,18.3,16.2,50,300,211.0,RT_NEWC_PARA,4917,Capesize,200000,300,47.5,18,0,,1,,,,,,,,,,
2025-08-03,215,8,1,Paradip,0,1,,,,,,,,0,0.5204,6.1,,18.7,16.5,46,300,,RT_NEWC_PARA,4917,Capesize,200000,300,47.5,18,0,,1,,,,,,,,,,
2025-08-04,216,8,0,Newcastle,1,0,170.0,13.5,36.0,1.0692,15.28,40.15,112.36,1,,,0.0,18.3,16.2,50,300,211.0,RT_NEWC_PARA,4917,Capesize,200000,300,47.5,18,0,,1,87.25,68.76,103.15,14.85,57.38,40.43,9.44,23.12,12.58,27.47
2025-08-04,216,8,1,Paradip,0,1,,,,,,,,0,0.5204,7.53,,18.7,16.5,46,300,,RT_NEWC_PARA,4917,Capesize,200000,300,47.5,18,0,,1,87.25,68.76,103.15,14.85,57.38,40.43,9.44,23.12,12.58,27.47
2025-08-05,217,8,0,Newcastle,1,0,170.0,13.5,36.0,1.0692,15.1,39.23,110.42,1,,,0.0,18.3,16.2,50,300,211.0,RT_NEWC_PARA,4917,Capesize,200000,300,47.5,18,0,,1,87.89,67.64,103.0,14.72,57.46,40.7,9.5,23.86,12.51,27.82
2025-08-05,217,8,1,Paradip,0,1,,,,,,,,0,0.5204,7.56,,18.7,16.5,46,300,,RT_NEWC_PARA,4917,Capesize,200000,300,47.5,18,0,,1,87.89,67.64,103.0,14.72,57.46,40.7,9.5,23.86,12.51,27.82
2025-08-06,218,8,0,Newcastle,1,0,170.0,13.5,36.0,1.0692,14.33,37.72,105.46,1,,,0.0,18.3,16.2,50,300,211.0,RT_NEWC_PARA,4917,Capesize,200000,300,47.5,18,0,,1,87.72,66.89,102.2,14.81,58.33,40.5,9.36,23.33,12.33,26.88
2025-08-06,218,8,1,Paradip,0,1,,,,,,,,0,0.5204,6.76,,18.7,16.5,46,300,,RT_NEWC_PARA,4917,Capesize,200000,300,47.5,18,0,,1,87.72,66.89,102.2,14.81,58.33,40.5,9.36,23.33,12.33,26.88
2025-08-07,219,8,0,Newcastle,1,0,170.0,13.5,36.0,1.0692,13.2,35.38,98.01,1,,,0.0,18.3,16.2,50,300,211.0,RT_NEWC_PARA,4917,Capesize,200000,300,47.5,18,0,,1,87.76,66.43,101.55,15.03,58.26,41.11,9.3,21.25,11.41,28.55
2025-08-07,219,8,1,Paradip,0,1,,,,,,,,0,0.5204,6.5,,18.7,16.5,46,300,,RT_NEWC_PARA,4917,Capesize,200000,300,47.5,18,0,,1,87.76,66.43,101.55,15.03,58.26,41.11,9.3,21.25,11.41,28.55
2025-08-08,220,8,0,Newcastle,1,0,170.0,13.5,36.0,1.0692,13.82,36.27,101.55,1,,,0.0,18.3,16.2,50,300,211.0,RT_NEWC_PARA,4917,Capesize,200000,300,47.5,18,0,,1,87.43,66.59,101.0,15.24,58.15,41.48,9.44,22.52,11.93,25.94
2025-08-08,220,8,1,Paradip,0,1,,,,,,,,0,0.5204,6.2,,18.7,16.5,46,300,,RT_NEWC_PARA,4917,Capesize,200000,300,47.5,18,0,,1,87.43,66.59,101.0,15.24,58.15,41.48,9.44,22.52,11.93,25.94
2025-08-09,221,8,0,Newcastle,1,0,170.0,13.5,36.0,1.0692,14.84,38.62,108.58,1,,,0.0,18.3,16.2,50,300,211.0,RT_NEWC_PARA,4917,Capesize,200000,300,47.5,18,0,,1,,,,,,,,,,
2025-08-09,221,8,1,Paradip,0,1,,,,,,,,0,0.5204,5.53,,18.7,16.5,46,300,,RT_NEWC_PARA,4917,Capesize,200000,300,47.5,18,0,,1,,,,,,,,,,
2025-08-10,222,8,0,Newcastle,1,0,170.0,13.5,36.0,1.0692,15.51,40.34,113.49,1,,,0.0,18.3,16.2,50,300,211.0,RT_NEWC_PARA,4917,Capesize,200000,300,47.5,18,0,,1,,,,,,,,,,
2025-08-10,222,8,1,Paradip,0,1,,,,,,,,0,0.5204,5.07,,18.7,16.5,46,300,,RT_NEWC_PARA,4917,Capesize,200000,300,47.5,18,0,,1,,,,,,,,,,
2025-08-11,223,8,0,Newcastle,1,0,170.0,13.5,36.0,1.0692,13.65,39.86,105.92,1,,,0.0,18.3,16.2,50,300,211.0,RT_NEWC_PARA,4917,Capesize,200000,300,47.5,18,0,,1,87.49,66.63,101.3,15.19,57.59,42.03,9.57,23.84,13.71,27.0
2025-08-11,223,8,1,Paradip,0,1,,,,,,,,0,0.5204,5.92,,18.7,16.5,46,300,,RT_NEWC_PARA,4917,Capesize,200000,300,47.5,18,0,,1,87.49,66.63,101.3,15.19,57.59,42.03,9.57,23.84,13.71,27.0
2025-08-12,224,8,0,Newcastle,1,0,170.0,13.5,36.0,1.0692,12.7,38.32,100.25,1,,,0.0,18.3,16.2,50,300,211.0,RT_NEWC_PARA,4917,Capesize,200000,300,47.5,18,0,,1,87.66,66.12,100.3,15.3,58.46,41.68,9.52,21.76,12.46,27.01
2025-08-12,224,8,1,Paradip,0,1,,,,,,,,0,0.5204,5.83,,18.7,16.5,46,300,,RT_NEWC_PARA,4917,Capesize,200000,300,47.5,18,0,,1,87.66,66.12,100.3,15.3,58.46,41.68,9.52,21.76,12.46,27.01
2025-08-13,225,8,0,Newcastle,1,0,170.0,13.5,36.0,1.0692,13.35,38.97,103.58,1,,,0.0,18.3,16.2,50,300,211.0,RT_NEWC_PARA,4917,Capesize,200000,300,47.5,18,0,,1,87.6,65.63,100.25,15.13,57.84,41.06,9.63,22.57,13.02,26.13
2025-08-13,225,8,1,Paradip,0,1,,,,,,,,0,0.5204,7.95,,18.7,16.5,46,300,,RT_NEWC_PARA,4917,Capesize,200000,300,47.5,18,0,,1,87.6,65.63,100.25,15.13,57.84,41.06,9.63,22.57,13.02,26.13
2025-08-14,226,8,0,Newcastle,1,0,170.0,13.5,36.0,1.0692,16.04,41.61,117.19,1,,,0.0,18.3,16.2,50,300,211.0,RT_NEWC_PARA,4917,Capesize,200000,300,47.5,18,0,,1,87.45,66.84,99.65,15.16,58.19,41.1,9.7,23.21,12.76,26.43
2025-08-14,226,8,1,Paradip,0,1,,,,,,,,0,0.5204,7.28,,18.7,16.5,46,300,,RT_NEWC_PARA,4917,Capesize,200000,300,47.5,18,0,,1,87.45,66.84,99.65,15.16,58.19,41.1,9.7,23.21,12.76,26.43
2025-08-15,227,8,0,Newcastle,1,0,170.0,13.5,36.0,1.0692,14.87,32.47,100.17,1,,,0.0,18.3,16.2,50,300,211.0,RT_NEWC_PARA,4917,Capesize,200000,300,47.5,18,0,,1,87.69,65.85,99.15,15.22,58.99,41.73,9.69,21.67,11.57,24.63
2025-08-15,227,8,1,Paradip,0,1,,,,,,,,0,0.5204,7.89,,18.7,16.5,46,300,,RT_NEWC_PARA,4917,Capesize,200000,300,47.5,18,0,,1,87.69,65.85,99.15,15.22,58.99,41.73,9.69,21.67,11.57,24.63
2025-08-16,228,8,0,Newcastle,1,0,170.0,13.5,36.0,1.0692,14.08,35.81,101.89,1,,,0.0,18.3,16.2,50,300,211.0,RT_NEWC_PARA,4917,Capesize,200000,300,47.5,18,0,,1,,,,,,,,,,
2025-08-16,228,8,1,Paradip,0,1,,,,,,,,0,0.5204,5.34,,18.7,16.5,46,300,,RT_NEWC_PARA,4917,Capesize,200000,300,47.5,18,0,,1,,,,,,,,,,
2025-08-17,229,8,0,Newcastle,1,0,170.0,13.5,36.0,1.0692,16.83,35.55,111.71,1,,,0.0,18.3,16.2,50,300,211.0,RT_NEWC_PARA,4917,Capesize,200000,300,47.5,18,0,,1,,,,,,,,,,
2025-08-17,229,8,1,Paradip,0,1,,,,,,,,0,0.5204,6.66,,18.7,16.5,46,300,,RT_NEWC_PARA,4917,Capesize,200000,300,47.5,18,0,,1,,,,,,,,,,
2025-08-18,230,8,0,Newcastle,1,0,170.0,13.5,36.0,1.0692,14.72,42.52,113.56,1,,,0.0,18.3,16.2,50,300,211.0,RT_NEWC_PARA,4917,Capesize,200000,300,47.5,18,0,,1,87.51,66.6,99.5,15.33,58.31,42.32,9.83,24.05,12.48,24.98
2025-08-18,230,8,1,Paradip,0,1,,,,,,,,0,0.5204,7.95,,18.7,16.5,46,300,,RT_NEWC_PARA,4917,Capesize,200000,300,47.5,18,0,,1,87.51,66.6,99.5,15.33,58.31,42.32,9.83,24.05,12.48,24.98
2025-08-19,231,8,0,Newcastle,1,0,170.0,13.5,36.0,1.0692,14.73,43.04,114.35,1,,,0.0,18.3,16.2,50,300,211.0,RT_NEWC_PARA,4917,Capesize,200000,300,47.5,18,0,,1,87.3,65.79,100.15,15.3,58.89,42.63,9.68,23.34,13.1,27.88
2025-08-19,231,8,1,Paradip,0,1,,,,,,,,0,0.5204,7.25,,18.7,16.5,46,300,,RT_NEWC_PARA,4917,Capesize,200000,300,47.5,18,0,,1,87.3,65.79,100.15,15.3,58.89,42.63,9.68,23.34,13.1,27.88
2025-08-20,232,8,0,Newcastle,1,0,170.0,13.5,36.0,1.0692,13.93,34.36,99.3,1,,,0.0,18.3,16.2,50,300,211.0,RT_NEWC_PARA,4917,Capesize,200000,300,47.5,18,0,,1,87.08,66.84,100.6,15.53,58.18,42.48,9.83,23.99,12.17,26.26
2025-08-20,232,8,1,Paradip,0,1,,,,,,,,0,0.5204,5.12,,18.7,16.5,46,300,,RT_NEWC_PARA,4917,Capesize,200000,300,47.5,18,0,,1,87.08,66.84,100.6,15.53,58.18,42.48,9.83,23.99,12.17,26.26
2025-08-21,233,8,0,Newcastle,1,0,170.0,13.5,36.0,1.0692,13.93,37.19,103.23,1,,,0.0,18.3,16.2,50,300,211.0,RT_NEWC_PARA,4917,Capesize,200000,300,47.5,18,0,,1,87.02,67.67,100.5,15.5,57.99,42.79,9.77,23.83,12.04,25.36
2025-08-21,233,8,1,Paradip,0,1,,,,,,,,0,0.5204,7.96,,18.7,16.5,46,300,,RT_NEWC_PARA,4917,Capesize,200000,300,47.5,18,0,,1,87.02,67.67,100.5,15.5,57.99,42.79,9.77,23.83,12.04,25.36
2025-08-22,234,8,0,Newcastle,1,0,170.0,13.5,36.0,1.0692,14.72,34.05,101.83,1,,,0.0,18.3,16.2,50,300,211.0,RT_NEWC_PARA,4917,Capesize,200000,300,47.5,18,0,,1,87.29,67.73,99.9,15.65,57.12,42.74,9.73,23.1,12.46,26.13
2025-08-22,234,8,1,Paradip,0,1,,,,,,,,0,0.5204,6.23,,18.7,16.5,46,300,,RT_NEWC_PARA,4917,Capesize,200000,300,47.5,18,0,,1,87.29,67.73,99.9,15.65,57.12,42.74,9.73,23.1,12.46,26.13
2025-08-23,235,8,0,Newcastle,1,0,170.0,13.5,36.0,1.0692,13.74,41.68,108.78,1,,,0.0,18.3,16.2,50,300,211.0,RT_NEWC_PARA,4917,Capesize,200000,300,47.5,18,0,,1,,,,,,,,,,
2025-08-23,235,8,1,Paradip,0,1,,,,,,,,0,0.5204,6.67,,18.7,16.5,46,300,,RT_NEWC_PARA,4917,Capesize,200000,300,47.5,18,0,,1,,,,,,,,,,
2025-08-24,236,8,0,Newcastle,1,0,170.0,13.5,36.0,1.0692,13.67,39.84,105.97,1,,,0.0,18.3,16.2,50,300,211.0,RT_NEWC_PARA,4917,Capesize,200000,300,47.5,18,0,,1,,,,,,,,,,
2025-08-24,236,8,1,Paradip,0,1,,,,,,,,0,0.5204,7.47,,18.7,16.5,46,300,,RT_NEWC_PARA,4917,Capesize,200000,300,47.5,18,0,,1,,,,,,,,,,
2025-08-25,237,8,0,Newcastle,1,0,170.0,13.5,36.0,1.0692,14.97,34.28,103.06,1,,,0.0,18.3,16.2,50,300,211.0,RT_NEWC_PARA,4917,Capesize,200000,300,47.5,18,0,,1,87.33,68.8,99.5,15.89,57.03,44.3,9.62,23.03,13.02,28.12
2025-08-25,237,8,1,Paradip,0,1,,,,,,,,0,0.5204,5.15,,18.7,16.5,46,300,,RT_NEWC_PARA,4917,Capesize,200000,300,47.5,18,0,,1,87.33,68.8,99.5,15.89,57.03,44.3,9.62,23.03,13.02,28.12
2025-08-26,238,8,0,Newcastle,1,0,170.0,13.5,36.0,1.0692,13.19,39.08,103.14,1,,,0.0,18.3,16.2,50,300,211.0,RT_NEWC_PARA,4917,Capesize,200000,300,47.5,18,0,,1,87.61,67.22,100.4,15.84,57.89,44.18,9.48,23.54,12.04,25.96
2025-08-26,238,8,1,Paradip,0,1,,,,,,,,0,0.5204,7.14,,18.7,16.5,46,300,,RT_NEWC_PARA,4917,Capesize,200000,300,47.5,18,0,,1,87.61,67.22,100.4,15.84,57.89,44.18,9.48,23.54,12.04,25.96
2025-08-27,239,8,0,Newcastle,1,0,170.0,13.5,36.0,1.0692,14.97,36.47,106.1,1,,,0.0,18.3,16.2,50,300,211.0,RT_NEWC_PARA,4917,Capesize,200000,300,47.5,18,0,,1,87.6,68.05,99.85,15.6,58.54,44.84,9.53,23.29,12.52,27.96
2025-08-27,239,8,1,Paradip,0,1,,,,,,,,0,0.5204,7.22,,18.7,16.5,46,300,,RT_NEWC_PARA,4917,Capesize,200000,300,47.5,18,0,,1,87.6,68.05,99.85,15.6,58.54,44.84,9.53,23.29,12.52,27.96
2025-08-28,240,8,0,Newcastle,1,0,170.0,13.5,36.0,1.0692,15.29,39.09,110.93,1,,,0.0,18.3,16.2,50,300,211.0,RT_NEWC_PARA,4917,Capesize,200000,300,47.5,18,0,,1,87.66,68.62,99.55,15.66,58.28,45.15,9.68,23.3,12.34,26.76
2025-08-28,240,8,1,Paradip,0,1,,,,,,,,0,0.5204,5.7,,18.7,16.5,46,300,,RT_NEWC_PARA,4917,Capesize,200000,300,47.5,18,0,,1,87.66,68.62,99.55,15.66,58.28,45.15,9.68,23.3,12.34,26.76
2025-08-29,241,8,0,Newcastle,1,0,170.0,13.5,36.0,1.0692,16.18,37.39,111.84,1,,,0.0,18.3,16.2,50,300,211.0,RT_NEWC_PARA,4917,Capesize,200000,300,47.5,18,0,,1,87.59,68.12,99.4,15.42,58.22,45.31,9.6,23.55,11.49,27.08
2025-08-29,241,8,1,Paradip,0,1,,,,,,,,0,0.5204,5.01,,18.7,16.5,46,300,,RT_NEWC_PARA,4917,Capesize,200000,300,47.5,18,0,,1,87.59,68.12,99.4,15.42,58.22,45.31,9.6,23.55,11.49,27.08
2025-08-30,242,8,0,Newcastle,1,0,170.0,13.5,36.0,1.0692,14.76,36.94,105.96,1,,,0.0,18.3,16.2,50,300,211.0,RT_NEWC_PARA,4917,Capesize,200000,300,47.5,18,0,,1,,,,,,,,,,
2025-08-30,242,8,1,Paradip,0,1,,,,,,,,0,0.5204,5.09,,18.7,16.5,46,300,,RT_NEWC_PARA,4917,Capesize,200000,300,47.5,18,0,,1,,,,,,,,,,
2025-08-31,243,8,0,Newcastle,1,0,170.0,13.5,36.0,1.0692,13.79,37.46,103.12,1,,,0.0,18.3,16.2,50,300,211.0,RT_NEWC_PARA,4917,Capesize,200000,300,47.5,18,0,,1,,,,,,,,,,
2025-08-31,243,8,1,Paradip,0,1,,,,,,,,0,0.5204,7.01,,18.7,16.5,46,300,,RT_NEWC_PARA,4917,Capesize,200000,300,47.5,18,0,,1,,,,,,,,,,
2025-09-01,244,9,0,Newcastle,0,0,155.0,13.5,36.0,0.9748,11.91,29.06,84.48,1,,,1.0,18.3,16.2,50,300,211.0,RT_NEWC_PARA,4917,Capesize,200000,300,47.5,18,0,,1,88.17,,,15.41,59.65,44.85,9.68,24.69,12.45,25.73
2025-09-01,244,9,1,Paradip,0,1,,,,,,,,0,0.5204,6.04,,18.7,16.5,46,300,,RT_NEWC_PARA,4917,Capesize,200000,300,47.5,18,0,,1,88.17,,,15.41,59.65,44.85,9.68,24.69,12.45,25.73
2025-09-02,245,9,0,Newcastle,0,0,155.0,13.5,36.0,0.9748,16.22,34.08,107.41,1,,,1.0,18.3,16.2,50,300,211.0,RT_NEWC_PARA,4917,Capesize,200000,300,47.5,18,0,,1,88.0,69.14,96.7,15.62,60.51,44.36,9.73,23.61,13.13,26.4
2025-09-02,245,9,1,Paradip,0,1,,,,,,,,0,0.5204,6.77,,18.7,16.5,46,300,,RT_NEWC_PARA,4917,Capesize,200000,300,47.5,18,0,,1,88.0,69.14,96.7,15.62,60.51,44.36,9.73,23.61,13.13,26.4
2025-09-03,246,9,0,Newcastle,0,0,155.0,13.5,36.0,0.9748,12.79,34.38,95.11,1,,,1.0,18.3,16.2,50,300,211.0,RT_NEWC_PARA,4917,Capesize,200000,300,47.5,18,0,,1,88.0,67.6,96.35,15.77,60.28,44.18,9.84,23.41,12.89,26.55
2025-09-03,246,9,1,Paradip,0,1,,,,,,,,0,0.5204,7.66,,18.7,16.5,46,300,,RT_NEWC_PARA,4917,Capesize,200000,300,47.5,18,0,,1,88.0,67.6,96.35,15.77,60.28,44.18,9.84,23.41,12.89,26.55
2025-09-04,247,9,0,Newcastle,0,0,155.0,13.5,36.0,0.9748,11.82,36.54,94.55,1,,,1.0,18.3,16.2,50,300,211.0,RT_NEWC_PARA,4917,Capesize,200000,300,47.5,18,0,,1,88.07,66.99,95.75,15.96,59.51,44.08,9.78,23.8,11.43,27.41
2025-09-04,247,9,1,Paradip,0,1,,,,,,,,0,0.5204,6.03,,18.7,16.5,46,300,,RT_NEWC_PARA,4917,Capesize,200000,300,47.5,18,0,,1,88.07,66.99,95.75,15.96,59.51,44.08,9.78,23.8,11.43,27.41
2025-09-05,248,9,0,Newcastle,0,0,155.0,13.5,36.0,0.9748,11.37,36.84,93.27,1,,,1.0,18.3,16.2,50,300,211.0,RT_NEWC_PARA,4917,Capesize,200000,300,47.5,18,0,,1,88.19,65.5,94.85,15.96,59.46,44.12,9.83,24.11,11.5,26.84
2025-09-05,248,9,1,Paradip,0,1,,,,,,,,0,0.5204,8.0,,18.7,16.5,46,300,,RT_NEWC_PARA,4917,Capesize,200000,300,47.5,18,0,,1,88.19,65.5,94.85,15.96,59.46,44.12,9.83,24.11,11.5,26.84
2025-09-06,249,9,0,Newcastle,0,0,155.0,13.5,36.0,0.9748,13.37,34.25,97.08,1,,,1.0,18.3,16.2,50,300,211.0,RT_NEWC_PARA,4917,Capesize,200000,300,47.5,18,0,,1,,,,,,,,,,
2025-09-06,249,9,1,Paradip,0,1,,,,,,,,0,0.5204,5.41,,18.7,16.5,46,300,,RT_NEWC_PARA,4917,Capesize,200000,300,47.5,18,0,,1,,,,,,,,,,
2025-09-07,250,9,0,Newcastle,0,0,155.0,13.5,36.0,0.9748,13.9,30.77,94.21,1,,,1.0,18.3,16.2,50,300,211.0,RT_NEWC_PARA,4917,Capesize,200000,300,47.5,18,0,,1,,,,,,,,,,
2025-09-07,250,9,1,Paradip,0,1,,,,,,,,0,0.5204,6.18,,18.7,16.5,46,300,,RT_NEWC_PARA,4917,Capesize,200000,300,47.5,18,0,,1,,,,,,,,,,
2025-09-08,251,9,0,Newcastle,0,0,155.0,13.5,36.0,0.9748,12.69,39.71,102.16,1,,,1.0,18.3,16.2,50,300,211.0,RT_NEWC_PARA,4917,Capesize,200000,300,47.5,18,0,,1,88.19,66.02,94.6,15.86,57.86,43.16,9.62,25.11,13.41,25.96
2025-09-08,251,9,1,Paradip,0,1,,,,,,,,0,0.5204,5.4,,18.7,16.5,46,300,,RT_NEWC_PARA,4917,Capesize,200000,300,47.5,18,0,,1,88.19,66.02,94.6,15.86,57.86,43.16,9.62,25.11,13.41,25.96
2025-09-09,252,9,0,Newcastle,0,0,155.0,13.5,36.0,0.9748,15.16,32.33,101.06,1,,,1.0,18.3,16.2,50,300,211.0,RT_NEWC_PARA,4917,Capesize,200000,300,47.5,18,0,,1,87.98,66.39,94.2,15.62,58.2,43.15,9.59,25.26,13.01,26.63
2025-09-09,252,9,1,Paradip,0,1,,,,,,,,0,0.5204,5.61,,18.7,16.5,46,300,,RT_NEWC_PARA,4917,Capesize,200000,300,47.5,18,0,,1,87.98,66.39,94.2,15.62,58.2,43.15,9.59,25.26,13.01,26.63
2025-09-10,253,9,0,Newcastle,0,0,155.0,13.5,36.0,0.9748,13.54,32.92,95.89,1,,,1.0,18.3,16.2,50,300,211.0,RT_NEWC_PARA,4917,Capesize,200000,300,47.5,18,0,,1,88.22,67.49,93.0,15.86,57.89,43.78,9.67,24.8,12.03,26.54
2025-09-10,253,9,1,Paradip,0,1,,,,,,,,0,0.5204,6.9,,18.7,16.5,46,300,,RT_NEWC_PARA,4917,Capesize,200000,300,47.5,18,0,,1,88.22,67.49,93.0,15.86,57.89,43.78,9.67,24.8,12.03,26.54
2025-09-11,254,9,0,Newcastle,0,0,155.0,13.5,36.0,0.9748,14.62,34.28,101.75,1,,,1.0,18.3,16.2,50,300,211.0,RT_NEWC_PARA,4917,Capesize,200000,300,47.5,18,0,,1,88.05,66.37,93.15,16.1,57.77,44.44,9.53,25.6,11.92,27.13
2025-09-11,254,9,1,Paradip,0,1,,,,,,,,0,0.5204,7.88,,18.7,16.5,46,300,,RT_NEWC_PARA,4917,Capesize,200000,300,47.5,18,0,,1,88.05,66.37,93.15,16.1,57.77,44.44,9.53,25.6,11.92,27.13
2025-09-12,255,9,0,Newcastle,0,0,155.0,13.5,36.0,0.9748,13.14,32.84,94.27,1,,,1.0,18.3,16.2,50,300,211.0,RT_NEWC_PARA,4917,Capesize,200000,300,47.5,18,0,,1,88.27,66.99,93.0,16.09,57.5,44.87,9.65,23.77,11.44,25.4
2025-09-12,255,9,1,Paradip,0,1,,,,,,,,0,0.5204,5.85,,18.7,16.5,46,300,,RT_NEWC_PARA,4917,Capesize,200000,300,47.5,18,0,,1,88.27,66.99,93.0,16.09,57.5,44.87,9.65,23.77,11.44,25.4
2025-09-13,256,9,0,Newcastle,0,0,155.0,13.5,36.0,0.9748,13.06,30.83,91.2,1,,,1.0,18.3,16.2,50,300,211.0,RT_NEWC_PARA,4917,Capesize,200000,300,47.5,18,0,,1,,,,,,,,,,
2025-09-13,256,9,1,Paradip,0,1,,,,,,,,0,0.5204,5.98,,18.7,16.5,46,300,,RT_NEWC_PARA,4917,Capesize,200000,300,47.5,18,0,,1,,,,,,,,,,
2025-09-14,257,9,0,Newcastle,0,0,155.0,13.5,36.0,0.9748,13.74,33.79,97.81,1,,,1.0,18.3,16.2,50,300,211.0,RT_NEWC_PARA,4917,Capesize,200000,300,47.5,18,0,,1,,,,,,,,,,
2025-09-14,257,9,1,Paradip,0,1,,,,,,,,0,0.5204,7.23,,18.7,16.5,46,300,,RT_NEWC_PARA,4917,Capesize,200000,300,47.5,18,0,,1,,,,,,,,,,
2025-09-15,258,9,0,Newcastle,0,0,155.0,13.5,36.0,0.9748,14.1,35.78,101.92,1,,,1.0,18.3,16.2,50,300,211.0,RT_NEWC_PARA,4917,Capesize,200000,300,47.5,18,0,,1,88.28,67.44,93.0,16.28,58.37,44.36,9.68,24.53,12.06,28.46
2025-09-15,258,9,1,Paradip,0,1,,,,,,,,0,0.5204,5.9,,18.7,16.5,46,300,,RT_NEWC_PARA,4917,Capesize,200000,300,47.5,18,0,,1,88.28,67.44,93.0,16.28,58.37,44.36,9.68,24.53,12.06,28.46
2025-09-16,259,9,0,Newcastle,0,0,155.0,13.5,36.0,0.9748,11.58,37.18,94.53,1,,,1.0,18.3,16.2,50,300,211.0,RT_NEWC_PARA,4917,Capesize,200000,300,47.5,18,0,,1,88.12,68.47,93.35,16.16,57.97,44.66,9.54,25.11,11.93,29.23
2025-09-16,259,9,1,Paradip,0,1,,,,,,,,0,0.5204,5.47,,18.7,16.5,46,300,,RT_NEWC_PARA,4917,Capesize,200000,300,47.5,18,0,,1,88.12,68.47,93.35,16.16,57.97,44.66,9.54,25.11,11.93,29.23
2025-09-17,260,9,0,Newcastle,0,0,155.0,13.5,36.0,0.9748,16.02,36.14,109.53,1,,,1.0,18.3,16.2,50,300,211.0,RT_NEWC_PARA,4917,Capesize,200000,300,47.5,18,0,,1,87.88,67.95,93.55,16.4,58.62,45.29,9.53,25.61,12.98,27.49
2025-09-17,260,9,1,Paradip,0,1,,,,,,,,0,0.5204,7.38,,18.7,16.5,46,300,,RT_NEWC_PARA,4917,Capesize,200000,300,47.5,18,0,,1,87.88,67.95,93.55,16.4,58.62,45.29,9.53,25.61,12.98,27.49
2025-09-18,261,9,0,Newcastle,0,0,155.0,13.5,36.0,0.9748,12.96,37.14,99.58,1,,,1.0,18.3,16.2,50,300,211.0,RT_NEWC_PARA,4917,Capesize,200000,300,47.5,18,0,,1,87.91,67.44,94.15,16.25,59.08,45.23,9.6,23.44,11.87,26.72
2025-09-18,261,9,1,Paradip,0,1,,,,,,,,0,0.5204,6.43,,18.7,16.5,46,300,,RT_NEWC_PARA,4917,Capesize,200000,300,47.5,18,0,,1,87.91,67.44,94.15,16.25,59.08,45.23,9.6,23.44,11.87,26.72
2025-09-19,262,9,0,Newcastle,0,0,155.0,13.5,36.0,0.9748,14.66,33.79,101.24,1,,,1.0,18.3,16.2,50,300,211.0,RT_NEWC_PARA,4917,Capesize,200000,300,47.5,18,0,,1,88.21,66.68,93.75,16.4,59.05,45.0,9.68,23.44,11.72,27.58
2025-09-19,262,9,1,Paradip,0,1,,,,,,,,0,0.5204,7.44,,18.7,16.5,46,300,,RT_NEWC_PARA,4917,Capesize,200000,300,47.5,18,0,,1,88.21,66.68,93.75,16.4,59.05,45.0,9.68,23.44,11.72,27.58
2025-09-20,263,9,0,Newcastle,0,0,155.0,13.5,36.0,0.9748,12.56,34.01,93.75,1,,,1.0,18.3,16.2,50,300,211.0,RT_NEWC_PARA,4917,Capesize,200000,300,47.5,18,0,,1,,,,,,,,,,
2025-09-20,263,9,1,Paradip,0,1,,,,,,,,0,0.5204,5.56,,18.7,16.5,46,300,,RT_NEWC_PARA,4917,Capesize,200000,300,47.5,18,0,,1,,,,,,,,,,
2025-09-21,264,9,0,Newcastle,0,0,155.0,13.5,36.0,0.9748,14.11,38.84,106.2,1,,,1.0,18.3,16.2,50,300,211.0,RT_NEWC_PARA,4917,Capesize,200000,300,47.5,18,0,,1,,,,,,,,,,
2025-09-21,264,9,1,Paradip,0,1,,,,,,,,0,0.5204,6.96,,18.7,16.5,46,300,,RT_NEWC_PARA,4917,Capesize,200000,300,47.5,18,0,,1,,,,,,,,,,
2025-09-22,265,9,0,Newcastle,0,0,155.0,13.5,36.0,0.9748,12.65,35.88,96.69,1,,,1.0,18.3,16.2,50,300,211.0,RT_NEWC_PARA,4917,Capesize,200000,300,47.5,18,0,,1,88.1,66.57,93.0,16.4,57.29,45.08,9.37,25.36,12.82,28.29
2025-09-22,265,9,1,Paradip,0,1,,,,,,,,0,0.5204,6.3,,18.7,16.5,46,300,,RT_NEWC_PARA,4917,Capesize,200000,300,47.5,18,0,,1,88.1,66.57,93.0,16.4,57.29,45.08,9.37,25.36,12.82,28.29
2025-09-23,266,9,0,Newcastle,0,0,155.0,13.5,36.0,0.9748,14.3,29.46,93.9,1,,,1.0,18.3,16.2,50,300,211.0,RT_NEWC_PARA,4917,Capesize,200000,300,47.5,18,0,,1,88.3,67.63,93.0,16.33,57.5,45.76,9.43,25.48,13.2,28.72
2025-09-23,266,9,1,Paradip,0,1,,,,,,,,0,0.5204,5.31,,18.7,16.5,46,300,,RT_NEWC_PARA,4917,Capesize,200000,300,47.5,18,0,,1,88.3,67.63,93.0,16.33,57.5,45.76,9.43,25.48,13.2,28.72
2025-09-24,267,9,0,Newcastle,0,0,155.0,13.5,36.0,0.9748,12.22,29.29,85.95,1,,,1.0,18.3,16.2,50,300,211.0,RT_NEWC_PARA,4917,Capesize,200000,300,47.5,18,0,,1,88.81,69.31,93.0,16.25,58.37,45.08,9.48,25.18,13.25,29.02
2025-09-24,267,9,1,Paradip,0,1,,,,,,,,0,0.5204,5.2,,18.7,16.5,46,300,,RT_NEWC_PARA,4917,Capesize,200000,300,47.5,18,0,,1,88.81,69.31,93.0,16.25,58.37,45.08,9.48,25.18,13.25,29.02
2025-09-25,268,9,0,Newcastle,0,0,155.0,13.5,36.0,0.9748,12.06,34.59,92.72,1,,,1.0,18.3,16.2,50,300,211.0,RT_NEWC_PARA,4917,Capesize,200000,300,47.5,18,0,,1,88.78,69.42,92.75,16.47,57.85,44.41,9.63,23.75,12.37,28.48
2025-09-25,268,9,1,Paradip,0,1,,,,,,,,0,0.5204,5.94,,18.7,16.5,46,300,,RT_NEWC_PARA,4917,Capesize,200000,300,47.5,18,0,,1,88.78,69.42,92.75,16.47,57.85,44.41,9.63,23.75,12.37,28.48
2025-09-26,269,9,0,Newcastle,0,0,155.0,13.5,36.0,0.9748,12.87,32.52,92.82,1,,,1.0,18.3,16.2,50,300,211.0,RT_NEWC_PARA,4917,Capesize,200000,300,47.5,18,0,,1,88.77,70.13,92.95,16.72,57.09,44.89,9.58,23.06,11.89,27.79
2025-09-26,269,9,1,Paradip,0,1,,,,,,,,0,0.5204,6.15,,18.7,16.5,46,300,,RT_NEWC_PARA,4917,Capesize,200000,300,47.5,18,0,,1,88.77,70.13,92.95,16.72,57.09,44.89,9.58,23.06,11.89,27.79
2025-09-27,270,9,0,Newcastle,0,0,155.0,13.5,36.0,0.9748,14.42,32.65,98.76,1,,,1.0,18.3,16.2,50,300,211.0,RT_NEWC_PARA,4917,Capesize,200000,300,47.5,18,0,,1,,,,,,,,,,
2025-09-27,270,9,1,Paradip,0,1,,,,,,,,0,0.5204,5.62,,18.7,16.5,46,300,,RT_NEWC_PARA,4917,Capesize,200000,300,47.5,18,0,,1,,,,,,,,,,
2025-09-28,271,9,0,Newcastle,0,0,155.0,13.5,36.0,0.9748,13.83,34.54,99.2,1,,,1.0,18.3,16.2,50,300,211.0,RT_NEWC_PARA,4917,Capesize,200000,300,47.5,18,0,,1,,,,,,,,,,
2025-09-28,271,9,1,Paradip,0,1,,,,,,,,0,0.5204,6.25,,18.7,16.5,46,300,,RT_NEWC_PARA,4917,Capesize,200000,300,47.5,18,0,,1,,,,,,,,,,
2025-09-29,272,9,0,Newcastle,0,0,155.0,13.5,36.0,0.9748,13.14,36.85,99.86,1,,,1.0,18.3,16.2,50,300,211.0,RT_NEWC_PARA,4917,Capesize,200000,300,47.5,18,0,,1,88.68,67.97,93.9,16.62,56.92,45.06,9.6,25.42,13.0,27.86
2025-09-29,272,9,1,Paradip,0,1,,,,,,,,0,0.5204,7.59,,18.7,16.5,46,300,,RT_NEWC_PARA,4917,Capesize,200000,300,47.5,18,0,,1,88.68,67.97,93.9,16.62,56.92,45.06,9.6,25.42,13.0,27.86
2025-09-30,273,9,0,Newcastle,0,0,155.0,13.5,36.0,0.9748,13.15,34.57,96.7,1,,,1.0,18.3,16.2,50,300,211.0,RT_NEWC_PARA,4917,Capesize,200000,300,47.5,18,0,,1,88.7,67.02,93.75,16.64,57.78,45.02,9.63,25.65,13.07,27.55
2025-09-30,273,9,1,Paradip,0,1,,,,,,,,0,0.5204,6.47,,18.7,16.5,46,300,,RT_NEWC_PARA,4917,Capesize,200000,300,47.5,18,0,,1,88.7,67.02,93.75,16.64,57.78,45.02,9.63,25.65,13.07,27.55
2025-10-01,274,10,0,Newcastle,0,0,155.0,13.5,36.0,0.9748,11.28,36.81,92.92,1,,,1.0,18.3,16.2,50,300,211.0,RT_NEWC_PARA,4917,Capesize,200000,300,47.5,18,0,,1,88.84,65.35,92.9,16.7,57.66,44.85,9.72,25.09,11.85,26.81
2025-10-01,274,10,1,Paradip,1,0,,,,,,,,0,0.5204,0.0,,18.7,16.5,46,300,,RT_NEWC_PARA,4917,Capesize,200000,300,47.5,18,0,,1,88.84,65.35,92.9,16.7,57.66,44.85,9.72,25.09,11.85,26.81
2025-10-02,275,10,0,Newcastle,0,0,155.0,13.5,36.0,0.9748,12.74,32.54,92.37,1,,,1.0,18.3,16.2,50,300,211.0,RT_NEWC_PARA,4917,Capesize,200000,300,47.5,18,0,,1,88.68,64.11,92.2,16.5,57.11,44.52,9.87,25.31,13.13,27.23
2025-10-02,275,10,1,Paradip,1,0,,,,,,,,0,0.5204,0.0,,18.7,16.5,46,300,,RT_NEWC_PARA,4917,Capesize,200000,300,47.5,18,0,,1,88.68,64.11,92.2,16.5,57.11,44.52,9.87,25.31,13.13,27.23
2025-10-03,276,10,0,Newcastle,0,0,155.0,13.5,36.0,0.9748,13.04,37.91,100.97,1,,,1.0,18.3,16.2,50,300,211.0,RT_NEWC_PARA,4917,Capesize,200000,300,47.5,18,0,,1,88.72,64.53,92.0,16.65,56.26,45.19,9.87,24.79,12.69,27.77
2025-10-03,276,10,1,Paradip,1,0,,,,,,,,0,0.5204,0.0,,18.7,16.5,46,300,,RT_NEWC_PARA,4917,Capesize,200000,300,47.5,18,0,,1,88.72,64.53,92.0,16.65,56.26,45.19,9.87,24.79,12.69,27.77
2025-10-04,277,10,0,Newcastle,0,0,155.0,13.5,36.0,0.9748,10.42,31.35,82.15,1,,,1.0,18.3,16.2,50,300,211.0,RT_NEWC_PARA,4917,Capesize,200000,300,47.5,18,0,,1,,,,,,,,,,
2025-10-04,277,10,1,Paradip,1,0,,,,,,,,0,0.5204,0.0,,18.7,16.5,46,300,,RT_NEWC_PARA,4917,Capesize,200000,300,47.5,18,0,,1,,,,,,,,,,
2025-10-05,278,10,0,Newcastle,0,0,155.0,13.5,36.0,0.9748,12.05,38.75,98.46,1,,,1.0,18.3,16.2,50,300,211.0,RT_NEWC_PARA,4917,Capesize,200000,300,47.5,18,0,,1,,,,,,,,,,
2025-10-05,278,10,1,Paradip,1,0,,,,,,,,0,0.5204,0.0,,18.7,16.5,46,300,,RT_NEWC_PARA,4917,Capesize,200000,300,47.5,18,0,,1,,,,,,,,,,
2025-10-06,279,10,0,Newcastle,0,0,155.0,13.5,36.0,0.9748,13.5,37.01,101.4,1,,,0.0,18.3,16.2,50,300,211.0,RT_NEWC_PARA,4917,Capesize,200000,300,47.5,18,0,,1,88.74,65.47,91.5,16.24,56.79,45.41,10.0,25.02,11.75,28.46
2025-10-06,279,10,1,Paradip,1,0,,,,,,,,0,0.5204,0.0,,18.7,16.5,46,300,,RT_NEWC_PARA,4917,Capesize,200000,300,47.5,18,0,,1,88.74,65.47,91.5,16.24,56.79,45.41,10.0,25.02,11.75,28.46
2025-10-07,280,10,0,Newcastle,0,0,155.0,13.5,36.0,0.9748,11.79,32.3,88.53,1,,,0.0,18.3,16.2,50,300,211.0,RT_NEWC_PARA,4917,Capesize,200000,300,47.5,18,0,,1,88.72,65.45,91.25,16.14,56.13,45.66,9.97,25.33,13.03,27.59
2025-10-07,280,10,1,Paradip,1,0,,,,,,,,0,0.5204,0.0,,18.7,16.5,46,300,,RT_NEWC_PARA,4917,Capesize,200000,300,47.5,18,0,,1,88.72,65.45,91.25,16.14,56.13,45.66,9.97,25.33,13.03,27.59
2025-10-08,281,10,0,Newcastle,0,0,155.0,13.5,36.0,0.9748,13.7,35.24,99.68,1,,,0.0,18.3,16.2,50,300,211.0,RT_NEWC_PARA,4917,Capesize,200000,300,47.5,18,0,,1,88.74,66.25,90.5,16.13,55.9,46.35,10.04,25.45,12.47,29.13
2025-10-08,281,10,1,Paradip,1,0,,,,,,,,0,0.5204,0.0,,18.7,16.5,46,300,,RT_NEWC_PARA,4917,Capesize,200000,300,47.5,18,0,,1,88.74,66.25,90.5,16.13,55.9,46.35,10.04,25.45,12.47,29.13
2025-10-09,282,10,0,Newcastle,0,0,155.0,13.5,36.0,0.9748,13.82,34.63,99.27,1,,,0.0,18.3,16.2,50,300,211.0,RT_NEWC_PARA,4917,Capesize,200000,300,47.5,18,0,,1,88.78,65.22,90.45,16.37,55.55,46.72,9.96,24.52,11.83,27.37
2025-10-09,282,10,1,Paradip,1,0,,,,,,,,0,0.5204,0.0,,18.7,16.5,46,300,,RT_NEWC_PARA,4917,Capesize,200000,300,47.5,18,0,,1,88.78,65.22,90.45,16.37,55.55,46.72,9.96,24.52,11.83,27.37
2025-10-10,283,10,0,Newcastle,0,0,155.0,13.5,36.0,0.9748,13.49,35.49,99.27,1,,,0.0,18.3,16.2,50,300,211.0,RT_NEWC_PARA,4917,Capesize,200000,300,47.5,18,0,,1,88.87,62.73,89.65,16.42,55.48,47.0,10.06,24.86,13.37,26.65
2025-10-10,283,10,1,Paradip,1,0,,,,,,,,0,0.5204,0.0,,18.7,16.5,46,300,,RT_NEWC_PARA,4917,Capesize,200000,300,47.5,18,0,,1,88.87,62.73,89.65,16.42,55.48,47.0,10.06,24.86,13.37,26.65
2025-10-11,284,10,0,Newcastle,0,0,155.0,13.5,36.0,0.9748,14.09,37.11,103.74,1,,,0.0,18.3,16.2,50,300,211.0,RT_NEWC_PARA,4917,Capesize,200000,300,47.5,18,0,,1,,,,,,,,,,
2025-10-11,284,10,1,Paradip,1,0,,,,,,,,0,0.5204,0.0,,18.7,16.5,46,300,,RT_NEWC_PARA,4917,Capesize,200000,300,47.5,18,0,,1,,,,,,,,,,
2025-10-12,285,10,0,Newcastle,0,0,155.0,13.5,36.0,0.9748,11.22,29.48,82.48,1,,,0.0,18.3,16.2,50,300,211.0,RT_NEWC_PARA,4917,Capesize,200000,300,47.5,18,0,,1,,,,,,,,,,
2025-10-12,285,10,1,Paradip,1,0,,,,,,,,0,0.5204,0.0,,18.7,16.5,46,300,,RT_NEWC_PARA,4917,Capesize,200000,300,47.5,18,0,,1,,,,,,,,,,
2025-10-13,286,10,0,Newcastle,0,0,155.0,13.5,36.0,0.9748,14.36,38.06,106.06,1,,,0.0,18.3,16.2,50,300,211.0,RT_NEWC_PARA,4917,Capesize,200000,300,47.5,18,0,,1,88.76,63.32,89.4,16.23,55.0,47.4,10.28,25.94,13.16,28.34
2025-10-13,286,10,1,Paradip,1,0,,,,,,,,0,0.5204,0.0,,18.7,16.5,46,300,,RT_NEWC_PARA,4917,Capesize,200000,300,47.5,18,0,,1,88.76,63.32,89.4,16.23,55.0,47.4,10.28,25.94,13.16,28.34
2025-10-14,287,10,0,Newcastle,0,0,155.0,13.5,36.0,0.9748,11.94,30.44,86.49,1,,,0.0,18.3,16.2,50,300,211.0,RT_NEWC_PARA,4917,Capesize,200000,300,47.5,18,0,,1,88.67,62.39,89.25,16.29,54.18,46.7,10.33,24.34,12.69,29.29
2025-10-14,287,10,1,Paradip,1,0,,,,,,,,0,0.5204,0.0,,18.7,16.5,46,300,,RT_NEWC_PARA,4917,Capesize,200000,300,47.5,18,0,,1,88.67,62.39,89.25,16.29,54.18,46.7,10.33,24.34,12.69,29.29
2025-10-15,288,10,0,Newcastle,0,0,155.0,13.5,36.0,0.9748,13.28,37.42,101.16,1,,,0.0,18.3,16.2,50,300,211.0,RT_NEWC_PARA,4917,Capesize,200000,300,47.5,18,0,,1,88.78,61.91,91.4,16.41,54.31,47.33,10.34,24.56,13.09,27.31
2025-10-15,288,10,1,Paradip,1,0,,,,,,,,0,0.5204,0.0,,18.7,16.5,46,300,,RT_NEWC_PARA,4917,Capesize,200000,300,47.5,18,0,,1,88.78,61.91,91.4,16.41,54.31,47.33,10.34,24.56,13.09,27.31
2025-10-16,289,10,0,Newcastle,0,0,155.0,13.5,36.0,0.9748,15.32,36.39,107.27,1,,,0.0,18.3,16.2,50,300,211.0,RT_NEWC_PARA,4917,Capesize,200000,300,47.5,18,0,,1,87.81,61.06,93.0,16.65,53.5,48.04,10.33,24.28,13.05,27.32
2025-10-16,289,10,1,Paradip,1,0,,,,,,,,0,0.5204,0.0,,18.7,16.5,46,300,,RT_NEWC_PARA,4917,Capesize,200000,300,47.5,18,0,,1,87.81,61.06,93.0,16.65,53.5,48.04,10.33,24.28,13.05,27.32
2025-10-17,290,10,0,Newcastle,0,0,155.0,13.5,36.0,0.9748,12.71,32.86,92.73,1,,,0.0,18.3,16.2,50,300,211.0,RT_NEWC_PARA,4917,Capesize,200000,300,47.5,18,0,,1,87.99,61.29,93.0,16.65,52.7,48.22,10.31,23.36,12.69,27.03
2025-10-17,290,10,1,Paradip,1,0,,,,,,,,0,0.5204,0.0,,18.7,16.5,46,300,,RT_NEWC_PARA,4917,Capesize,200000,300,47.5,18,0,,1,87.99,61.29,93.0,16.65,52.7,48.22,10.31,23.36,12.69,27.03
2025-10-18,291,10,0,Newcastle,0,0,155.0,13.5,36.0,0.9748,13.17,34.35,96.5,1,,,0.0,18.3,16.2,50,300,211.0,RT_NEWC_PARA,4917,Capesize,200000,300,47.5,18,0,,1,,,,,,,,,,
2025-10-18,291,10,1,Paradip,1,0,,,,,,,,0,0.5204,0.0,,18.7,16.5,46,300,,RT_NEWC_PARA,4917,Capesize,200000,300,47.5,18,0,,1,,,,,,,,,,
2025-10-19,292,10,0,Newcastle,0,0,155.0,13.5,36.0,0.9748,11.94,40.22,100.09,1,,,0.0,18.3,16.2,50,300,211.0,RT_NEWC_PARA,4917,Capesize,200000,300,47.5,18,0,,1,,,,,,,,,,
2025-10-19,292,10,1,Paradip,1,0,,,,,,,,0,0.5204,0.0,,18.7,16.5,46,300,,RT_NEWC_PARA,4917,Capesize,200000,300,47.5,18,0,,1,,,,,,,,,,
2025-10-20,293,10,0,Newcastle,0,0,155.0,13.5,36.0,0.9748,15.3,37.93,109.36,1,,,0.0,18.3,16.2,50,300,211.0,RT_NEWC_PARA,4917,Capesize,200000,300,47.5,18,0,,1,88.0,61.01,92.65,16.94,53.7,47.2,10.43,25.13,12.73,28.66
2025-10-20,293,10,1,Paradip,1,0,,,,,,,,0,0.5204,0.0,,18.7,16.5,46,300,,RT_NEWC_PARA,4917,Capesize,200000,300,47.5,18,0,,1,88.0,61.01,92.65,16.94,53.7,47.2,10.43,25.13,12.73,28.66
2025-10-21,294,10,0,Newcastle,0,0,155.0,13.5,36.0,0.9748,12.06,37.23,96.36,1,,,0.0,18.3,16.2,50,300,211.0,RT_NEWC_PARA,4917,Capesize,200000,300,47.5,18,0,,1,87.88,61.32,92.4,17.2,53.98,46.49,10.34,25.58,13.78,28.94
2025-10-21,294,10,1,Paradip,1,0,,,,,,,,0,0.5204,0.0,,18.7,16.5,46,300,,RT_NEWC_PARA,4917,Capesize,200000,300,47.5,18,0,,1,87.88,61.32,92.4,17.2,53.98,46.49,10.34,25.58,13.78,28.94
2025-10-22,295,10,0,Newcastle,0,0,155.0,13.5,36.0,0.9748,13.93,36.2,101.86,1,,,0.0,18.3,16.2,50,300,211.0,RT_NEWC_PARA,4917,Capesize,200000,300,47.5,18,0,,1,88.0,62.59,92.05,17.26,53.87,45.8,10.5,25.96,13.78,25.57
2025-10-22,295,10,1,Paradip,1,0,,,,,,,,0,0.5204,0.0,,18.7,16.5,46,300,,RT_NEWC_PARA,4917,Capesize,200000,300,47.5,18,0,,1,88.0,62.59,92.05,17.26,53.87,45.8,10.5,25.96,13.78,25.57
2025-10-23,296,10,0,Newcastle,0,0,155.0,13.5,36.0,0.9748,14.66,36.68,105.24,1,,,0.0,18.3,16.2,50,300,211.0,RT_NEWC_PARA,4917,Capesize,200000,300,47.5,18,0,,1,87.74,65.99,92.6,17.09,53.22,45.79,10.43,25.74,12.96,27.45
2025-10-23,296,10,1,Paradip,1,0,,,,,,,,0,0.5204,0.0,,18.7,16.5,46,300,,RT_NEWC_PARA,4917,Capesize,200000,300,47.5,18,0,,1,87.74,65.99,92.6,17.09,53.22,45.79,10.43,25.74,12.96,27.45
2025-10-24,297,10,0,Newcastle,0,0,155.0,13.5,36.0,0.9748,14.05,36.69,102.98,1,,,0.0,18.3,16.2,50,300,211.0,RT_NEWC_PARA,4917,Capesize,200000,300,47.5,18,0,,1,87.78,65.94,92.4,17.35,54.02,45.31,10.46,24.79,12.69,26.94
2025-10-24,297,10,1,Paradip,1,0,,,,,,,,0,0.5204,0.0,,18.7,16.5,46,300,,RT_NEWC_PARA,4917,Capesize,200000,300,47.5,18,0,,1,87.78,65.94,92.4,17.35,54.02,45.31,10.46,24.79,12.69,26.94
2025-10-25,298,10,0,Newcastle,0,0,155.0,13.5,36.0,0.9748,13.57,30.64,92.81,1,,,0.0,18.3,16.2,50,300,211.0,RT_NEWC_PARA,4917,Capesize,200000,300,47.5,18,0,,1,,,,,,,,,,
2025-10-25,298,10,1,Paradip,1,0,,,,,,,,0,0.5204,0.0,,18.7,16.5,46,300,,RT_NEWC_PARA,4917,Capesize,200000,300,47.5,18,0,,1,,,,,,,,,,
2025-10-26,299,10,0,Newcastle,0,0,155.0,13.5,36.0,0.9748,13.26,33.7,95.92,1,,,0.0,18.3,16.2,50,300,211.0,RT_NEWC_PARA,4917,Capesize,200000,300,47.5,18,0,,1,,,,,,,,,,
2025-10-26,299,10,1,Paradip,1,0,,,,,,,,0,0.5204,0.0,,18.7,16.5,46,300,,RT_NEWC_PARA,4917,Capesize,200000,300,47.5,18,0,,1,,,,,,,,,,
2025-10-27,300,10,0,Newcastle,0,0,155.0,13.5,36.0,0.9748,11.62,39.3,97.64,1,,,0.0,18.3,16.2,50,300,211.0,RT_NEWC_PARA,4917,Capesize,200000,300,47.5,18,0,,1,87.83,65.62,92.4,17.5,53.89,45.05,10.25,25.28,12.44,27.34
2025-10-27,300,10,1,Paradip,1,0,,,,,,,,0,0.5204,0.0,,18.7,16.5,46,300,,RT_NEWC_PARA,4917,Capesize,200000,300,47.5,18,0,,1,87.83,65.62,92.4,17.5,53.89,45.05,10.25,25.28,12.44,27.34
2025-10-28,301,10,0,Newcastle,0,0,155.0,13.5,36.0,0.9748,15.24,38.49,109.89,1,,,0.0,18.3,16.2,50,300,211.0,RT_NEWC_PARA,4917,Capesize,200000,300,47.5,18,0,,1,88.22,64.4,92.5,17.47,54.0,44.38,10.39,25.55,13.47,28.57
2025-10-28,301,10,1,Paradip,1,0,,,,,,,,0,0.5204,0.0,,18.7,16.5,46,300,,RT_NEWC_PARA,4917,Capesize,200000,300,47.5,18,0,,1,88.22,64.4,92.5,17.47,54.0,44.38,10.39,25.55,13.47,28.57
2025-10-29,302,10,0,Newcastle,0,0,155.0,13.5,36.0,0.9748,13.47,38.47,103.31,1,,,0.0,18.3,16.2,50,300,211.0,RT_NEWC_PARA,4917,Capesize,200000,300,47.5,18,0,,1,88.23,64.92,92.55,17.62,53.76,43.85,10.38,24.77,12.83,27.65
2025-10-29,302,10,1,Paradip,1,0,,,,,,,,0,0.5204,0.0,,18.7,16.5,46,300,,RT_NEWC_PARA,4917,Capesize,200000,300,47.5,18,0,,1,88.23,64.92,92.55,17.62,53.76,43.85,10.38,24.77,12.83,27.65
2025-10-30,303,10,0,Newcastle,0,0,155.0,13.5,36.0,0.9748,13.17,35.6,98.24,1,,,0.0,18.3,16.2,50,300,211.0,RT_NEWC_PARA,4917,Capesize,200000,300,47.5,18,0,,1,88.35,65.0,93.0,17.88,54.3,43.36,10.23,24.85,12.62,27.36
2025-10-30,303,10,1,Paradip,1,0,,,,,,,,0,0.5204,0.0,,18.7,16.5,46,300,,RT_NEWC_PARA,4917,Capesize,200000,300,47.5,18,0,,1,88.35,65.0,93.0,17.88,54.3,43.36,10.23,24.85,12.62,27.36
2025-10-31,304,10,0,Newcastle,0,0,155.0,13.5,36.0,0.9748,11.85,36.09,94.0,1,,,0.0,18.3,16.2,50,300,211.0,RT_NEWC_PARA,4917,Capesize,200000,300,47.5,18,0,,1,88.63,65.07,92.92,18.01,54.89,42.71,10.24,24.98,12.61,26.76
2025-10-31,304,10,1,Paradip,1,0,,,,,,,,0,0.5204,0.0,,18.7,16.5,46,300,,RT_NEWC_PARA,4917,Capesize,200000,300,47.5,18,0,,1,88.63,65.07,92.92,18.01,54.89,42.71,10.24,24.98,12.61,26.76
2025-11-01,305,11,0,Newcastle,0,0,155.0,13.5,36.0,0.9748,13.23,31.84,93.23,1,,,0.0,18.3,16.2,50,300,211.0,RT_NEWC_PARA,4917,Capesize,200000,300,47.5,18,0,,1,,,,,,,,,,
2025-11-01,305,11,1,Paradip,1,0,,,,,,,,0,0.5204,0.0,,18.7,16.5,46,300,,RT_NEWC_PARA,4917,Capesize,200000,300,47.5,18,0,,1,,,,,,,,,,
2025-11-02,306,11,0,Newcastle,0,0,155.0,13.5,36.0,0.9748,13.1,34.9,96.98,1,,,0.0,18.3,16.2,50,300,211.0,RT_NEWC_PARA,4917,Capesize,200000,300,47.5,18,0,,1,,,,,,,,,,
2025-11-02,306,11,1,Paradip,1,0,,,,,,,,0,0.5204,0.0,,18.7,16.5,46,300,,RT_NEWC_PARA,4917,Capesize,200000,300,47.5,18,0,,1,,,,,,,,,,
2025-11-03,307,11,0,Newcastle,0,0,155.0,13.5,36.0,0.9748,15.32,37.33,108.58,1,,,0.0,18.3,16.2,50,300,211.0,RT_NEWC_PARA,4917,Capesize,200000,300,47.5,18,0,,1,88.78,64.89,96.1,18.24,55.39,41.79,9.99,25.03,12.79,28.47
2025-11-03,307,11,1,Paradip,1,0,,,,,,,,0,0.5204,0.0,,18.7,16.5,46,300,,RT_NEWC_PARA,4917,Capesize,200000,300,47.5,18,0,,1,88.78,64.89,96.1,18.24,55.39,41.79,9.99,25.03,12.79,28.47
2025-11-04,308,11,0,Newcastle,0,0,155.0,13.5,36.0,0.9748,13.17,35.72,98.4,1,,,0.0,18.3,16.2,50,300,211.0,RT_NEWC_PARA,4917,Capesize,200000,300,47.5,18,0,,1,88.72,64.44,97.35,18.46,56.06,41.94,10.05,26.06,12.97,27.9
2025-11-04,308,11,1,Paradip,1,0,,,,,,,,0,0.5204,0.0,,18.7,16.5,46,300,,RT_NEWC_PARA,4917,Capesize,200000,300,47.5,18,0,,1,88.72,64.44,97.35,18.46,56.06,41.94,10.05,26.06,12.97,27.9
2025-11-05,309,11,0,Newcastle,0,0,155.0,13.5,36.0,0.9748,13.21,34.59,96.98,1,,,0.0,18.3,16.2,50,300,211.0,RT_NEWC_PARA,4917,Capesize,200000,300,47.5,18,0,,1,88.73,63.52,97.2,18.4,56.12,41.46,10.2,24.89,12.36,27.87
2025-11-05,309,11,1,Paradip,1,0,,,,,,,,0,0.5204,0.0,,18.7,16.5,46,300,,RT_NEWC_PARA,4917,Capesize,200000,300,47.5,18,0,,1,88.73,63.52,97.2,18.4,56.12,41.46,10.2,24.89,12.36,27.87
2025-11-06,310,11,0,Newcastle,0,0,155.0,13.5,36.0,0.9748,11.86,34.72,92.15,1,,,0.0,18.3,16.2,50,300,211.0,RT_NEWC_PARA,4917,Capesize,200000,300,47.5,18,0,,1,88.56,63.38,97.05,18.5,55.28,41.71,10.35,25.43,13.12,27.2
2025-11-06,310,11,1,Paradip,1,0,,,,,,,,0,0.5204,0.0,,18.7,16.5,46,300,,RT_NEWC_PARA,4917,Capesize,200000,300,47.5,18,0,,1,88.56,63.38,97.05,18.5,55.28,41.71,10.35,25.43,13.12,27.2
2025-11-07,311,11,0,Newcastle,0,0,155.0,13.5,36.0,0.9748,12.27,31.97,89.83,1,,,0.0,18.3,16.2,50,300,211.0,RT_NEWC_PARA,4917,Capesize,200000,300,47.5,18,0,,1,88.67,63.63,96.9,18.47,55.53,41.09,10.43,24.84,13.22,27.76
2025-11-07,311,11,1,Paradip,1,0,,,,,,,,0,0.5204,0.0,,18.7,16.5,46,300,,RT_NEWC_PARA,4917,Capesize,200000,300,47.5,18,0,,1,88.67,63.63,96.9,18.47,55.53,41.09,10.43,24.84,13.22,27.76
2025-11-08,312,11,0,Newcastle,0,0,155.0,13.5,36.0,0.9748,13.77,36.07,101.11,1,,,0.0,18.3,16.2,50,300,211.0,RT_NEWC_PARA,4917,Capesize,200000,300,47.5,18,0,,1,,,,,,,,,,
2025-11-08,312,11,1,Paradip,1,0,,,,,,,,0,0.5204,0.0,,18.7,16.5,46,300,,RT_NEWC_PARA,4917,Capesize,200000,300,47.5,18,0,,1,,,,,,,,,,
2025-11-09,313,11,0,Newcastle,0,0,155.0,13.5,36.0,0.9748,11.02,34.79,89.12,1,,,0.0,18.3,16.2,50,300,211.0,RT_NEWC_PARA,4917,Capesize,200000,300,47.5,18,0,,1,,,,,,,,,,
2025-11-09,313,11,1,Paradip,1,0,,,,,,,,0,0.5204,0.0,,18.7,16.5,46,300,,RT_NEWC_PARA,4917,Capesize,200000,300,47.5,18,0,,1,,,,,,,,,,
2025-11-10,314,11,0,Newcastle,0,0,155.0,13.5,36.0,0.9748,14.36,37.74,105.59,1,,,0.0,18.3,16.2,50,300,211.0,RT_NEWC_PARA,4917,Capesize,200000,300,47.5,18,0,,1,88.66,64.06,96.25,18.66,55.39,40.81,10.55,25.0,13.58,27.96
2025-11-10,314,11,1,Paradip,1,0,,,,,,,,0,0.5204,0.0,,18.7,16.5,46,300,,RT_NEWC_PARA,4917,Capesize,200000,300,47.5,18,0,,1,88.66,64.06,96.25,18.66,55.39,40.81,10.55,25.0,13.58,27.96
2025-11-11,315,11,0,Newcastle,0,0,155.0,13.5,36.0,0.9748,14.39,35.19,102.18,1,,,0.0,18.3,16.2,50,300,211.0,RT_NEWC_PARA,4917,Capesize,200000,300,47.5,18,0,,1,88.71,65.16,95.9,18.49,55.09,41.31,10.71,25.35,13.37,27.57
2025-11-11,315,11,1,Paradip,1,0,,,,,,,,0,0.5204,0.0,,18.7,16.5,46,300,,RT_NEWC_PARA,4917,Capesize,200000,300,47.5,18,0,,1,88.71,65.16,95.9,18.49,55.09,41.31,10.71,25.35,13.37,27.57
2025-11-12,316,11,0,Newcastle,0,0,155.0,13.5,36.0,0.9748,12.15,32.39,89.97,1,,,0.0,18.3,16.2,50,300,211.0,RT_NEWC_PARA,4917,Capesize,200000,300,47.5,18,0,,1,88.47,62.71,95.6,18.33,54.94,41.93,10.66,24.98,14.59,27.79
2025-11-12,316,11,1,Paradip,1,0,,,,,,,,0,0.5204,0.0,,18.7,16.5,46,300,,RT_NEWC_PARA,4917,Capesize,200000,300,47.5,18,0,,1,88.47,62.71,95.6,18.33,54.94,41.93,10.66,24.98,14.59,27.79
2025-11-13,317,11,0,Newcastle,0,0,155.0,13.5,36.0,0.9748,13.57,36.04,100.33,1,,,0.0,18.3,16.2,50,300,211.0,RT_NEWC_PARA,4917,Capesize,200000,300,47.5,18,0,,1,88.59,63.01,95.4,18.61,54.3,41.71,10.75,24.86,12.73,28.29
2025-11-13,317,11,1,Paradip,1,0,,,,,,,,0,0.5204,0.0,,18.7,16.5,46,300,,RT_NEWC_PARA,4917,Capesize,200000,300,47.5,18,0,,1,88.59,63.01,95.4,18.61,54.3,41.71,10.75,24.86,12.73,28.29
2025-11-14,318,11,0,Newcastle,0,0,155.0,13.5,36.0,0.9748,14.71,37.84,107.03,1,,,0.0,18.3,16.2,50,300,211.0,RT_NEWC_PARA,4917,Capesize,200000,300,47.5,18,0,,1,88.82,64.39,96.35,18.83,54.19,41.64,10.83,25.27,12.41,26.74
2025-11-14,318,11,1,Paradip,1,0,,,,,,,,0,0.5204,0.0,,18.7,16.5,46,300,,RT_NEWC_PARA,4917,Capesize,200000,300,47.5,18,0,,1,88.82,64.39,96.35,18.83,54.19,41.64,10.83,25.27,12.41,26.74
2025-11-15,319,11,0,Newcastle,0,0,155.0,13.5,36.0,0.9748,13.0,31.98,92.58,1,,,0.0,18.3,16.2,50,300,211.0,RT_NEWC_PARA,4917,Capesize,200000,300,47.5,18,0,,1,,,,,,,,,,
2025-11-15,319,11,1,Paradip,1,0,,,,,,,,0,0.5204,0.0,,18.7,16.5,46,300,,RT_NEWC_PARA,4917,Capesize,200000,300,47.5,18,0,,1,,,,,,,,,,
2025-11-16,320,11,0,Newcastle,0,0,155.0,13.5,36.0,0.9748,12.78,35.64,96.82,1,,,0.0,18.3,16.2,50,300,211.0,RT_NEWC_PARA,4917,Capesize,200000,300,47.5,18,0,,1,,,,,,,,,,
2025-11-16,320,11,1,Paradip,1,0,,,,,,,,0,0.5204,0.0,,18.7,16.5,46,300,,RT_NEWC_PARA,4917,Capesize,200000,300,47.5,18,0,,1,,,,,,,,,,
2025-11-17,321,11,0,Newcastle,0,0,155.0,13.5,36.0,0.9748,12.92,33.65,94.58,1,,,0.0,18.3,16.2,50,300,211.0,RT_NEWC_PARA,4917,Capesize,200000,300,47.5,18,0,,1,88.68,64.2,96.6,18.15,55.39,40.57,10.87,25.68,14.15,27.42
2025-11-17,321,11,1,Paradip,1,0,,,,,,,,0,0.5204,0.0,,18.7,16.5,46,300,,RT_NEWC_PARA,4917,Capesize,200000,300,47.5,18,0,,1,88.68,64.2,96.6,18.15,55.39,40.57,10.87,25.68,14.15,27.42
2025-11-18,322,11,0,Newcastle,0,0,155.0,13.5,36.0,0.9748,13.46,33.83,96.86,1,,,0.0,18.3,16.2,50,300,211.0,RT_NEWC_PARA,4917,Capesize,200000,300,47.5,18,0,,1,88.64,64.89,96.25,17.95,54.81,40.13,10.81,26.25,13.44,27.92
2025-11-18,322,11,1,Paradip,1,0,,,,,,,,0,0.5204,0.0,,18.7,16.5,46,300,,RT_NEWC_PARA,4917,Capesize,200000,300,47.5,18,0,,1,88.64,64.89,96.25,17.95,54.81,40.13,10.81,26.25,13.44,27.92
2025-11-19,323,11,0,Newcastle,0,0,155.0,13.5,36.0,0.9748,12.41,35.87,95.77,1,,,0.0,18.3,16.2,50,300,211.0,RT_NEWC_PARA,4917,Capesize,200000,300,47.5,18,0,,1,88.56,63.51,96.25,17.68,55.36,40.74,10.93,25.03,12.82,28.15
2025-11-19,323,11,1,Paradip,1,0,,,,,,,,0,0.5204,0.0,,18.7,16.5,46,300,,RT_NEWC_PARA,4917,Capesize,200000,300,47.5,18,0,,1,88.56,63.51,96.25,17.68,55.36,40.74,10.93,25.03,12.82,28.15
2025-11-20,324,11,0,Newcastle,0,0,155.0,13.5,36.0,0.9748,12.68,35.7,96.55,1,,,0.0,18.3,16.2,50,300,211.0,RT_NEWC_PARA,4917,Capesize,200000,300,47.5,18,0,,1,88.49,63.38,96.5,17.65,55.36,40.13,10.76,23.87,13.68,25.87
2025-11-20,324,11,1,Paradip,1,0,,,,,,,,0,0.5204,0.0,,18.7,16.5,46,300,,RT_NEWC_PARA,4917,Capesize,200000,300,47.5,18,0,,1,88.49,63.38,96.5,17.65,55.36,40.13,10.76,23.87,13.68,25.87
2025-11-21,325,11,0,Newcastle,0,0,155.0,13.5,36.0,0.9748,13.49,32.25,94.74,1,,,0.0,18.3,16.2,50,300,211.0,RT_NEWC_PARA,4917,Capesize,200000,300,47.5,18,0,,1,88.69,62.56,95.5,17.41,55.62,40.41,10.6,25.12,12.85,26.96
2025-11-21,325,11,1,Paradip,1,0,,,,,,,,0,0.5204,0.0,,18.7,16.5,46,300,,RT_NEWC_PARA,4917,Capesize,200000,300,47.5,18,0,,1,88.69,62.56,95.5,17.41,55.62,40.41,10.6,25.12,12.85,26.96
2025-11-22,326,11,0,Newcastle,0,0,155.0,13.5,36.0,0.9748,12.58,38.69,100.34,1,,,0.0,18.3,16.2,50,300,211.0,RT_NEWC_PARA,4917,Capesize,200000,300,47.5,18,0,,1,,,,,,,,,,
2025-11-22,326,11,1,Paradip,1,0,,,,,,,,0,0.5204,0.0,,18.7,16.5,46,300,,RT_NEWC_PARA,4917,Capesize,200000,300,47.5,18,0,,1,,,,,,,,,,
2025-11-23,327,11,0,Newcastle,0,0,155.0,13.5,36.0,0.9748,11.77,29.8,84.97,1,,,0.0,18.3,16.2,50,300,211.0,RT_NEWC_PARA,4917,Capesize,200000,300,47.5,18,0,,1,,,,,,,,,,
2025-11-23,327,11,1,Paradip,1,0,,,,,,,,0,0.5204,0.0,,18.7,16.5,46,300,,RT_NEWC_PARA,4917,Capesize,200000,300,47.5,18,0,,1,,,,,,,,,,
2025-11-24,328,11,0,Newcastle,0,0,155.0,13.5,36.0,0.9748,10.93,35.17,89.31,1,,,0.0,18.3,16.2,50,300,211.0,RT_NEWC_PARA,4917,Capesize,200000,300,47.5,18,0,,1,89.63,63.37,95.95,17.18,55.26,39.69,10.76,25.51,13.59,28.87
2025-11-24,328,11,1,Paradip,1,0,,,,,,,,0,0.5204,0.0,,18.7,16.5,46,300,,RT_NEWC_PARA,4917,Capesize,200000,300,47.5,18,0,,1,89.63,63.37,95.95,17.18,55.26,39.69,10.76,25.51,13.59,28.87
2025-11-25,329,11,0,Newcastle,0,0,155.0,13.5,36.0,0.9748,13.2,34.8,97.21,1,,,0.0,18.3,16.2,50,300,211.0,RT_NEWC_PARA,4917,Capesize,200000,300,47.5,18,0,,1,89.15,62.48,96.1,17.1,54.44,39.32,10.6,25.17,12.75,28.23
2025-11-25,329,11,1,Paradip,1,0,,,,,,,,0,0.5204,0.0,,18.7,16.5,46,300,,RT_NEWC_PARA,4917,Capesize,200000,300,47.5,18,0,,1,89.15,62.48,96.1,17.1,54.44,39.32,10.6,25.17,12.75,28.23
2025-11-26,330,11,0,Newcastle,0,0,155.0,13.5,36.0,0.9748,14.62,28.41,93.6,1,,,0.0,18.3,16.2,50,300,211.0,RT_NEWC_PARA,4917,Capesize,200000,300,47.5,18,0,,1,89.15,63.13,96.15,17.36,54.74,39.04,10.44,25.32,14.24,26.68
2025-11-26,330,11,1,Paradip,1,0,,,,,,,,0,0.5204,0.0,,18.7,16.5,46,300,,RT_NEWC_PARA,4917,Capesize,200000,300,47.5,18,0,,1,89.15,63.13,96.15,17.36,54.74,39.04,10.44,25.32,14.24,26.68
2025-11-27,331,11,0,Newcastle,0,0,155.0,13.5,36.0,0.9748,13.64,39.0,104.67,1,,,0.0,18.3,16.2,50,300,211.0,RT_NEWC_PARA,4917,Capesize,200000,300,47.5,18,0,,1,89.16,,,17.62,53.92,38.6,10.36,25.87,13.09,27.27
2025-11-27,331,11,1,Paradip,1,0,,,,,,,,0,0.5204,0.0,,18.7,16.5,46,300,,RT_NEWC_PARA,4917,Capesize,200000,300,47.5,18,0,,1,89.16,,,17.62,53.92,38.6,10.36,25.87,13.09,27.27
2025-11-28,332,11,0,Newcastle,0,0,155.0,13.5,36.0,0.9748,11.81,34.14,91.15,1,,,0.0,18.3,16.2,50,300,211.0,RT_NEWC_PARA,4917,Capesize,200000,300,47.5,18,0,,1,89.36,63.2,96.29,17.79,53.55,39.18,10.41,25.79,13.11,25.52
2025-11-28,332,11,1,Paradip,1,0,,,,,,,,0,0.5204,0.0,,18.7,16.5,46,300,,RT_NEWC_PARA,4917,Capesize,200000,300,47.5,18,0,,1,89.36,63.2,96.29,17.79,53.55,39.18,10.41,25.79,13.11,25.52
2025-11-29,333,11,0,Newcastle,0,0,155.0,13.5,36.0,0.9748,12.26,32.86,91.03,1,,,0.0,18.3,16.2,50,300,211.0,RT_NEWC_PARA,4917,Capesize,200000,300,47.5,18,0,,1,,,,,,,,,,
2025-11-29,333,11,1,Paradip,1,0,,,,,,,,0,0.5204,0.0,,18.7,16.5,46,300,,RT_NEWC_PARA,4917,Capesize,200000,300,47.5,18,0,,1,,,,,,,,,,
2025-11-30,334,11,0,Newcastle,0,0,155.0,13.5,36.0,0.9748,12.77,38.66,100.99,1,,,0.0,18.3,16.2,50,300,211.0,RT_NEWC_PARA,4917,Capesize,200000,300,47.5,18,0,,1,,,,,,,,,,
2025-11-30,334,11,1,Paradip,1,0,,,,,,,,0,0.5204,0.0,,18.7,16.5,46,300,,RT_NEWC_PARA,4917,Capesize,200000,300,47.5,18,0,,1,,,,,,,,,,
2025-12-01,335,12,0,Newcastle,1,0,165.0,13.5,36.0,1.0377,16.21,36.52,110.77,1,,,0.0,18.3,16.2,50,300,211.0,RT_NEWC_PARA,4917,Capesize,200000,300,47.5,18,0,,1,89.35,63.17,97.75,17.72,52.47,38.77,10.33,25.75,13.7,27.68
2025-12-01,335,12,1,Paradip,1,0,,,,,,,,0,0.5204,0.0,,18.7,16.5,46,300,,RT_NEWC_PARA,4917,Capesize,200000,300,47.5,18,0,,1,89.35,63.17,97.75,17.72,52.47,38.77,10.33,25.75,13.7,27.68
2025-12-02,336,12,0,Newcastle,1,0,165.0,13.5,36.0,1.0377,16.3,37.45,112.36,1,,,0.0,18.3,16.2,50,300,211.0,RT_NEWC_PARA,4917,Capesize,200000,300,47.5,18,0,,1,89.61,62.45,99.5,17.45,52.66,38.9,10.26,24.71,13.67,27.28
2025-12-02,336,12,1,Paradip,1,0,,,,,,,,0,0.5204,0.0,,18.7,16.5,46,300,,RT_NEWC_PARA,4917,Capesize,200000,300,47.5,18,0,,1,89.61,62.45,99.5,17.45,52.66,38.9,10.26,24.71,13.67,27.28
2025-12-03,337,12,0,Newcastle,1,0,165.0,13.5,36.0,1.0377,16.11,37.13,111.24,1,,,0.0,18.3,16.2,50,300,211.0,RT_NEWC_PARA,4917,Capesize,200000,300,47.5,18,0,,1,89.92,62.67,98.95,17.44,53.36,38.56,10.35,25.26,13.76,26.73
2025-12-03,337,12,1,Paradip,1,0,,,,,,,,0,0.5204,0.0,,18.7,16.5,46,300,,RT_NEWC_PARA,4917,Capesize,200000,300,47.5,18,0,,1,89.92,62.67,98.95,17.44,53.36,38.56,10.35,25.26,13.76,26.73
2025-12-04,338,12,0,Newcastle,1,0,165.0,13.5,36.0,1.0377,14.17,38.27,105.63,1,,,0.0,18.3,16.2,50,300,211.0,RT_NEWC_PARA,4917,Capesize,200000,300,47.5,18,0,,1,90.17,63.26,97.35,17.7,52.7,38.46,10.3,24.68,14.55,26.4
2025-12-04,338,12,1,Paradip,1,0,,,,,,,,0,0.5204,0.0,,18.7,16.5,46,300,,RT_NEWC_PARA,4917,Capesize,200000,300,47.5,18,0,,1,90.17,63.26,97.35,17.7,52.7,38.46,10.3,24.68,14.55,26.4
2025-12-05,339,12,0,Newcastle,1,0,165.0,13.5,36.0,1.0377,17.82,39.49,120.86,1,,,0.0,18.3,16.2,50,300,211.0,RT_NEWC_PARA,4917,Capesize,200000,300,47.5,18,0,,1,89.84,63.75,97.25,17.66,52.31,38.67,10.26,24.81,12.68,26.57
2025-12-05,339,12,1,Paradip,1,0,,,,,,,,0,0.5204,0.0,,18.7,16.5,46,300,,RT_NEWC_PARA,4917,Capesize,200000,300,47.5,18,0,,1,89.84,63.75,97.25,17.66,52.31,38.67,10.26,24.81,12.68,26.57
2025-12-06,340,12,0,Newcastle,1,0,165.0,13.5,36.0,1.0377,13.16,39.78,103.99,1,,,0.0,18.3,16.2,50,300,211.0,RT_NEWC_PARA,4917,Capesize,200000,300,47.5,18,0,,1,,,,,,,,,,
2025-12-06,340,12,1,Paradip,1,0,,,,,,,,0,0.5204,0.0,,18.7,16.5,46,300,,RT_NEWC_PARA,4917,Capesize,200000,300,47.5,18,0,,1,,,,,,,,,,
2025-12-07,341,12,0,Newcastle,1,0,165.0,13.5,36.0,1.0377,13.58,36.13,100.46,1,,,0.0,18.3,16.2,50,300,211.0,RT_NEWC_PARA,4917,Capesize,200000,300,47.5,18,0,,1,,,,,,,,,,
2025-12-07,341,12,1,Paradip,1,0,,,,,,,,0,0.5204,0.0,,18.7,16.5,46,300,,RT_NEWC_PARA,4917,Capesize,200000,300,47.5,18,0,,1,,,,,,,,,,
2025-12-08,342,12,0,Newcastle,1,0,165.0,13.5,36.0,1.0377,15.1,37.44,107.92,1,,,0.0,18.3,16.2,50,300,211.0,RT_NEWC_PARA,4917,Capesize,200000,300,47.5,18,0,,1,89.94,62.49,97.05,17.56,51.14,39.38,10.13,24.22,13.33,27.62
2025-12-08,342,12,1,Paradip,1,0,,,,,,,,0,0.5204,0.0,,18.7,16.5,46,300,,RT_NEWC_PARA,4917,Capesize,200000,300,47.5,18,0,,1,89.94,62.49,97.05,17.56,51.14,39.38,10.13,24.22,13.33,27.62
2025-12-09,343,12,0,Newcastle,1,0,165.0,13.5,36.0,1.0377,14.34,37.39,105.06,1,,,0.0,18.3,16.2,50,300,211.0,RT_NEWC_PARA,4917,Capesize,200000,300,47.5,18,0,,1,90.13,61.94,96.95,17.76,51.77,39.71,10.19,25.04,14.72,26.67
2025-12-09,343,12,1,Paradip,1,0,,,,,,,,0,0.5204,0.0,,18.7,16.5,46,300,,RT_NEWC_PARA,4917,Capesize,200000,300,47.5,18,0,,1,90.13,61.94,96.95,17.76,51.77,39.71,10.19,25.04,14.72,26.67
2025-12-10,344,12,0,Newcastle,1,0,165.0,13.5,36.0,1.0377,14.41,38.42,106.75,1,,,0.0,18.3,16.2,50,300,211.0,RT_NEWC_PARA,4917,Capesize,200000,300,47.5,18,0,,1,89.92,62.21,96.5,17.93,52.46,39.75,10.22,25.4,13.84,26.66
2025-12-10,344,12,1,Paradip,1,0,,,,,,,,0,0.5204,0.0,,18.7,16.5,46,300,,RT_NEWC_PARA,4917,Capesize,200000,300,47.5,18,0,,1,89.92,62.21,96.5,17.93,52.46,39.75,10.22,25.4,13.84,26.66
2025-12-11,345,12,0,Newcastle,1,0,165.0,13.5,36.0,1.0377,11.69,39.02,97.48,1,,,0.0,18.3,16.2,50,300,211.0,RT_NEWC_PARA,4917,Capesize,200000,300,47.5,18,0,,1,89.79,61.28,96.5,17.8,51.87,39.16,10.14,25.04,14.07,27.52
2025-12-11,345,12,1,Paradip,1,0,,,,,,,,0,0.5204,0.0,,18.7,16.5,46,300,,RT_NEWC_PARA,4917,Capesize,200000,300,47.5,18,0,,1,89.79,61.28,96.5,17.8,51.87,39.16,10.14,25.04,14.07,27.52
2025-12-12,346,12,0,Newcastle,1,0,165.0,13.5,36.0,1.0377,12.83,33.75,94.4,1,,,0.0,18.3,16.2,50,300,211.0,RT_NEWC_PARA,4917,Capesize,200000,300,47.5,18,0,,1,90.25,61.12,96.75,17.65,51.1,39.4,10.12,26.07,13.7,26.6
2025-12-12,346,12,1,Paradip,1,0,,,,,,,,0,0.5204,0.0,,18.7,16.5,46,300,,RT_NEWC_PARA,4917,Capesize,200000,300,47.5,18,0,,1,90.25,61.12,96.75,17.65,51.1,39.4,10.12,26.07,13.7,26.6
2025-12-13,347,12,0,Newcastle,1,0,165.0,13.5,36.0,1.0377,13.94,37.57,103.81,1,,,0.0,18.3,16.2,50,300,211.0,RT_NEWC_PARA,4917,Capesize,200000,300,47.5,18,0,,1,,,,,,,,,,
2025-12-13,347,12,1,Paradip,1,0,,,,,,,,0,0.5204,0.0,,18.7,16.5,46,300,,RT_NEWC_PARA,4917,Capesize,200000,300,47.5,18,0,,1,,,,,,,,,,
2025-12-14,348,12,0,Newcastle,1,0,165.0,13.5,36.0,1.0377,13.18,39.44,103.58,1,,,0.0,18.3,16.2,50,300,211.0,RT_NEWC_PARA,4917,Capesize,200000,300,47.5,18,0,,1,,,,,,,,,,
2025-12-14,348,12,1,Paradip,1,0,,,,,,,,0,0.5204,0.0,,18.7,16.5,46,300,,RT_NEWC_PARA,4917,Capesize,200000,300,47.5,18,0,,1,,,,,,,,,,
2025-12-15,349,12,0,Newcastle,1,0,165.0,13.5,36.0,1.0377,12.4,36.34,96.4,1,,,0.0,18.3,16.2,50,300,211.0,RT_NEWC_PARA,4917,Capesize,200000,300,47.5,18,0,,1,90.58,60.56,96.05,17.18,51.78,38.47,10.27,25.73,13.84,26.26
2025-12-15,349,12,1,Paradip,1,0,,,,,,,,0,0.5204,0.0,,18.7,16.5,46,300,,RT_NEWC_PARA,4917,Capesize,200000,300,47.5,18,0,,1,90.58,60.56,96.05,17.18,51.78,38.47,10.27,25.73,13.84,26.26
2025-12-16,350,12,0,Newcastle,1,0,165.0,13.5,36.0,1.0377,13.31,37.24,101.01,1,,,0.0,18.3,16.2,50,300,211.0,RT_NEWC_PARA,4917,Capesize,200000,300,47.5,18,0,,1,90.78,58.92,95.75,16.94,51.98,38.74,10.28,25.31,14.29,28.21
2025-12-16,350,12,1,Paradip,1,0,,,,,,,,0,0.5204,0.0,,18.7,16.5,46,300,,RT_NEWC_PARA,4917,Capesize,200000,300,47.5,18,0,,1,90.78,58.92,95.75,16.94,51.98,38.74,10.28,25.31,14.29,28.21
2025-12-17,351,12,0,Newcastle,1,0,165.0,13.5,36.0,1.0377,14.34,34.84,101.51,1,,,0.0,18.3,16.2,50,300,211.0,RT_NEWC_PARA,4917,Capesize,200000,300,47.5,18,0,,1,90.95,59.68,96.5,16.85,52.75,38.16,10.26,25.2,13.73,26.71
2025-12-17,351,12,1,Paradip,1,0,,,,,,,,0,0.5204,0.0,,18.7,16.5,46,300,,RT_NEWC_PARA,4917,Capesize,200000,300,47.5,18,0,,1,90.95,59.68,96.5,16.85,52.75,38.16,10.26,25.2,13.73,26.71
2025-12-18,352,12,0,Newcastle,1,0,165.0,13.5,36.0,1.0377,14.88,37.52,107.21,1,,,0.0,18.3,16.2,50,300,211.0,RT_NEWC_PARA,4917,Capesize,200000,300,47.5,18,0,,1,90.41,59.82,97.0,16.76,52.25,38.23,10.38,25.12,13.06,26.95
2025-12-18,352,12,1,Paradip,1,0,,,,,,,,0,0.5204,0.0,,18.7,16.5,46,300,,RT_NEWC_PARA,4917,Capesize,200000,300,47.5,18,0,,1,90.41,59.82,97.0,16.76,52.25,38.23,10.38,25.12,13.06,26.95
2025-12-19,353,12,0,Newcastle,1,0,165.0,13.5,36.0,1.0377,11.74,32.46,88.56,1,,,0.0,18.3,16.2,50,300,211.0,RT_NEWC_PARA,4917,Capesize,200000,300,47.5,18,0,,1,90.26,60.47,96.9,16.65,52.11,38.72,10.22,25.1,13.03,24.35
2025-12-19,353,12,1,Paradip,1,0,,,,,,,,0,0.5204,0.0,,18.7,16.5,46,300,,RT_NEWC_PARA,4917,Capesize,200000,300,47.5,18,0,,1,90.26,60.47,96.9,16.65,52.11,38.72,10.22,25.1,13.03,24.35
2025-12-20,354,12,0,Newcastle,1,0,165.0,13.5,36.0,1.0377,13.99,36.81,102.95,1,,,0.0,18.3,16.2,50,300,211.0,RT_NEWC_PARA,4917,Capesize,200000,300,47.5,18,0,,1,,,,,,,,,,
2025-12-20,354,12,1,Paradip,1,0,,,,,,,,0,0.5204,0.0,,18.7,16.5,46,300,,RT_NEWC_PARA,4917,Capesize,200000,300,47.5,18,0,,1,,,,,,,,,,
2025-12-21,355,12,0,Newcastle,1,0,165.0,13.5,36.0,1.0377,13.89,37.29,103.22,1,,,0.0,18.3,16.2,50,300,211.0,RT_NEWC_PARA,4917,Capesize,200000,300,47.5,18,0,,1,,,,,,,,,,
2025-12-21,355,12,1,Paradip,1,0,,,,,,,,0,0.5204,0.0,,18.7,16.5,46,300,,RT_NEWC_PARA,4917,Capesize,200000,300,47.5,18,0,,1,,,,,,,,,,
2025-12-22,356,12,0,Newcastle,1,0,165.0,13.5,36.0,1.0377,14.28,39.73,108.07,1,,,0.0,18.3,16.2,50,300,211.0,RT_NEWC_PARA,4917,Capesize,200000,300,47.5,18,0,,1,89.57,62.07,96.5,16.7,51.97,38.65,10.67,24.53,13.65,26.29
2025-12-22,356,12,1,Paradip,1,0,,,,,,,,0,0.5204,0.0,,18.7,16.5,46,300,,RT_NEWC_PARA,4917,Capesize,200000,300,47.5,18,0,,1,89.57,62.07,96.5,16.7,51.97,38.65,10.67,24.53,13.65,26.29
2025-12-23,357,12,0,Newcastle,1,0,165.0,13.5,36.0,1.0377,12.68,34.43,94.77,1,,,0.0,18.3,16.2,50,300,211.0,RT_NEWC_PARA,4917,Capesize,200000,300,47.5,18,0,,1,89.6,62.38,96.5,16.74,51.53,38.97,10.51,25.49,14.02,26.23
2025-12-23,357,12,1,Paradip,1,0,,,,,,,,0,0.5204,0.0,,18.7,16.5,46,300,,RT_NEWC_PARA,4917,Capesize,200000,300,47.5,18,0,,1,89.6,62.38,96.5,16.74,51.53,38.97,10.51,25.49,14.02,26.23
2025-12-24,358,12,0,Newcastle,1,0,165.0,13.5,36.0,1.0377,12.7,38.08,99.92,1,,,0.0,18.3,16.2,50,300,211.0,RT_NEWC_PARA,4917,Capesize,200000,300,47.5,18,0,,1,89.51,62.24,96.55,16.54,50.9,38.39,10.61,26.85,14.44,25.96
2025-12-24,358,12,1,Paradip,1,0,,,,,,,,0,0.5204,0.0,,18.7,16.5,46,300,,RT_NEWC_PARA,4917,Capesize,200000,300,47.5,18,0,,1,89.51,62.24,96.55,16.54,50.9,38.39,10.61,26.85,14.44,25.96
2025-12-25,359,12,0,Newcastle,1,0,165.0,13.5,36.0,1.0377,15.5,36.28,107.81,1,,,0.0,18.3,16.2,50,300,211.0,RT_NEWC_PARA,4917,Capesize,200000,300,47.5,18,0,,1,,,,,,,,,,
2025-12-25,359,12,1,Paradip,1,0,,,,,,,,0,0.5204,0.0,,18.7,16.5,46,300,,RT_NEWC_PARA,4917,Capesize,200000,300,47.5,18,0,,1,,,,,,,,,,
2025-12-26,360,12,0,Newcastle,1,0,165.0,13.5,36.0,1.0377,11.01,33.1,86.74,1,,,0.0,18.3,16.2,50,300,211.0,RT_NEWC_PARA,4917,Capesize,200000,300,47.5,18,0,,1,90.11,60.64,96.0,16.6,50.55,39.44,10.94,25.61,13.37,25.34
2025-12-26,360,12,1,Paradip,1,0,,,,,,,,0,0.5204,0.0,,18.7,16.5,46,300,,RT_NEWC_PARA,4917,Capesize,200000,300,47.5,18,0,,1,90.11,60.64,96.0,16.6,50.55,39.44,10.94,25.61,13.37,25.34
2025-12-27,361,12,0,Newcastle,1,0,165.0,13.5,36.0,1.0377,13.01,35.96,98.13,1,,,0.0,18.3,16.2,50,300,211.0,RT_NEWC_PARA,4917,Capesize,200000,300,47.5,18,0,,1,,,,,,,,,,
2025-12-27,361,12,1,Paradip,1,0,,,,,,,,0,0.5204,0.0,,18.7,16.5,46,300,,RT_NEWC_PARA,4917,Capesize,200000,300,47.5,18,0,,1,,,,,,,,,,
2025-12-28,362,12,0,Newcastle,1,0,165.0,13.5,36.0,1.0377,13.52,37.45,102.09,1,,,0.0,18.3,16.2,50,300,211.0,RT_NEWC_PARA,4917,Capesize,200000,300,47.5,18,0,,1,,,,,,,,,,
2025-12-28,362,12,1,Paradip,1,0,,,,,,,,0,0.5204,0.0,,18.7,16.5,46,300,,RT_NEWC_PARA,4917,Capesize,200000,300,47.5,18,0,,1,,,,,,,,,,
2025-12-29,363,12,0,Newcastle,1,0,165.0,13.5,36.0,1.0377,13.64,39.98,106.03,1,,,0.0,18.3,16.2,50,300,211.0,RT_NEWC_PARA,4917,Capesize,200000,300,47.5,18,0,,1,89.83,61.94,,16.37,49.5,38.9,11.07,25.07,13.57,25.33
2025-12-29,363,12,1,Paradip,1,0,,,,,,,,0,0.5204,0.0,,18.7,16.5,46,300,,RT_NEWC_PARA,4917,Capesize,200000,300,47.5,18,0,,1,89.83,61.94,,16.37,49.5,38.9,11.07,25.07,13.57,25.33
2025-12-30,364,12,0,Newcastle,1,0,165.0,13.5,36.0,1.0377,13.2,35.2,97.77,1,,,0.0,18.3,16.2,50,300,211.0,RT_NEWC_PARA,4917,Capesize,200000,300,47.5,18,0,,1,89.9,61.92,,16.39,49.7,38.69,11.07,24.95,14.3,26.55
2025-12-30,364,12,1,Paradip,1,0,,,,,,,,0,0.5204,0.0,,18.7,16.5,46,300,,RT_NEWC_PARA,4917,Capesize,200000,300,47.5,18,0,,1,89.9,61.92,,16.39,49.7,38.69,11.07,24.95,14.3,26.55
2025-12-31,365,12,0,Newcastle,1,0,165.0,13.5,36.0,1.0377,14.58,33.52,100.57,1,,,0.0,18.3,16.2,50,300,211.0,RT_NEWC_PARA,4917,Capesize,200000,300,47.5,18,0,,1,89.77,60.85,,16.62,49.8,39.27,10.91,24.19,13.84,25.64
2025-12-31,365,12,1,Paradip,1,0,,,,,,,,0,0.5204,0.0,,18.7,16.5,46,300,,RT_NEWC_PARA,4917,Capesize,200000,300,47.5,18,0,,1,89.77,60.85,,16.62,49.8,39.27,10.91,24.19,13.84,25.64
