date,usd_inr_exchange_rate,brent_crude_usd_per_bbl,coal_price_usd_per_mt,freight_aus_to_paradip_capesize_usd_per_mt,freight_aus_to_paradip_panamax_usd_per_mt,freight_usa_to_vizag_capesize_usd_per_mt,freight_moz_to_dhamra_supramax_usd_per_mt,freight_australia_paradip_supramax_usd_per_mt,freight_indonesia_visakhapatnam_panamax_usd_per_mt,freight_mozambique_dhamra_handysize_usd_per_mt
2003-12-01,45.71,,,18.61,20.69,32.61,19.77,,,
2003-12-02,45.63,,,18.58,21.0,32.12,19.47,,,
2003-12-03,45.55,,,18.73,21.32,32.61,19.39,,,
2003-12-04,45.55,,,19.01,21.34,33.02,19.68,,,
2003-12-05,45.45,,,18.96,21.66,33.52,19.84,,,
2003-12-08,45.47,,,19.37,21.56,33.56,19.83,,,
2003-12-09,45.43,,,19.26,21.53,34.07,19.64,,,
2003-12-10,45.37,,,19.39,21.47,34.59,19.94,,,
2003-12-11,45.45,,,19.28,21.79,34.68,19.67,,,
2003-12-12,45.42,,,19.18,21.84,34.16,19.59,,,
2003-12-15,45.47,,,18.66,22.45,34.66,19.59,,,
2003-12-16,45.47,,,18.54,22.17,34.86,19.52,,,
2003-12-17,45.39,,,18.32,21.84,34.34,19.68,,,
2003-12-18,45.43,,,18.39,21.89,34.85,19.82,,,
2003-12-19,45.42,,,18.19,21.84,34.33,19.76,,,
2003-12-22,45.45,,,18.14,22.19,34.86,20.2,,,
2003-12-23,45.39,,,18.16,21.86,34.91,20.49,,,
2003-12-24,45.44,,,17.89,21.53,35.22,20.8,,,
2003-12-25,45.44,,,17.77,21.63,35.21,20.84,,,
2003-12-26,45.44,,,17.79,21.52,35.2,20.65,,,
2003-12-29,45.55,,,17.51,22.11,34.63,20.67,,,
2003-12-30,45.5,,,17.45,21.78,34.26,20.63,,,
2003-12-31,45.53,,,17.32,21.62,34.38,20.39,,,
2004-01-01,45.53,,,17.58,21.74,34.26,20.51,,,
2004-01-02,45.6,,,17.58,21.96,34.19,20.37,,,
2004-01-05,45.47,,,17.28,22.56,33.4,20.69,,,
2004-01-06,45.55,,,17.32,22.3,33.26,20.69,,,
2004-01-07,45.39,,,17.06,22.14,33.26,20.74,,,
2004-01-08,45.47,,,16.81,21.97,33.45,20.74,,,
2004-01-09,45.35,,,16.85,22.16,33.37,20.63,,,
2004-01-12,45.34,,,17.02,21.78,32.89,20.73,,,
2004-01-13,45.31,,,16.95,22.03,32.4,20.83,,,
2004-01-14,45.33,,,16.7,22.13,32.17,20.62,,,
2004-01-15,45.35,,,16.56,22.3,32.4,20.48,,,
2004-01-16,45.33,,,16.47,22.41,32.57,20.3,,,
2004-01-19,45.33,,,16.5,22.71,32.72,20.64,,,
2004-01-20,45.33,,,16.57,22.44,32.75,20.38,,,
2004-01-21,45.31,,,16.49,22.51,32.61,20.49,,,
2004-01-22,45.32,,,16.36,22.18,32.72,20.39,,,
2004-01-23,45.24,,,16.48,22.12,33.21,20.23,,,
2004-01-26,45.23,,,16.71,21.48,33.7,19.86,,,
2004-01-27,45.27,,,16.64,21.71,34.16,19.85,,,
2004-01-28,45.25,,,16.71,21.77,34.68,19.63,,,
2004-01-29,45.27,,,16.91,21.8,34.16,19.81,,,
2004-01-30,45.0,,,16.81,21.89,34.6,19.73,,,
2004-02-02,45.17,,,16.32,22.28,34.59,19.75,,,
2004-02-03,45.21,,,16.48,21.95,35.1,19.75,,,
2004-02-04,45.21,,,16.73,22.28,34.7,19.74,,,
2004-02-05,45.21,,,16.72,22.39,34.92,19.62,,,
2004-02-06,45.17,,,16.92,22.22,35.35,19.33,,,
2004-02-09,45.19,,,16.94,21.97,34.91,19.17,,,
2004-02-10,45.18,,,17.19,22.31,34.52,19.02,,,
2004-02-11,45.19,,,17.19,22.21,34.1,18.73,,,
2004-02-12,45.2,,,17.45,21.97,34.04,18.45,,,
2004-02-13,45.36,,,17.19,22.23,34.43,18.3,,,
2004-02-16,45.18,,,17.32,22.75,34.64,18.46,,,
2004-02-17,45.2,,,17.34,22.73,34.24,18.33,,,
2004-02-18,45.17,,,17.08,22.81,33.73,18.47,,,
2004-02-19,45.19,,,17.03,23.15,33.56,18.39,,,
2004-02-20,45.17,,,17.11,23.34,34.07,18.12,,,
2004-02-23,45.17,,,17.09,23.29,34.19,18.62,,,
2004-02-24,45.21,,,16.99,23.64,34.0,18.73,,,
2004-02-25,45.19,,,17.18,23.29,34.06,18.7,,,
2004-02-26,45.17,,,17.25,23.1,33.55,18.76,,,
2004-02-27,45.2,,,17.14,23.09,33.39,18.84,,,
2004-03-01,45.17,,,17.47,23.03,32.42,18.98,,,
2004-03-02,45.18,,,17.33,23.11,32.61,18.91,,,
2004-03-03,45.15,,,17.26,22.94,32.61,18.64,,,
2004-03-04,45.23,,,17.18,23.03,32.47,18.53,,,
2004-03-05,45.19,,,16.92,23.01,32.06,18.71,,,
2004-03-08,45.18,,,17.04,22.73,32.29,18.71,,,
2004-03-09,45.13,,,16.99,22.81,32.07,18.48,,,
2004-03-10,45.11,,,16.74,23.09,32.09,18.42,,,
2004-03-11,45.18,,,16.66,22.92,32.29,18.2,,,
2004-03-12,45.17,,,16.59,22.66,31.81,17.97,,,
2004-03-15,45.17,,,16.48,23.08,32.78,17.98,,,
2004-03-16,45.15,,,16.73,22.81,32.72,18.25,,,
2004-03-17,45.17,,,16.77,22.47,32.75,18.43,,,
2004-03-18,45.15,,,16.82,22.32,33.24,18.35,,,
2004-03-19,45.09,,,16.8,22.1,33.74,18.44,,,
2004-03-22,45.07,,,16.56,22.11,33.62,18.34,,,
2004-03-23,44.81,,,16.81,22.03,33.15,18.27,,,
2004-03-24,44.66,,,16.78,22.07,33.65,18.29,,,
2004-03-25,44.66,,,16.84,22.12,33.81,18.52,,,
2004-03-26,44.5,,,16.83,22.17,34.05,18.72,,,
2004-03-29,43.98,,,16.98,22.09,34.15,18.46,,,
2004-03-30,43.81,,,17.14,22.42,34.03,18.56,,,
2004-03-31,43.33,,,16.96,22.35,33.84,18.59,,,
2004-04-01,43.37,,,17.21,22.02,33.8,18.67,,,
2004-04-02,43.7,,,16.96,22.08,33.9,18.61,,,
2004-04-05,43.57,,,17.13,22.36,32.87,18.91,,,
2004-04-06,43.63,,,17.02,22.13,33.26,18.68,,,
2004-04-07,43.38,,,17.04,22.23,32.85,18.79,,,
2004-04-08,43.53,,,16.94,21.9,32.36,18.92,,,
2004-04-09,43.52,,,16.68,22.03,31.88,18.93,,,
2004-04-13,43.63,,,16.4,21.5,32.12,19.2,,,
2004-04-14,43.67,,,16.65,21.78,32.36,19.0,,,
2004-04-15,43.81,,,16.5,21.79,32.39,18.88,,,
2004-04-16,43.73,,,16.43,21.55,32.36,18.94,,,
2004-04-19,43.79,,,16.4,21.34,33.4,19.11,,,
2004-04-20,43.87,,,16.65,21.47,33.7,18.82,,,
2004-04-21,43.98,,,16.4,21.16,33.41,18.69,,,
2004-04-22,43.94,,,16.43,21.44,33.18,18.41,,,
2004-04-23,44.11,,,16.49,21.33,32.84,18.15,,,
2004-04-26,44.01,,,16.15,21.5,32.79,18.77,,,
2004-04-27,44.07,,,16.26,21.34,32.94,18.75,,,
2004-04-28,44.11,,,16.32,21.32,32.89,18.92,,,
2004-04-29,44.32,,,16.37,21.65,33.03,18.64,,,
2004-04-30,44.28,,,16.43,21.46,33.53,18.88,,,
2004-05-03,44.29,,,16.41,21.27,33.47,18.69,,,
2004-05-04,44.77,,,16.27,21.32,33.24,18.76,,,
2004-05-05,44.56,,,16.51,21.0,33.58,18.78,,,
2004-05-06,44.59,,,16.61,21.32,33.08,18.5,,,
2004-05-07,44.53,,,16.37,21.0,33.58,18.52,,,
2004-05-10,44.97,,,16.47,21.22,33.3,18.9,,,
2004-05-11,45.17,,,16.7,20.9,33.53,18.7,,,
2004-05-12,45.31,,,16.54,21.22,33.03,18.7,,,
2004-05-13,45.16,,,16.73,21.43,33.53,18.99,,,
2004-05-14,45.38,,,16.81,21.55,34.04,18.83,,,
2004-05-17,45.43,,,17.19,21.23,34.1,19.4,,,
2004-05-18,45.35,,,17.03,21.55,34.62,19.28,,,
2004-05-19,45.08,,,16.85,21.29,34.91,19.1,,,
2004-05-20,45.11,,,16.69,21.25,34.42,19.39,,,
2004-05-21,45.19,,,16.68,21.1,34.11,19.68,,,
2004-05-24,45.18,,,16.97,21.18,34.12,20.23,,,
2004-05-25,45.27,,,16.97,21.51,33.62,20.21,,,
2004-05-26,45.27,,,17.23,21.18,33.93,20.0,,,
2004-05-27,45.29,,,17.18,21.48,33.42,20.27,,,
2004-05-28,45.29,,,17.44,21.81,32.98,20.58,,,
2004-05-31,45.29,,,17.17,21.93,32.73,20.09,,,
2004-06-01,45.37,,,17.27,21.61,32.85,20.32,,,
2004-06-02,45.35,,,17.22,21.52,32.36,20.05,,,
2004-06-03,45.1,,,17.37,21.82,32.83,20.1,,,
2004-06-04,45.05,,,17.47,21.58,33.32,19.96,,,
2004-06-07,44.93,,,17.03,21.58,34.27,20.13,,,
2004-06-08,44.93,,,16.94,21.75,34.61,20.09,,,
2004-06-09,44.83,,,17.11,21.82,34.22,19.86,,,
2004-06-10,44.99,,,17.16,21.95,34.52,19.88,,,
2004-06-11,45.07,,,16.9,21.83,34.63,19.58,,,
2004-06-14,45.25,,,16.84,21.96,34.62,19.24,,,
2004-06-15,45.26,,,16.87,21.78,34.23,18.96,,,
2004-06-16,45.33,,,16.88,22.11,33.72,18.67,,,
2004-06-17,45.43,,,16.65,22.04,34.19,18.96,,,
2004-06-18,45.51,,,16.73,22.1,33.69,18.94,,,
2004-06-21,45.77,,,17.28,21.35,34.06,18.94,,,
2004-06-22,46.07,,,17.02,21.06,33.92,19.0,,,
2004-06-23,45.54,,,16.83,20.97,34.05,19.01,,,
2004-06-24,45.75,,,16.94,21.03,34.28,18.9,,,
2004-06-25,45.68,,,17.04,21.31,34.64,18.97,,,
2004-06-28,45.74,,,17.53,20.63,35.31,19.0,,,
2004-06-29,45.91,,,17.77,20.76,34.87,18.93,,,
2004-06-30,45.89,,,17.98,21.08,35.09,18.64,,,
2004-07-01,45.79,,,18.12,21.4,35.42,18.71,,,
2004-07-02,45.59,,,18.05,21.6,35.32,18.44,,,
2004-07-05,45.69,,,18.0,22.2,35.79,18.58,,,
2004-07-06,45.89,,,17.9,22.39,36.25,18.74,,,
2004-07-07,45.73,,,17.91,22.3,36.71,18.53,,,
2004-07-08,45.65,,,18.19,21.97,36.78,18.62,,,
2004-07-09,45.61,,,17.91,21.77,36.25,18.68,,,
2004-07-12,45.59,,,17.7,22.12,36.79,18.56,,,
2004-07-13,45.75,,,17.93,22.14,36.62,18.72,,,
2004-07-14,45.87,,,17.94,22.48,36.85,18.75,,,
2004-07-15,46.03,,,17.71,22.35,36.57,18.51,,,
2004-07-16,46.09,,,17.56,22.26,36.08,18.39,,,
2004-07-19,45.99,,,17.6,21.87,35.74,18.26,,,
2004-07-20,45.91,,,17.61,21.87,35.21,18.13,,,
2004-07-21,46.01,,,17.47,22.14,35.08,18.05,,,
2004-07-22,46.11,,,17.74,22.2,34.56,18.03,,,
2004-07-23,46.12,,,17.88,22.1,34.13,17.76,,,
2004-07-26,46.19,,,17.51,22.74,34.29,17.43,,,
2004-07-27,46.11,,,17.69,22.63,34.01,17.41,,,
2004-07-28,46.27,,,17.53,22.84,33.64,17.3,,,
2004-07-29,46.31,,,17.5,23.11,33.63,17.4,,,
2004-07-30,46.25,,,17.61,23.18,33.71,17.22,,,
2004-08-02,46.23,,,17.47,23.18,33.7,16.95,,,
2004-08-03,46.21,,,17.37,23.35,33.55,17.01,,,
2004-08-04,46.31,,,17.24,23.48,34.0,17.06,,,
2004-08-05,46.27,,,17.5,23.13,34.17,16.97,,,
2004-08-06,46.19,,,17.58,22.92,34.46,16.92,,,
2004-08-09,46.3,,,17.78,23.52,34.69,17.06,,,
2004-08-10,46.23,,,18.0,23.47,35.09,17.19,,,
2004-08-11,46.21,,,17.73,23.6,35.54,16.94,,,
2004-08-12,46.19,,,17.63,23.6,36.08,16.82,,,
2004-08-13,46.23,,,17.9,23.3,36.29,16.75,,,
2004-08-16,46.23,,,18.01,23.14,36.93,16.93,,,
2004-08-17,46.24,,,17.81,22.96,36.93,17.19,,,
2004-08-18,46.26,,,17.8,22.61,36.92,16.97,,,
2004-08-19,46.27,,,17.54,22.8,36.65,17.0,,,
2004-08-20,46.21,,,17.32,22.72,37.2,17.25,,,
2004-08-23,46.15,,,17.27,22.89,37.62,16.83,,,
2004-08-24,46.21,,,17.02,22.68,38.19,17.06,,,
2004-08-25,46.24,,,16.93,22.62,37.62,17.06,,,
2004-08-26,46.27,,,16.95,22.96,37.18,16.91,,,
2004-08-27,46.23,,,17.21,22.62,36.63,16.97,,,
2004-08-30,46.23,,,17.2,22.98,36.4,16.99,,,
2004-08-31,46.27,,,17.0,22.92,36.13,17.25,,,
2004-09-01,46.25,,,17.09,22.79,36.2,17.22,,,
2004-09-02,46.25,,,17.13,23.1,35.95,17.48,,,
2004-09-03,46.23,,,17.01,22.79,36.11,17.6,,,
2004-09-06,46.25,,,16.97,22.55,37.47,17.86,,,
2004-09-07,46.29,,,17.11,22.89,38.04,17.89,,,
2004-09-08,46.24,,,17.37,23.02,38.19,17.69,,,
2004-09-09,46.23,,,17.11,23.2,38.11,17.48,,,
2004-09-10,46.13,,,17.37,23.55,37.7,17.57,,,
2004-09-13,46.13,,,17.2,23.2,37.61,17.59,,,
2004-09-14,45.76,,,17.26,22.97,37.79,17.66,,,
2004-09-15,45.75,,,17.14,22.84,38.17,17.51,,,
2004-09-16,45.87,,,17.09,23.01,37.6,17.77,,,
2004-09-17,45.79,,,16.99,23.08,38.17,17.89,,,
2004-09-20,45.85,,,17.12,22.73,37.15,17.91,,,
2004-09-21,45.77,,,16.98,22.4,37.71,18.09,,,
2004-09-22,45.71,,,17.17,22.61,37.51,18.37,,,
2004-09-23,45.75,,,17.23,22.81,37.34,18.09,,,
2004-09-24,45.85,,,17.4,23.16,37.24,18.36,,,
2004-09-27,45.8,,,17.25,23.05,36.84,18.46,,,
2004-09-28,45.94,,,17.4,23.4,37.4,18.6,,,
2004-09-29,45.85,,,17.53,23.71,37.57,18.53,,,
2004-09-30,45.81,,,17.53,23.78,37.01,18.42,,,
2004-10-01,45.96,,,17.55,23.67,36.83,18.57,,,
2004-10-04,45.75,,,17.81,23.96,37.13,18.57,,,
2004-10-05,45.77,,,17.77,23.6,37.06,18.85,,,
2004-10-06,45.75,,,17.72,23.52,37.01,18.97,,,
2004-10-07,45.75,,,17.96,23.87,37.57,19.0,,,
2004-10-08,45.65,,,18.14,24.23,38.04,18.89,,,
2004-10-11,45.65,,,18.6,23.89,39.2,18.87,,,
2004-10-12,45.77,,,18.75,23.54,38.61,19.14,,,
2004-10-13,45.77,,,18.68,23.69,39.07,19.06,,,
2004-10-14,45.8,,,18.76,23.51,38.49,18.92,,,
2004-10-15,45.75,,,18.73,23.86,38.73,19.01,,,
2004-10-18,45.75,,,18.7,24.04,37.72,19.01,,,
2004-10-19,45.68,,,18.99,24.12,37.32,18.86,,,
2004-10-20,45.69,,,18.76,23.76,37.14,19.08,,,
2004-10-21,45.65,,,18.49,23.4,37.68,19.27,,,
2004-10-22,45.61,,,18.75,23.34,37.31,18.98,,,
2004-10-25,45.49,,,19.22,22.75,37.0,18.5,,,
2004-10-26,45.57,,,19.22,22.92,37.17,18.78,,,
2004-10-27,45.56,,,19.01,23.09,36.66,18.73,,,
2004-10-29,45.31,,,18.88,23.28,36.36,19.05,,,
2004-11-01,45.32,,,18.88,23.18,36.64,19.41,,,
2004-11-02,45.39,,,18.81,23.2,36.72,19.22,,,
2004-11-03,45.23,,,18.9,23.24,36.75,19.51,,,
2004-11-04,45.07,,,18.78,23.59,36.88,19.22,,,
2004-11-05,44.95,,,18.59,23.24,36.33,19.4,,,
2004-11-08,45.1,,,18.59,23.74,35.45,19.06,,,
2004-11-09,45.08,,,18.49,24.0,35.55,18.95,,,
2004-11-10,45.06,,,18.54,23.7,35.87,18.91,,,
2004-11-11,45.07,,,18.26,23.49,36.0,18.63,,,
2004-11-12,45.03,,,17.99,23.61,35.46,18.41,,,
2004-11-15,44.97,,,17.86,24.57,36.0,18.37,,,
2004-11-16,44.99,,,18.13,24.55,36.17,18.65,,,
2004-11-17,44.86,,,18.32,24.92,35.87,18.38,,,
2004-11-18,44.95,,,18.28,24.81,35.94,18.3,,,
2004-11-19,44.94,,,18.28,25.11,36.48,18.19,,,
2004-11-22,44.92,,,18.0,25.47,37.58,18.32,,,
2004-11-23,44.96,,,18.07,25.09,37.4,18.04,,,
2004-11-24,44.96,,,17.89,24.72,37.5,18.23,,,
2004-11-25,44.9,,,18.01,24.76,38.07,18.18,,,
2004-11-26,44.89,,,18.28,24.39,38.05,18.21,,,
2004-11-29,44.72,,,18.5,25.04,37.29,18.12,,,
2004-11-30,44.43,,,18.41,24.68,37.42,17.85,,,
2004-12-01,44.23,,,18.46,25.06,37.09,17.63,,,
2004-12-02,43.95,,,18.46,25.43,37.63,17.9,,,
2004-12-03,43.99,,,18.49,25.48,37.41,18.04,,,
2004-12-06,43.61,,,18.43,25.9,37.15,18.34,,,
2004-12-07,43.59,,,18.71,25.86,37.28,18.39,,,
2004-12-08,43.76,,,18.93,25.85,37.84,18.44,,,
2004-12-09,44.05,,,19.22,26.16,37.28,18.54,,,
2004-12-10,44.57,,,19.04,26.55,37.53,18.65,,,
2004-12-13,44.03,,,19.58,25.74,38.18,18.86,,,
2004-12-14,43.99,,,19.39,26.13,38.2,18.58,,,
2004-12-15,43.93,,,19.19,25.93,38.46,18.57,,,
2004-12-16,43.69,,,19.06,25.54,38.85,18.85,,,
2004-12-17,43.9,,,18.77,25.76,38.58,19.07,,,
2004-12-20,43.77,,,18.52,26.44,38.54,18.67,,,
2004-12-21,43.65,,,18.6,26.59,38.37,18.46,,,
2004-12-22,43.77,,,18.88,26.99,38.63,18.49,,,
2004-12-23,43.59,,,19.1,26.68,38.68,18.38,,,
2004-12-24,43.55,,,18.97,26.65,38.89,18.16,,,
2004-12-27,43.61,,,18.6,25.99,38.33,17.97,,,
2004-12-28,43.63,,,18.88,26.36,38.36,17.71,,,
2004-12-29,43.53,,,19.15,26.56,38.5,17.59,,,
2004-12-30,43.66,,,19.04,26.78,38.18,17.32,,,
2004-12-31,43.31,,,18.76,26.84,37.61,17.07,,,
2005-01-03,43.42,,,19.3,26.64,37.89,17.23,,,
2005-01-04,43.49,,,19.01,26.7,37.75,17.19,,,
2005-01-05,43.59,,,18.88,26.8,37.75,16.95,,,
2005-01-06,43.83,,,18.88,26.91,37.51,17.04,,,
2005-01-07,43.83,,,18.89,26.87,37.01,17.01,,,
2005-01-10,43.79,,,18.69,27.46,37.03,16.49,,,
2005-01-11,43.53,,,18.66,27.61,37.25,16.41,,,
2005-01-12,43.53,,,18.69,27.53,36.95,16.37,,,
2005-01-13,43.57,,,18.81,27.37,36.4,16.28,,,
2005-01-14,43.51,,,18.97,27.32,36.95,16.29,,,
2005-01-17,43.5,,,18.72,26.62,37.56,16.51,,,
2005-01-18,43.68,,,18.79,26.4,37.98,16.63,,,
2005-01-19,43.52,,,18.62,26.47,37.82,16.82,,,
2005-01-20,43.68,,,18.91,26.39,37.79,16.65,,,
2005-01-21,43.5,,,18.93,26.79,37.35,16.55,,,
2005-01-24,43.58,,,19.51,26.53,37.85,16.68,,,
2005-01-25,43.66,,,19.81,26.58,37.31,16.8,,,
2005-01-26,43.66,,,19.75,26.89,36.75,16.62,,,
2005-01-27,43.68,,,19.98,27.29,37.26,16.71,,,
2005-01-28,43.6,,,20.14,27.05,37.33,16.71,,,
2005-01-31,43.66,,,20.38,26.52,36.47,16.62,,,
2005-02-01,43.6,,,20.64,26.41,36.96,16.66,,,
2005-02-02,43.24,,,20.33,26.72,36.99,16.91,,,
2005-02-03,43.3,,,20.04,26.91,37.46,16.66,,,
2005-02-04,43.29,,,19.75,27.13,37.26,16.81,,,
2005-02-07,43.36,,,20.15,27.17,37.9,16.69,,,
2005-02-08,43.62,,,20.17,27.0,38.33,16.86,,,
2005-02-09,43.64,,,20.48,27.1,38.18,16.7,,,
2005-02-10,43.64,,,20.17,27.16,38.51,16.91,,,
2005-02-11,43.68,,,19.87,27.57,39.09,16.8,,,
2005-02-14,43.7,,,19.95,27.1,39.34,16.46,,,
2005-02-15,43.74,,,19.65,27.3,38.99,16.71,,,
2005-02-16,43.64,,,19.63,27.28,39.34,16.72,,,
2005-02-17,43.62,,,19.34,27.12,39.31,16.94,,,
2005-02-18,43.65,,,19.49,27.48,38.72,17.15,,,
2005-02-21,43.72,,,19.24,27.85,38.14,17.31,,,
2005-02-22,43.58,,,19.0,27.72,38.43,17.09,,,
2005-02-23,43.66,,,18.99,28.14,38.72,17.19,,,
2005-02-24,43.6,,,19.21,27.85,38.37,16.98,,,
2005-02-25,43.59,,,18.98,28.09,38.46,17.23,,,
2005-02-28,43.56,,,18.8,27.97,38.4,17.65,,,
2005-03-01,43.64,,,18.78,28.39,38.38,17.39,,,
2005-03-02,43.64,,,18.55,28.82,38.39,17.23,,,
2005-03-03,43.58,,,18.42,28.75,38.66,17.18,,,
2005-03-04,43.57,,,18.16,28.48,38.64,17.44,,,
2005-03-07,43.58,,,18.29,28.84,39.23,16.71,,,
2005-03-08,43.56,,,18.34,28.41,38.64,16.89,,,
2005-03-09,43.58,,,18.32,28.49,38.46,16.77,,,
2005-03-10,43.5,,,18.27,28.73,38.34,16.74,,,
2005-03-11,43.41,,,18.41,28.62,38.92,16.9,,,
2005-03-14,43.46,,,18.33,28.18,37.5,17.02,,,
2005-03-15,43.48,,,18.27,28.03,37.36,16.93,,,
2005-03-16,43.55,,,18.0,28.05,37.11,16.9,,,
2005-03-17,43.55,,,17.73,27.96,37.16,16.95,,,
2005-03-18,43.55,,,18.0,27.54,36.85,17.12,,,
2005-03-21,43.55,,,18.35,27.27,37.02,16.85,,,
2005-03-22,43.65,,,18.42,27.68,37.31,17.04,,,
2005-03-23,43.66,,,18.69,28.1,37.22,17.08,,,
2005-03-24,43.64,,,18.95,27.8,36.92,17.13,,,
2005-03-25,43.62,,,18.92,27.39,36.87,17.02,,,
2005-03-28,43.65,,,18.47,27.94,36.78,17.31,,,
2005-03-29,43.65,,,18.31,27.53,36.94,17.57,,,
2005-03-30,43.75,,,18.03,27.22,36.97,17.31,,,
2005-03-31,43.61,,,17.89,27.21,36.9,17.35,,,
2005-04-01,43.49,,,17.66,27.38,36.35,17.1,,,
2005-04-04,43.65,,,18.12,27.83,36.68,16.77,,,
2005-04-05,43.65,,,18.4,27.87,36.53,16.65,,,
2005-04-06,43.68,,,18.41,28.12,36.54,16.7,,,
2005-04-07,43.62,,,18.23,28.23,36.72,16.58,,,
2005-04-08,43.65,,,18.5,28.26,37.07,16.47,,,
2005-04-11,43.64,,,18.35,28.37,37.73,16.63,,,
2005-04-12,43.62,,,18.16,28.47,38.27,16.77,,,
2005-04-13,43.68,,,17.89,28.61,38.85,16.71,,,
2005-04-14,43.6,,,18.09,29.05,38.5,16.96,,,
2005-04-15,43.7,,,18.37,29.15,39.08,17.06,,,
2005-04-18,43.62,,,18.07,28.8,39.25,17.02,,,
2005-04-19,43.68,,,17.97,28.4,38.97,16.88,,,
2005-04-20,43.58,,,17.84,28.53,39.02,16.67,,,
2005-04-21,43.68,,,17.66,28.72,39.52,16.69,,,
2005-04-22,43.61,,,17.67,28.29,39.14,16.62,,,
2005-04-25,43.63,,,17.55,27.76,39.73,16.89,,,
2005-04-26,43.62,,,17.5,28.1,40.29,16.98,,,
2005-04-27,43.58,,,17.31,28.36,40.24,17.24,,,
2005-04-28,43.6,,,17.19,28.36,40.02,16.98,,,
2005-04-29,43.38,,,17.35,28.16,39.74,16.77,,,
2005-05-02,43.5,,,17.27,28.38,40.24,16.77,,,
2005-05-03,43.52,,,17.43,28.12,40.85,16.71,,,
2005-05-04,43.46,,,17.17,28.38,40.96,16.64,,,
2005-05-05,43.35,,,17.28,28.36,40.48,16.72,,,
2005-05-06,43.43,,,17.15,28.25,40.18,16.95,,,
2005-05-09,43.44,,,16.85,28.02,38.92,17.37,,,
2005-05-10,43.36,,,16.6,28.06,39.51,17.63,,,
2005-05-11,43.22,,,16.61,27.88,39.68,17.76,,,
2005-05-12,43.24,,,16.66,28.13,39.22,18.03,,,
2005-05-13,43.4,,,16.49,28.55,39.67,17.97,,,
2005-05-16,43.4,,,16.35,27.44,38.07,17.47,,,
2005-05-17,43.42,,,16.12,27.39,38.65,17.49,,,
2005-05-18,43.38,,,15.99,27.15,38.51,17.56,,,
2005-05-19,43.38,,,16.0,27.23,37.94,17.6,,,
2005-05-20,43.33,,,15.84,27.28,38.51,17.6,,,
2005-05-23,43.42,,,15.85,26.57,37.61,18.03,,,
2005-05-24,43.48,,,16.01,26.62,37.89,18.23,,,
2005-05-25,43.46,,,15.8,26.48,38.11,18.27,,,
2005-05-26,43.5,,,15.9,26.08,38.69,18.0,,,
2005-05-27,43.5,,,16.14,26.24,38.23,17.73,,,
2005-05-30,43.5,,,15.86,26.45,37.32,17.75,,,
2005-05-31,43.62,,,15.82,26.46,37.79,17.81,,,
2005-06-01,43.72,,,15.89,26.07,38.04,17.92,,,
2005-06-02,43.7,,,15.78,26.43,38.19,18.07,,,
2005-06-03,43.56,,,15.8,26.46,38.42,18.34,,,
2005-06-06,43.52,,,16.04,26.12,37.55,18.66,,,
2005-06-07,43.48,,,16.11,26.01,38.12,18.57,,,
2005-06-08,43.42,,,16.03,25.92,38.69,18.54,,,
2005-06-09,43.46,,,15.93,25.53,39.13,18.3,,,
2005-06-10,43.47,,,15.85,25.72,39.15,18.03,,,
2005-06-13,43.54,,,15.9,25.01,38.75,18.02,,,
2005-06-14,43.58,,,16.15,25.33,38.76,17.96,,,
2005-06-15,43.5,,,16.32,25.2,38.19,18.02,,,
2005-06-16,43.48,,,16.25,25.58,38.12,18.3,,,
2005-06-17,43.49,,,16.49,25.73,38.7,18.02,,,
2005-06-20,43.48,,,15.97,25.78,38.61,17.98,,,
2005-06-21,43.48,,,15.73,25.69,38.17,18.22,,,
2005-06-22,43.42,,,15.67,25.59,38.14,18.41,,,
2005-06-23,43.48,,,15.67,25.77,38.7,18.43,,,
2005-06-24,43.49,,,15.91,25.46,39.06,18.5,,,
2005-06-27,43.42,,,16.09,25.12,40.36,18.26,,,
2005-06-28,43.48,,,15.85,25.29,40.75,18.32,,,
2005-06-29,43.48,,,15.9,25.39,40.64,18.42,,,
2005-06-30,43.46,,,16.05,25.05,40.03,18.21,,,
2005-07-01,43.5,,,15.81,25.25,40.64,17.94,,,
2005-07-04,43.46,,,16.01,24.97,41.24,17.99,,,
2005-07-05,43.5,,,16.14,25.02,41.86,18.24,,,
2005-07-06,43.5,,,16.38,24.89,42.37,18.52,,,
2005-07-07,43.56,,,16.42,24.64,41.73,18.53,,,
2005-07-08,43.54,,,16.47,24.88,41.88,18.38,,,
2005-07-11,43.46,,,16.38,24.91,43.03,18.35,,,
2005-07-12,43.46,,,16.21,24.63,43.69,18.2,,,
2005-07-13,43.41,,,16.22,24.37,43.03,18.3,,,
2005-07-14,43.42,,,16.13,24.3,42.57,18.51,,,
2005-07-15,43.47,,,16.23,24.39,43.21,18.44,,,
2005-07-18,43.45,,,16.4,24.85,42.54,18.54,,,
2005-07-19,43.52,,,16.34,24.69,42.22,18.47,,,
2005-07-20,43.45,,,16.15,24.32,42.85,18.3,,,
2005-07-21,43.0,,,16.07,24.58,43.03,18.13,,,
2005-07-22,43.45,,,16.14,24.96,43.13,18.41,,,
2005-07-25,43.46,,,16.28,24.69,43.78,18.93,,,
2005-07-26,43.41,,,16.53,24.34,43.54,18.88,,,
2005-07-27,43.34,,,16.61,24.54,43.06,18.97,,,
2005-07-28,43.32,,,16.86,24.18,43.02,18.99,,,
2005-07-29,43.35,,,16.71,24.09,42.43,18.71,,,
2005-08-01,43.38,,,16.46,23.7,42.33,18.35,,,
2005-08-02,43.4,,,16.59,23.76,42.7,18.63,,,
2005-08-03,43.37,,,16.58,23.77,42.9,18.57,,,
2005-08-04,43.39,,,16.64,23.46,42.48,18.86,,,
2005-08-05,43.42,,,16.42,23.66,42.88,18.75,,,
2005-08-08,43.45,,,16.71,23.69,42.73,19.28,,,
2005-08-09,43.45,,,16.86,23.84,43.01,19.16,,,
2005-08-10,43.45,,,16.96,23.8,42.61,19.29,,,
2005-08-11,43.5,,,17.0,24.16,43.25,19.59,,,
2005-08-12,43.56,,,16.84,24.52,43.31,19.55,,,
2005-08-15,43.44,,,17.46,24.27,45.09,19.71,,,
2005-08-16,43.45,,,17.72,24.23,45.78,19.91,,,
2005-08-17,43.46,,,17.61,24.17,45.9,20.22,,,
2005-08-18,43.5,,,17.41,24.23,46.42,20.29,,,
2005-08-19,43.52,,,17.38,24.33,46.56,20.3,,,
2005-08-22,43.55,,,17.36,24.22,46.23,20.61,,,
2005-08-23,43.58,,,17.62,23.93,46.62,20.92,,,
2005-08-24,43.7,,,17.59,23.76,46.53,21.01,,,
2005-08-25,43.7,,,17.5,23.67,46.04,20.7,,,
2005-08-26,43.6,,,17.29,24.0,46.47,20.92,,,
2005-08-29,43.66,,,17.22,23.83,46.32,21.05,,,
2005-08-30,43.65,,,16.96,23.74,46.49,21.14,,,
2005-08-31,43.98,,,16.71,23.88,46.85,21.28,,,
2005-09-01,43.9,,,16.65,23.84,47.25,21.56,,,
2005-09-02,43.8,,,16.9,23.92,46.54,21.43,,,
2005-09-05,43.66,,,16.55,23.7,46.87,22.27,,,
2005-09-06,43.81,,,16.49,23.59,46.39,21.98,,,
2005-09-07,43.82,,,16.25,23.68,46.17,22.09,,,
2005-09-08,43.78,,,16.24,23.85,45.49,21.84,,,
2005-09-09,43.76,,,16.19,24.21,46.17,21.58,,,
2005-09-12,43.79,,,16.8,24.24,47.03,21.99,,,
2005-09-13,43.83,,,16.75,24.61,46.9,21.9,,,
2005-09-14,43.82,,,16.53,24.87,47.4,21.87,,,
2005-09-15,43.8,,,16.78,24.58,48.12,21.92,,,
2005-09-16,43.82,,,16.79,24.68,47.74,21.7,,,
2005-09-19,43.83,,,16.83,24.79,47.03,21.66,,,
2005-09-20,43.84,,,16.81,24.7,46.37,21.97,,,
2005-09-22,43.85,,,16.58,25.04,45.53,21.8,,,
2005-09-23,43.85,,,16.58,25.31,46.21,21.94,,,
2005-09-26,43.85,,,16.35,25.39,47.1,22.16,,,
2005-09-27,43.9,,,16.3,25.19,47.82,21.91,,,
2005-09-28,44.0,,,16.55,25.57,47.74,22.24,,,
2005-09-29,43.94,,,16.3,25.43,47.45,22.21,,,
2005-09-30,43.93,,,16.52,25.81,48.16,21.98,,,
2005-10-03,44.06,,,16.45,25.67,49.57,21.66,,,
2005-10-04,44.04,,,16.38,25.67,49.78,21.56,,,
2005-10-05,44.2,,,16.14,25.7,49.44,21.39,,,
2005-10-06,44.14,,,15.99,26.09,49.49,21.16,,,
2005-10-07,44.34,,,15.78,26.49,50.22,21.36,,,
2005-10-10,44.75,,,16.44,26.8,50.02,21.44,,,
2005-10-11,44.86,,,16.58,27.17,49.67,21.12,,,
2005-10-12,44.75,,,16.36,27.35,50.42,21.16,,,
2005-10-13,44.87,,,16.26,26.94,51.18,21.48,,,
2005-10-14,44.72,,,16.36,26.89,51.14,21.61,,,
2005-10-17,44.81,,,16.21,26.76,51.3,22.09,,,
2005-10-18,45.02,,,16.14,26.87,52.07,21.76,,,
2005-10-19,45.09,,,16.28,27.27,52.17,21.88,,,
2005-10-20,45.12,,,16.37,27.4,51.73,21.92,,,
2005-10-21,45.01,,,16.3,26.99,51.82,21.82,,,
2005-10-24,45.05,,,16.44,26.57,51.28,21.72,,,
2005-10-25,44.9,,,16.55,26.23,52.06,22.04,,,
2005-10-26,44.94,,,16.49,25.84,51.28,21.95,,,
2005-10-27,44.99,,,16.56,25.6,51.88,21.99,,,
2005-10-28,45.01,,,16.31,25.53,52.67,21.89,,,
2005-10-31,45.04,,,16.36,26.21,52.54,22.07,,,
2005-11-01,45.0,,,16.57,25.86,52.87,21.74,,,
2005-11-02,45.17,,,16.43,26.16,52.65,21.8,,,
2005-11-03,45.2,,,16.18,26.18,52.42,21.72,,,
2005-11-04,45.44,,,15.94,26.42,51.98,21.71,,,
2005-11-07,45.78,,,16.06,26.74,53.08,21.95,,,
2005-11-08,45.72,,,15.82,26.51,52.29,22.28,,,
2005-11-09,45.68,,,16.06,26.5,52.59,22.59,,,
2005-11-10,45.69,,,16.1,26.42,52.9,22.76,,,
2005-11-11,45.48,,,16.08,26.59,52.74,22.45,,,
2005-11-14,45.65,,,16.05,26.32,51.96,22.46,,,
2005-11-15,45.56,,,16.27,26.34,51.43,22.65,,,
2005-11-16,45.7,,,16.29,26.73,51.95,22.86,,,
2005-11-17,45.64,,,16.32,27.01,51.19,23.02,,,
2005-11-18,45.7,,,16.25,27.0,50.49,22.91,,,
2005-11-21,45.66,,,16.06,27.33,51.79,23.08,,,
2005-11-22,45.74,,,15.82,26.92,52.36,23.03,,,
2005-11-23,45.68,,,15.96,26.82,52.05,22.84,,,
2005-11-24,45.64,,,15.99,26.42,51.78,22.91,,,
2005-11-25,45.74,,,15.96,26.82,52.37,22.96,,,
2005-11-28,45.85,,,15.93,27.05,50.52,23.41,,,
2005-11-29,45.8,,,15.78,27.2,51.19,23.25,,,
2005-11-30,45.86,,,15.82,26.8,51.37,23.26,,,
2005-12-01,45.91,,,15.63,26.78,52.0,23.08,,,
2005-12-02,46.11,,,15.71,26.66,51.22,23.16,,,
2005-12-05,46.24,,,15.76,25.97,51.15,22.52,,,
2005-12-06,46.12,,,15.81,25.93,51.78,22.55,,,
2005-12-07,46.16,,,16.0,25.55,51.7,22.67,,,
2005-12-08,46.17,,,16.24,25.93,52.48,23.01,,,
2005-12-09,46.11,,,16.44,25.9,51.7,23.14,,,
2005-12-12,45.96,,,15.84,25.79,51.42,22.34,,,
2005-12-13,46.02,,,15.84,25.94,51.04,22.01,,,
2005-12-14,45.58,,,15.94,25.82,51.25,22.34,,,
2005-12-15,45.22,,,15.8,25.52,52.0,22.42,,,
2005-12-16,45.37,,,15.84,25.71,52.79,22.27,,,
2005-12-19,45.28,,,15.35,26.67,53.67,21.63,,,
2005-12-20,45.14,,,15.18,26.49,53.96,21.96,,,
2005-12-21,45.1,,,14.96,26.09,53.47,21.95,,,
2005-12-22,45.22,,,14.78,26.49,53.32,21.62,,,
2005-12-23,45.1,,,14.97,26.89,52.8,21.95,,,
2005-12-26,45.06,,,15.12,26.77,51.55,21.82,,,
2005-12-27,45.08,,,15.15,26.41,51.9,21.93,,,
2005-12-28,45.02,,,15.0,26.01,52.36,21.81,,,
2005-12-29,45.11,,,15.13,25.98,52.23,21.49,,,
2005-12-30,44.97,,,15.02,26.37,53.02,21.24,,,
2006-01-02,44.98,,,15.26,26.83,53.1,21.07,,,
2006-01-03,44.86,,,15.47,26.69,53.0,21.03,,,
2006-01-04,44.68,,,15.34,27.09,53.07,21.02,,,
2006-01-05,44.67,,,15.33,27.5,52.28,20.76,,,
2006-01-06,44.29,,,15.56,27.46,52.29,20.83,,,
2006-01-09,44.26,,,15.82,27.38,49.99,21.06,,,
2006-01-10,44.18,,,15.71,26.97,49.27,21.08,,,
2006-01-11,43.92,,,15.83,27.38,48.9,21.37,,,
2006-01-12,43.94,,,16.02,27.79,48.57,21.14,,,
2006-01-13,44.07,,,16.14,27.85,49.02,21.46,,,
2006-01-16,44.12,,,15.72,27.06,48.51,21.89,,,
2006-01-17,44.2,,,15.7,26.89,48.73,21.59,,,
2006-01-18,44.29,,,15.82,26.77,48.51,21.72,,,
2006-01-19,44.16,,,15.85,27.13,48.47,21.83,,,
2006-01-20,44.15,,,15.62,27.39,48.6,21.59,,,
2006-01-23,44.07,,,15.91,27.33,48.23,21.74,,,
2006-01-24,44.17,,,16.12,27.6,48.96,21.97,,,
2006-01-25,44.02,,,16.29,27.77,49.7,21.82,,,
2006-01-26,43.99,,,16.38,28.18,50.3,21.89,,,
2006-01-27,43.94,,,16.36,28.34,50.68,21.86,,,
2006-01-30,44.02,,,16.25,29.38,52.13,21.77,,,
2006-01-31,43.9,,,16.3,29.25,51.44,21.45,,,
2006-02-01,44.08,,,16.06,29.26,51.24,21.13,,,
2006-02-02,44.16,,,15.85,29.61,52.02,21.33,,,
2006-02-03,44.08,,,16.05,30.06,51.24,21.02,,,
2006-02-06,44.14,,,16.19,30.77,50.24,21.02,,,
2006-02-07,44.2,,,16.19,30.31,49.5,21.33,,,
2006-02-08,44.12,,,16.38,29.86,49.42,21.38,,,
2006-02-09,44.09,,,16.28,30.13,48.69,21.58,,,
2006-02-10,44.03,,,16.3,30.14,49.11,21.65,,,
2006-02-13,44.15,,,16.06,30.63,49.5,21.91,,,
2006-02-14,44.15,,,16.11,30.31,49.39,22.2,,,
2006-02-15,44.16,,,16.02,30.54,49.52,22.54,,,
2006-02-16,44.24,,,16.26,30.93,49.49,22.6,,,
2006-02-17,44.31,,,16.08,31.4,50.03,22.36,,,
2006-02-20,44.36,,,16.21,32.09,50.0,22.13,,,
2006-02-21,44.32,,,16.25,31.62,50.64,21.98,,,
2006-02-22,44.48,,,16.45,31.4,49.89,21.65,,,
2006-02-23,44.46,,,16.2,31.32,49.14,21.98,,,
2006-02-24,44.29,,,16.26,31.75,49.3,21.83,,,
2006-02-27,44.41,,,16.66,31.83,48.76,21.69,,,
2006-02-28,44.25,,,16.56,31.76,48.25,21.99,,,
2006-03-01,44.28,,,16.81,31.87,47.67,21.84,,,
2006-03-02,44.18,,,17.06,31.71,48.13,21.51,,,
2006-03-03,44.18,,,16.99,31.53,47.42,21.84,,,
2006-03-06,44.25,,,17.42,30.77,45.96,22.43,,,
2006-03-07,44.2,,,17.31,30.57,46.52,22.59,,,
2006-03-08,44.38,,,17.22,30.73,46.19,22.26,,,
2006-03-09,44.46,,,17.16,31.0,46.31,22.29,,,
2006-03-10,44.45,,,16.91,31.1,45.63,22.04,,,
2006-03-13,44.39,,,16.37,31.62,46.33,22.13,,,
2006-03-14,44.34,,,16.37,31.43,45.64,22.03,,,
2006-03-15,44.1,,,16.42,31.56,45.51,21.97,,,
2006-03-16,44.35,,,16.66,31.8,45.78,21.67,,,
2006-03-17,44.21,,,16.47,32.28,45.39,21.68,,,
2006-03-20,44.36,,,16.61,32.5,45.48,22.23,,,
2006-03-21,44.3,,,16.75,32.78,45.16,22.07,,,
2006-03-22,44.4,,,16.52,33.24,45.84,21.9,,,
2006-03-23,44.47,,,16.6,33.65,45.41,22.11,,,
2006-03-24,44.47,,,16.63,33.62,45.19,22.32,,,
2006-03-27,44.59,,,17.05,32.81,45.19,22.48,,,
2006-03-28,44.59,,,16.92,32.96,44.52,22.38,,,
2006-03-29,44.58,,,16.81,32.5,43.85,22.58,,,
2006-03-30,44.46,,,16.69,32.52,44.09,22.55,,,
2006-03-31,44.53,,,16.58,32.79,43.49,22.27,,,
2006-04-03,44.53,,,16.94,32.61,43.11,22.44,,,
2006-04-04,44.6,,,16.83,33.1,43.61,22.11,,,
2006-04-05,44.56,,,16.66,32.87,43.75,21.78,,,
2006-04-06,44.44,,,16.75,32.44,44.02,21.68,,,
2006-04-07,44.55,,,16.65,32.25,44.68,22.01,,,
2006-04-10,44.66,,,16.56,31.96,46.15,22.16,,,
2006-04-11,44.74,,,16.81,32.1,45.82,21.84,,,
2006-04-12,45.06,,,17.07,32.03,46.51,21.72,,,
2006-04-13,45.04,,,16.94,32.0,46.69,21.4,,,
2006-04-14,44.99,,,16.87,31.53,46.43,21.18,,,
2006-04-17,45.03,,,17.13,32.13,47.63,20.96,,,
2006-04-18,45.05,,,17.39,31.74,48.35,21.01,,,
2006-04-19,45.1,,,17.35,31.27,49.08,20.84,,,
2006-04-20,45.1,,,17.19,31.53,49.44,20.89,,,
2006-04-21,45.0,,,16.93,31.67,48.74,20.69,,,
2006-04-24,44.83,,,17.03,31.26,49.15,20.73,,,
2006-04-25,44.82,,,16.93,31.73,49.59,20.59,,,
2006-04-26,45.02,,,16.97,31.26,49.71,20.28,,,
2006-04-27,44.8,,,16.97,31.07,49.8,19.98,,,
2006-04-28,44.9,,,17.22,31.54,50.31,20.28,,,
2006-05-01,44.76,,,17.27,31.04,49.71,20.5,,,
2006-05-02,44.8,,,17.48,30.59,50.46,20.81,,,
2006-05-03,44.8,,,17.63,30.14,50.43,20.92,,,
2006-05-04,44.89,,,17.9,30.55,51.15,21.09,,,
2006-05-05,44.77,,,18.02,30.1,51.41,21.2,,,
2006-05-08,44.76,,,18.32,30.09,52.67,20.47,,,
2006-05-09,44.77,,,18.5,29.73,52.43,20.63,,,
2006-05-10,44.81,,,18.61,30.18,53.2,20.32,,,
2006-05-11,44.82,,,18.85,30.39,52.41,20.28,,,
2006-05-12,44.83,,,19.12,30.15,52.4,20.23,,,
2006-05-15,45.25,,,19.53,31.18,54.12,20.35,,,
2006-05-16,44.99,,,19.56,30.82,53.83,20.65,,,
2006-05-17,44.62,,,19.85,30.66,54.51,20.37,,,
2006-05-18,45.4,,,19.65,30.77,54.01,20.64,,,
2006-05-19,45.29,,,19.74,30.7,54.82,20.5,,,
2006-05-22,45.29,,,19.96,30.16,53.14,20.65,,,
2006-05-23,45.38,,,20.0,30.23,53.18,20.82,,,
2006-05-24,45.68,,,20.01,30.04,53.29,20.92,,,
2006-05-25,45.77,,,19.72,29.79,54.09,21.12,,,
2006-05-26,45.76,,,19.89,29.35,53.31,21.23,,,
2006-05-29,45.99,,,20.28,29.59,52.21,20.85,,,
2006-05-30,46.08,,,20.33,29.62,53.0,20.57,,,
2006-05-31,46.16,,,20.4,29.57,52.21,20.5,,,
2006-06-01,46.12,,,20.7,30.02,52.64,20.55,,,
2006-06-02,45.59,,,20.68,29.57,52.93,20.61,,,
2006-06-05,45.68,,,20.95,29.02,52.52,21.27,,,
2006-06-06,45.85,,,20.84,28.59,53.31,21.41,,,
2006-06-07,45.73,,,20.89,28.88,54.11,21.43,,,
2006-06-08,45.76,,,21.16,28.86,54.15,21.63,,,
2006-06-09,45.86,,,20.91,28.85,54.97,21.76,,,
2006-06-12,45.82,,,21.07,28.05,55.81,21.93,,,
2006-06-13,45.94,,,20.75,28.19,55.46,22.26,,,
2006-06-14,45.82,,,20.62,27.83,54.63,21.93,,,
2006-06-15,45.81,,,20.71,28.25,53.82,22.14,,,
2006-06-16,45.85,,,21.02,27.83,54.63,22.48,,,
2006-06-19,45.82,,,21.18,27.8,53.29,22.37,,,
2006-06-20,45.86,,,20.87,27.39,54.0,22.44,,,
2006-06-21,45.84,,,20.56,27.47,53.42,22.54,,,
2006-06-22,45.92,,,20.67,27.3,53.06,22.58,,,
2006-06-23,45.94,,,20.54,27.01,53.28,22.29,,,
2006-06-26,46.25,,,20.53,26.94,53.16,22.61,,,
2006-06-27,46.26,,,20.39,26.54,53.48,22.43,,,
2006-06-28,46.3,,,20.09,26.94,53.58,22.1,,,
2006-06-29,46.26,,,20.3,27.16,53.75,21.86,,,
2006-06-30,45.81,,,20.46,26.89,53.46,21.53,,,
2006-07-03,45.94,,,20.48,26.72,53.82,21.53,,,
2006-07-04,45.9,,,20.18,26.32,53.91,21.25,,,
2006-07-05,45.95,,,20.01,26.72,54.68,21.28,,,
2006-07-06,45.94,,,20.0,26.57,55.51,21.1,,,
2006-07-07,45.78,,,20.06,26.97,55.49,21.35,,,
2006-07-10,46.0,,,19.79,27.39,55.14,21.5,,,
2006-07-11,46.14,,,20.09,27.16,54.32,21.5,,,
2006-07-12,46.02,,,20.07,26.76,53.87,21.51,,,
2006-07-13,46.22,,,20.35,26.61,53.45,21.19,,,
2006-07-14,46.33,,,20.43,26.75,52.65,21.17,,,
2006-07-17,46.58,,,20.8,26.88,53.06,21.38,,,
2006-07-18,46.56,,,20.96,26.92,52.27,21.71,,,
2006-07-19,46.8,,,21.28,26.63,52.24,21.85,,,
2006-07-20,46.76,,,21.33,26.87,51.46,21.53,,,
2006-07-21,46.58,,,21.51,26.94,51.35,21.31,,,
2006-07-24,46.85,,,21.64,26.83,50.8,21.96,,,
2006-07-25,46.72,,,21.97,26.84,50.97,22.0,,,
2006-07-26,46.68,,,21.96,27.15,50.23,21.7,,,
2006-07-27,46.54,,,21.63,26.92,49.67,22.03,,,
2006-07-28,46.47,,,21.66,27.03,50.17,21.77,,,
2006-07-31,46.42,,,21.54,27.18,50.39,22.34,,,
2006-08-01,46.44,,,21.43,26.83,50.53,22.6,,,
2006-08-02,46.5,,,21.11,26.57,51.2,22.94,,,
2006-08-03,46.43,,,20.99,26.33,51.65,23.01,,,
2006-08-04,46.43,,,20.68,26.37,52.43,22.97,,,
2006-08-07,46.5,,,20.76,26.44,52.89,22.54,,,
2006-08-08,46.4,,,20.86,26.63,53.69,22.66,,,
2006-08-09,46.4,,,20.62,26.23,52.89,22.61,,,
2006-08-10,46.31,,,20.61,26.58,52.89,22.7,,,
2006-08-11,46.42,,,20.61,26.9,53.69,22.37,,,
2006-08-14,46.49,,,20.86,27.41,54.76,22.32,,,
2006-08-15,46.44,,,20.8,27.78,54.0,22.32,,,
2006-08-16,46.47,,,20.81,28.2,54.81,21.99,,,
2006-08-17,46.29,,,20.86,27.85,55.38,21.67,,,
2006-08-18,46.39,,,20.55,28.25,54.73,21.88,,,
2006-08-21,46.39,,,20.08,27.75,55.24,22.24,,,
2006-08-22,46.39,,,20.02,27.65,54.55,22.38,,,
2006-08-23,46.39,,,20.32,27.3,54.09,22.1,,,
2006-08-24,46.45,,,20.48,27.13,53.28,22.0,,,
2006-08-25,46.45,,,20.34,26.75,54.07,21.8,,,
2006-08-28,46.49,,,21.02,26.49,54.99,21.93,,,
2006-08-29,46.39,,,21.04,26.1,55.16,22.03,,,
2006-08-30,46.29,,,20.88,25.71,55.08,21.82,,,
2006-08-31,46.48,,,21.05,25.83,55.23,21.9,,,
2006-09-01,46.51,,,21.16,25.56,55.28,21.58,,,
2006-09-04,46.25,,,21.82,26.21,55.94,21.29,,,
2006-09-05,46.15,,,21.69,26.6,56.77,21.32,,,
2006-09-06,46.05,,,22.01,26.5,57.63,21.37,,,
2006-09-07,46.05,,,22.07,26.3,56.77,21.36,,,
2006-09-08,46.15,,,22.4,26.6,57.63,21.07,,,
2006-09-11,46.15,,,22.61,27.12,58.99,20.73,,,
2006-09-12,46.18,,,22.43,27.05,58.53,20.71,,,
2006-09-13,46.0,,,22.3,27.06,59.32,20.4,,,
2006-09-14,45.91,,,22.22,27.07,59.01,20.7,,,
2006-09-15,46.05,,,22.33,26.74,58.13,20.41,,,
2006-09-18,46.05,,,22.32,27.33,57.03,21.29,,,
2006-09-19,46.03,,,22.65,27.35,57.89,21.61,,,
2006-09-20,46.03,,,23.0,27.29,58.77,21.63,,,
2006-09-21,45.79,,,23.12,27.41,59.66,21.37,,,
2006-09-22,45.82,,,23.13,27.68,59.76,21.35,,,
2006-09-25,45.79,,,23.05,27.9,59.92,21.06,,,
2006-09-26,45.89,,,22.98,28.07,60.25,20.99,,,
2006-09-27,45.83,,,22.64,27.71,60.73,20.8,,,
2006-09-28,45.83,,,22.75,27.77,61.65,20.74,,,
2006-09-29,45.72,,,22.93,27.36,61.13,20.87,,,
2006-10-02,45.71,,,22.81,28.04,60.52,20.73,,,
2006-10-03,45.72,,,22.47,27.9,60.36,20.69,,,
2006-10-04,45.63,,,22.53,28.01,60.78,20.4,,,
2006-10-05,45.59,,,22.81,28.44,60.51,20.37,,,
2006-10-06,45.49,,,23.16,28.87,61.42,20.41,,,
2006-10-09,45.63,,,23.32,29.33,62.0,20.34,,,
2006-10-10,45.67,,,23.28,28.9,61.51,20.65,,,
2006-10-11,45.55,,,23.53,28.78,60.72,20.86,,,
2006-10-12,45.51,,,23.71,29.21,59.82,21.0,,,
2006-10-13,45.24,,,23.36,29.58,59.16,21.25,,,
2006-10-16,45.35,,,23.89,29.27,60.9,21.65,,,
2006-10-17,45.13,,,24.01,29.05,60.38,21.65,,,
2006-10-18,45.21,,,24.15,29.17,60.98,21.82,,,
2006-10-19,45.21,,,24.23,28.87,60.38,22.15,,,
2006-10-20,45.23,,,24.07,28.49,59.57,22.48,,,
2006-10-23,45.33,,,24.21,28.34,58.06,22.98,,,
2006-10-24,45.15,,,24.37,28.4,57.92,23.25,,,
2006-10-25,45.29,,,24.26,28.4,58.01,23.6,,,
2006-10-26,45.17,,,24.49,28.01,58.88,23.54,,,
2006-10-27,45.01,,,24.13,27.59,59.66,23.89,,,
2006-10-30,44.83,,,23.99,27.11,61.47,24.55,,,
2006-10-31,44.83,,,23.68,26.83,60.56,24.77,,,
2006-11-01,44.71,,,23.32,27.24,60.69,25.04,,,
2006-11-02,44.82,,,23.65,27.61,61.2,24.93,,,
2006-11-03,44.8,,,23.52,27.9,62.12,25.3,,,
2006-11-06,44.81,,,23.74,28.2,62.77,25.9,,,
2006-11-07,44.76,,,23.77,28.19,62.48,26.29,,,
2006-11-08,44.61,,,23.41,28.25,62.86,25.92,,,
2006-11-09,44.45,,,23.7,28.51,63.82,25.68,,,
2006-11-10,44.61,,,23.56,28.75,63.69,26.06,,,
2006-11-13,44.8,,,23.44,28.62,63.28,26.22,,,
2006-11-14,45.09,,,23.68,28.88,64.24,26.61,,,
2006-11-15,45.19,,,23.58,28.74,63.46,27.01,,,
2006-11-16,44.77,,,23.48,28.31,62.51,26.8,,,
2006-11-17,44.77,,,23.39,28.24,62.52,26.76,,,
2006-11-20,44.94,,,23.98,28.47,64.68,27.29,,,
2006-11-21,44.9,,,24.28,28.31,64.72,27.7,,,
2006-11-22,44.57,,,24.35,28.17,64.58,27.96,,,
2006-11-23,44.63,,,24.28,28.59,63.62,28.38,,,
2006-11-24,44.53,,,24.22,28.58,62.68,28.19,,,
2006-11-27,44.59,,,24.41,28.31,64.11,28.37,,,
2006-11-28,44.6,,,24.42,27.89,64.68,27.95,,,
2006-11-29,44.61,,,24.64,27.56,65.66,27.84,,,
2006-11-30,44.55,,,24.62,27.98,65.96,27.93,,,
2006-12-01,44.44,,,24.64,28.12,65.85,27.71,,,
2006-12-04,44.54,,,24.65,28.18,66.59,26.97,,,
2006-12-05,44.49,,,24.95,28.28,65.72,27.17,,,
2006-12-06,44.62,,,24.58,28.39,64.74,26.77,,,
2006-12-07,44.57,,,24.95,28.44,65.72,26.8,,,
2006-12-08,44.47,,,24.91,28.76,64.77,26.97,,,
2006-12-11,44.69,,,25.11,28.18,65.75,26.89,,,
2006-12-12,44.77,,,24.8,27.76,66.2,26.66,,,
2006-12-13,44.73,,,24.62,28.18,66.32,26.56,,,
2006-12-14,44.67,,,24.99,28.5,66.16,26.79,,,
2006-12-15,44.47,,,24.93,28.2,67.16,26.86,,,
2006-12-18,44.72,,,25.42,28.29,65.99,26.6,,,
2006-12-19,44.69,,,25.46,27.87,66.15,27.0,,,
2006-12-20,44.67,,,25.58,27.91,66.16,26.6,,,
2006-12-21,44.53,,,25.96,27.87,65.17,26.82,,,
2006-12-22,44.31,,,25.95,28.17,65.13,26.51,,,
2006-12-25,44.31,,,26.69,27.63,65.28,26.28,,,
2006-12-26,44.31,,,27.08,27.28,66.27,25.9,,,
2006-12-27,44.26,,,27.29,27.31,67.12,26.08,,,
2006-12-28,44.28,,,26.92,27.72,66.45,26.32,,,
2006-12-29,44.04,,,27.32,27.31,66.8,25.93,,,
2007-01-01,44.22,,,26.81,26.71,66.24,26.46,,,
2007-01-02,44.12,,,26.79,26.96,67.24,26.37,,,
2007-01-03,44.11,,,26.9,26.91,67.28,26.51,,,
2007-01-04,44.1,,,27.0,27.05,66.27,26.29,,,
2007-01-05,44.14,,,27.14,26.83,66.31,26.64,,,
2007-01-08,44.26,,,27.62,26.93,66.61,27.12,,,
2007-01-09,44.21,,,27.95,27.21,66.45,26.8,,,
2007-01-10,44.38,,,28.35,27.23,66.15,26.4,,,
2007-01-11,44.42,,,27.94,27.6,65.96,26.28,,,
2007-01-12,44.26,,,28.14,27.53,65.97,26.25,,,
2007-01-15,44.13,,,28.71,27.62,65.27,26.95,,,
2007-01-16,44.12,,,28.65,27.72,64.92,27.34,,,
2007-01-17,44.03,,,28.7,27.91,65.07,27.03,,,
2007-01-18,44.08,,,28.64,27.5,65.34,27.38,,,
2007-01-19,44.08,,,28.65,27.91,65.64,27.12,,,
2007-01-22,44.04,,,28.28,27.22,63.18,27.12,,,
2007-01-23,44.08,,,27.99,27.37,63.53,27.36,,,
2007-01-24,44.08,,,27.66,27.78,62.89,27.63,,,
2007-01-25,44.08,,,27.25,27.37,62.58,27.48,,,
2007-01-26,44.01,,,27.04,27.19,63.53,27.35,,,
2007-01-29,44.07,,,27.37,26.89,62.87,26.5,,,
2007-01-30,43.97,,,27.15,27.3,62.83,26.9,,,
2007-01-31,44.01,,,27.56,27.34,62.22,26.63,,,
2007-02-01,43.94,,,27.89,27.72,63.16,27.04,,,
2007-02-02,43.94,,,27.78,27.93,63.21,27.44,,,
2007-02-05,43.97,,,27.37,27.46,62.5,27.23,,,
2007-02-06,44.05,,,26.96,27.05,61.62,26.88,,,
2007-02-07,44.01,,,27.29,27.46,61.53,26.74,,,
2007-02-08,44.05,,,27.71,27.4,60.67,26.34,,,
2007-02-09,43.87,,,28.13,27.82,60.68,26.19,,,
2007-02-12,44.07,,,28.82,27.82,62.66,25.42,,,
2007-02-13,43.96,,,29.08,27.8,62.31,25.35,,,
2007-02-14,43.87,,,29.18,27.65,62.75,25.46,,,
2007-02-15,44.01,,,29.22,27.79,63.18,25.19,,,
2007-02-16,43.81,,,29.2,27.46,63.48,25.28,,,
2007-02-19,43.99,,,28.41,27.72,62.6,25.14,,,
2007-02-20,44.12,,,28.38,27.75,61.67,24.77,,,
2007-02-21,44.08,,,28.05,28.17,61.44,25.14,,,
2007-02-22,44.17,,,27.68,28.07,60.53,25.33,,,
2007-02-23,44.01,,,27.74,28.49,59.63,25.64,,,
2007-02-26,44.1,,,28.05,28.61,60.38,25.72,,,
2007-02-27,44.11,,,27.72,28.98,59.91,25.34,,,
2007-02-28,44.02,,,28.04,28.94,60.53,25.0,,,
2007-03-01,44.2,,,27.71,29.21,61.29,24.76,,,
2007-03-02,44.03,,,27.64,29.06,61.16,24.63,,,
2007-03-05,44.51,,,27.54,28.56,60.0,24.49,,,
2007-03-06,44.11,,,27.13,28.93,59.1,24.86,,,
2007-03-07,44.44,,,26.93,28.84,59.41,25.24,,,
2007-03-08,44.11,,,27.04,28.91,59.65,24.86,,,
2007-03-09,44.01,,,26.63,28.48,60.03,24.91,,,
2007-03-12,44.05,,,26.95,29.28,60.74,24.63,,,
2007-03-13,44.01,,,27.03,29.12,60.91,24.36,,,
2007-03-14,44.23,,,27.43,29.52,60.58,24.43,,,
2007-03-15,44.15,,,27.48,29.96,60.09,24.16,,,
2007-03-16,43.89,,,27.34,30.34,61.0,24.2,,,
2007-03-19,44.02,,,27.58,30.11,60.31,23.9,,,
2007-03-20,43.45,,,27.59,29.66,59.68,23.94,,,
2007-03-21,43.44,,,27.36,29.83,59.91,23.69,,,
2007-03-22,43.43,,,27.15,29.9,59.02,23.74,,,
2007-03-23,43.31,,,26.74,29.84,58.35,24.1,,,
2007-03-26,43.15,,,26.52,30.16,56.85,24.51,,,
2007-03-27,43.05,,,26.3,29.93,57.71,24.14,,,
2007-03-28,43.09,,,26.58,30.25,58.58,24.51,,,
2007-03-29,43.58,,,26.49,30.07,57.71,24.2,,,
2007-03-30,43.04,,,26.89,29.76,58.15,24.46,,,
2007-04-02,43.17,,,26.5,29.59,58.77,24.71,,,
2007-04-03,43.01,,,26.9,29.72,58.57,24.86,,,
2007-04-04,42.81,,,26.52,29.5,57.97,25.24,,,
2007-04-05,42.7,,,26.62,29.81,57.63,25.3,,,
2007-04-06,42.69,,,26.83,29.59,56.77,25.27,,,
2007-04-09,42.87,,,26.86,30.25,55.69,24.64,,,
2007-04-10,42.59,,,26.88,30.55,54.86,24.56,,,
2007-04-11,42.61,,,26.83,30.3,55.02,24.64,,,
2007-04-12,42.55,,,27.15,29.85,54.5,24.27,,,
2007-04-13,42.37,,,27.56,29.99,54.73,24.2,,,
2007-04-16,41.78,,,26.94,30.15,55.56,24.21,,,
2007-04-17,41.85,,,27.35,29.98,54.91,24.41,,,
2007-04-18,41.83,,,27.09,30.44,54.68,24.34,,,
2007-04-19,42.08,,,27.49,29.98,55.04,24.29,,,
2007-04-20,41.52,,,27.91,30.27,54.22,23.93,,,
2007-04-23,41.58,,,28.34,29.8,53.65,23.98,,,
2007-04-24,41.01,,,28.21,29.49,53.94,24.09,,,
2007-04-25,40.85,,,28.15,29.71,54.28,24.19,,,
2007-04-26,40.73,,,27.95,30.16,54.54,24.55,,,
2007-04-27,40.72,,,27.61,30.34,54.69,24.46,,,
2007-04-30,40.97,,,27.02,30.2,54.43,24.45,,,
2007-05-01,41.11,,,26.77,30.66,55.25,24.22,,,
2007-05-02,40.98,,,26.84,30.51,54.43,23.96,,,
2007-05-03,40.93,,,26.45,30.36,53.62,23.94,,,
2007-05-04,40.51,,,26.55,30.14,53.45,23.6,,,
2007-05-07,40.7,,,26.54,29.66,53.14,24.18,,,
2007-05-08,40.69,,,26.94,29.34,53.74,23.82,,,
2007-05-09,40.61,,,26.55,28.9,54.49,23.92,,,
2007-05-10,41.22,,,26.95,29.19,53.97,23.78,,,
2007-05-11,40.67,,,27.09,28.78,53.74,24.12,,,
2007-05-14,40.65,,,27.03,28.66,52.24,24.09,,,
2007-05-15,40.88,,,27.05,28.23,51.6,23.89,,,
2007-05-16,40.76,,,27.23,28.33,51.91,23.96,,,
2007-05-17,40.53,,,26.93,28.76,52.01,24.22,,,
2007-05-18,40.31,,,26.99,28.33,52.38,24.24,,,
2007-05-21,40.53,,,26.27,28.27,53.72,24.35,,,
2007-05-22,40.54,,,26.04,28.57,52.92,24.66,,,
2007-05-23,40.49,,,26.43,28.9,52.29,24.54,,,
2007-05-24,40.49,,,26.78,28.78,52.13,24.5,,,
2007-05-25,40.22,,,26.97,29.22,52.11,24.87,,,
2007-05-28,40.51,,,26.92,29.52,53.09,24.55,,,
2007-05-29,40.37,,,26.96,29.15,53.23,24.92,,,
2007-05-30,40.53,,,27.37,29.14,53.3,24.94,,,
2007-05-31,40.55,,,27.5,29.36,53.94,25.32,,,
2007-06-01,40.22,,,27.57,29.23,53.13,25.09,,,
2007-06-04,40.13,,,27.46,29.31,53.41,24.73,,,
2007-06-05,40.16,,,27.7,29.16,52.62,24.58,,,
2007-06-06,40.49,,,28.02,29.49,52.49,24.8,,,
2007-06-07,40.45,,,27.76,29.94,52.44,24.74,,,
2007-06-08,40.76,,,27.34,29.49,51.78,24.37,,,
2007-06-11,40.51,,,26.75,29.41,51.44,24.18,,,
2007-06-12,40.57,,,26.35,29.46,51.38,24.54,,,
2007-06-13,40.55,,,26.47,29.71,52.04,24.91,,,
2007-06-14,40.56,,,26.87,29.51,52.05,24.74,,,
2007-06-15,40.46,,,26.87,29.07,52.41,24.91,,,
2007-06-18,40.44,,,27.14,29.45,52.98,24.49,,,
2007-06-19,40.65,,,27.45,29.01,53.77,24.12,,,
2007-06-20,40.48,,,27.35,29.4,54.05,24.15,,,
2007-06-21,40.53,,,27.44,29.16,54.68,24.24,,,
2007-06-22,40.49,,,27.55,29.29,54.02,24.04,,,
2007-06-25,40.65,,,27.6,29.51,55.28,24.05,,,
2007-06-26,40.75,,,27.35,29.07,54.46,24.2,,,
2007-06-27,40.82,,,27.53,28.82,54.65,23.84,,,
2007-06-28,40.71,,,27.24,28.89,54.33,24.1,,,
2007-06-29,40.53,,,27.25,29.33,53.8,23.99,,,
2007-07-02,40.53,,,27.76,29.88,55.19,24.83,,,
2007-07-03,40.35,,,27.76,29.85,54.95,24.59,,,
2007-07-04,40.41,,,28.03,29.73,55.35,24.23,,,
2007-07-05,40.4,,,28.46,29.47,55.07,23.87,,,
2007-07-06,40.31,,,28.65,29.44,55.39,24.18,,,
2007-07-09,40.23,,,27.87,29.41,56.02,23.94,,,
2007-07-10,40.17,,,27.77,29.18,55.18,24.25,,,
2007-07-11,40.31,,,27.57,29.09,56.02,24.48,,,
2007-07-12,40.45,,,27.51,28.66,55.52,24.61,,,
2007-07-13,40.2,,,27.53,28.8,54.7,24.8,,,
2007-07-16,40.17,,,27.85,28.85,54.75,25.01,,,
2007-07-17,40.29,,,27.87,28.74,53.94,25.01,,,
2007-07-18,40.33,,,27.46,28.93,53.8,25.24,,,
2007-07-19,40.19,,,27.15,28.92,53.0,25.35,,,
2007-07-20,40.12,,,27.1,29.04,52.22,25.08,,,
2007-07-23,40.05,,,27.32,29.81,51.92,25.51,,,
2007-07-24,40.22,,,27.72,29.89,52.71,25.48,,,
2007-07-25,40.23,,,27.65,30.34,52.6,25.73,,,
2007-07-26,40.18,,,28.07,30.51,52.7,25.71,,,
2007-07-27,40.32,,,28.12,30.97,53.5,25.93,,,
2007-07-30,40.45,75.74,,27.7,31.21,54.3,25.86,,,
2007-07-31,40.4,77.05,,27.58,31.27,54.96,25.76,,,
2007-08-01,40.37,75.35,,27.63,31.25,55.79,26.15,,,
2007-08-02,40.15,75.76,,27.69,31.37,56.01,26.33,,,
2007-08-03,40.19,74.75,,27.69,31.23,55.56,26.34,,,
2007-08-06,40.19,71.17,,28.56,31.55,58.12,26.74,,,
2007-08-07,40.34,71.8,,28.14,31.51,58.16,27.03,,,
2007-08-08,40.23,70.99,,27.72,31.35,57.58,27.44,,,
2007-08-09,40.44,70.21,,28.03,30.98,57.74,27.29,,,
2007-08-10,40.4,70.39,,27.62,31.09,58.51,26.9,,,
2007-08-13,40.35,70.23,,26.76,30.91,59.27,27.01,,,
2007-08-14,40.65,70.51,,26.93,30.45,58.39,27.42,,,
2007-08-15,40.88,71.64,,27.18,30.7,59.2,27.54,,,
2007-08-16,41.09,69.77,,26.99,31.16,58.56,27.54,,,
2007-08-17,40.99,70.44,,26.59,30.75,59.21,27.43,,,
2007-08-20,41.02,69.85,,26.15,31.33,59.45,28.54,,,
2007-08-21,40.96,68.69,,26.21,31.17,58.81,28.94,,,
2007-08-22,40.96,68.7,,26.21,30.71,59.39,29.33,,,
2007-08-23,40.78,69.86,,26.39,31.1,58.9,29.63,,,
2007-08-24,40.84,70.62,,26.43,30.79,59.53,29.61,,,
2007-08-27,40.9,70.95,,26.45,30.42,57.62,29.49,,,
2007-08-28,40.89,70.55,,26.45,29.97,57.28,29.05,,,
2007-08-29,40.9,72.13,,26.15,29.96,58.15,29.0,,,
2007-08-30,40.99,71.9,,26.02,30.08,58.89,28.72,,,
2007-08-31,40.58,72.69,,25.74,30.27,59.78,29.07,,,
2007-09-03,40.79,,,25.69,30.52,60.08,28.75,,,
2007-09-04,40.72,73.92,,25.31,30.43,59.74,29.19,,,
2007-09-05,40.83,74.34,,25.69,30.12,59.18,28.75,,,
2007-09-06,40.58,74.77,,25.63,30.17,58.3,28.92,,,
2007-09-07,40.34,75.07,,25.42,30.41,58.29,28.49,,,
2007-09-10,,75.48,,25.95,30.31,58.27,28.47,,,
2007-09-11,40.35,76.38,,26.16,30.49,57.86,28.55,,,
2007-09-12,40.27,77.68,,26.01,30.73,58.02,28.61,,,
2007-09-13,40.36,77.12,,26.4,30.73,58.76,28.39,,,
2007-09-14,40.28,76.22,,26.21,30.95,59.0,28.33,,,
2007-09-17,40.38,76.98,,26.94,31.49,58.76,28.39,,,
2007-09-18,40.22,77.59,,27.35,31.02,57.98,28.64,,,
2007-09-19,40.03,78.47,,27.36,30.6,58.67,28.67,,,
2007-09-20,39.62,79.09,,27.12,30.18,57.8,28.74,,,
2007-09-21,39.77,79.3,,27.27,30.45,58.59,28.61,,,
2007-09-24,39.43,78.91,,27.51,30.05,58.22,28.72,,,
2007-09-25,39.66,77.62,,27.39,30.02,57.36,28.88,,,
2007-09-26,39.63,77.43,,27.45,30.13,57.83,28.59,,,
2007-09-27,39.65,80.03,,27.04,29.71,58.59,28.88,,,
2007-09-28,39.58,79.17,,26.73,29.95,58.23,28.76,,,
2007-10-01,39.67,77.64,,26.57,29.68,57.09,29.01,,,
2007-10-02,39.57,77.38,,26.74,29.72,57.95,28.83,,,
2007-10-03,39.32,77.38,,27.13,29.73,57.77,28.66,,,
2007-10-04,39.22,78.97,,27.36,29.44,56.91,28.23,,,
2007-10-05,39.4,78.9,,27.7,29.33,56.36,28.41,,,
2007-10-08,39.35,76.58,,27.45,28.72,55.23,28.78,,,
2007-10-09,39.15,77.49,,27.34,28.87,55.37,28.52,,,
2007-10-10,39.17,78.6,,27.26,28.44,55.32,28.85,,,
2007-10-11,39.24,80.15,,27.67,28.87,56.16,29.2,,,
2007-10-12,39.1,80.55,,27.86,29.3,56.5,28.92,,,
2007-10-15,39.24,82.75,,28.22,29.25,57.41,29.25,,,
2007-10-16,39.15,83.55,,28.54,29.41,56.56,29.15,,,
2007-10-17,39.47,83.13,,28.56,29.22,57.41,29.34,,,
2007-10-18,39.56,84.6,,28.65,29.58,57.52,28.9,,,
2007-10-19,39.45,83.79,,29.08,29.73,57.64,28.53,,,
2007-10-22,39.65,83.27,,29.84,28.55,57.33,28.13,,,
2007-10-23,39.42,82.85,,29.71,28.62,58.13,27.72,,,
2007-10-24,39.38,84.37,,29.41,28.84,58.77,27.83,,,
2007-10-25,39.47,87.48,,29.05,29.09,59.43,28.1,,,
2007-10-26,39.24,88.69,,28.62,29.04,59.91,28.01,,,
2007-10-29,39.22,90.32,,28.59,28.79,60.78,27.86,,,
2007-10-30,39.31,87.44,,28.5,28.61,60.47,28.2,,,
2007-10-31,39.17,90.63,,28.61,28.66,60.79,27.78,,,
2007-11-01,39.26,89.72,,28.89,28.26,60.11,27.48,,,
2007-11-02,39.19,92.08,,29.19,28.39,59.56,27.66,,,
2007-11-05,39.26,90.49,,29.03,28.9,59.37,28.02,,,
2007-11-06,39.22,93.26,,28.95,28.72,58.49,27.98,,,
2007-11-07,39.13,93.24,,29.38,28.67,58.57,27.88,,,
2007-11-08,39.25,92.79,,29.56,28.47,58.69,28.3,,,
2007-11-09,39.04,93.18,,29.82,28.04,57.81,28.73,,,
2007-11-12,39.27,91.98,,30.56,27.92,58.02,29.12,,,
2007-11-13,39.35,88.83,,30.1,27.98,57.86,29.41,,,
2007-11-14,39.26,91.36,,30.25,27.87,58.41,29.56,,,
2007-11-15,39.21,90.23,,30.01,28.21,58.33,29.29,,,
2007-11-16,39.17,91.62,,29.83,28.24,58.34,29.73,,,
2007-11-19,39.15,92.28,,30.5,27.66,58.76,30.34,,,
2007-11-20,39.16,95.49,,30.61,27.76,58.37,30.25,,,
2007-11-21,39.26,94.84,,31.08,27.35,57.83,30.71,,,
2007-11-22,39.46,,,31.17,27.27,57.56,30.82,,,
2007-11-23,39.6,95.76,,31.64,27.17,58.43,30.87,,,
2007-11-26,,95.32,,31.67,27.78,57.55,30.5,,,
2007-11-27,39.72,92.52,,31.81,28.09,57.85,30.33,,,
2007-11-28,39.63,89.81,,32.3,28.22,57.13,30.16,,,
2007-11-29,39.57,90.22,,32.56,28.06,56.55,30.32,,,
2007-11-30,39.46,88.26,,32.51,28.45,57.41,29.87,,,
2007-12-03,39.49,89.8,,31.63,27.74,58.56,29.7,,,
2007-12-04,39.35,89.53,,31.41,27.82,57.96,29.76,,,
2007-12-05,39.4,88.49,,31.64,27.89,57.25,29.54,,,
2007-12-06,39.39,90.18,,32.12,28.31,57.03,29.4,,,
2007-12-07,39.36,88.64,,32.27,27.89,56.18,29.84,,,
2007-12-10,39.34,88.04,,32.45,28.1,56.41,29.5,,,
2007-12-11,39.29,89.99,,32.21,28.16,57.26,29.31,,,
2007-12-12,39.29,94.02,,32.16,27.82,57.93,28.93,,,
2007-12-13,39.31,92.12,,32.17,27.61,58.33,29.19,,,
2007-12-14,39.24,91.69,,31.87,28.02,57.46,29.12,,,
2007-12-17,39.37,91.29,,32.24,28.1,57.82,28.99,,,
2007-12-18,,90.12,,31.9,27.68,58.39,28.56,,,
2007-12-19,39.49,91.48,,31.73,28.02,58.26,28.4,,,
2007-12-20,39.49,90.88,,32.01,28.21,57.57,28.7,,,
2007-12-21,39.24,92.46,,31.87,28.63,58.23,28.28,,,
2007-12-24,39.25,92.7,,32.29,28.14,59.45,27.53,,,
2007-12-25,39.24,,,32.65,28.2,58.67,27.52,,,
2007-12-26,39.39,93.94,,32.17,28.56,58.79,27.16,,,
2007-12-27,39.2,94.78,,31.69,28.13,59.52,27.04,,,
2007-12-28,39.24,93.88,,31.22,28.06,59.2,27.02,,,
2007-12-31,39.24,93.85,,31.96,27.74,60.76,27.56,,,
2008-01-01,39.24,,,31.74,28.15,61.68,27.97,,,
2008-01-02,39.38,97.84,,31.81,28.11,60.76,27.91,,,
2008-01-03,39.35,97.6,,32.3,28.18,60.17,28.19,,,
2008-01-04,39.1,96.79,,32.78,28.22,60.23,28.62,,,
2008-01-07,39.21,94.39,,34.19,28.24,61.21,28.27,,,
2008-01-08,39.2,95.54,,34.43,28.35,60.76,28.07,,,
2008-01-09,39.21,94.37,,34.76,28.49,61.67,27.98,,,
2008-01-10,39.22,92.22,,34.53,28.2,61.67,28.4,,,
2008-01-11,39.1,91.07,,34.19,28.03,62.61,27.99,,,
2008-01-14,39.22,92.92,,33.94,27.14,64.2,27.69,,,
2008-01-15,39.19,90.98,,34.23,26.93,65.18,27.94,,,
2008-01-16,39.17,89.5,,34.63,27.11,65.65,28.05,,,
2008-01-17,39.19,88.75,,34.66,26.89,65.52,27.98,,,
2008-01-18,39.28,89.23,,35.19,26.53,66.0,27.76,,,
2008-01-21,39.48,,,34.34,25.98,64.42,27.98,,,
2008-01-22,39.31,88.45,,33.83,26.38,63.46,28.41,,,
2008-01-23,39.47,86.62,,33.79,26.74,63.51,28.82,,,
2008-01-24,39.37,89.07,,33.75,27.1,64.47,29.25,,,
2008-01-25,39.28,90.9,,34.26,27.51,65.32,29.36,,,
2008-01-28,39.29,91.38,,34.61,26.37,65.71,29.19,,,
2008-01-29,39.21,92.0,,35.13,26.77,64.73,29.46,,,
2008-01-30,39.35,92.53,,35.37,26.58,63.77,29.56,,,
2008-01-31,39.31,92.21,,35.28,26.18,62.82,29.51,,,
2008-02-01,39.27,89.44,,34.88,26.04,63.54,29.07,,,
2008-02-04,39.27,90.4,,35.71,26.14,64.36,28.69,,,
2008-02-05,39.45,88.82,,36.25,25.86,63.4,28.62,,,
2008-02-06,39.54,87.78,,36.04,26.09,63.83,28.41,,,
2008-02-07,39.46,88.51,,35.56,25.88,64.32,28.84,,,
2008-02-08,39.53,91.94,,35.63,25.83,63.55,29.2,,,
2008-02-11,39.53,93.53,,35.17,25.65,63.91,30.31,,,
2008-02-12,39.58,92.86,,34.98,25.85,64.88,30.04,,,
2008-02-13,39.63,93.32,,34.46,25.57,65.36,29.72,,,
2008-02-14,39.58,95.16,,34.67,25.44,66.22,30.06,,,
2008-02-15,39.58,94.63,,34.45,25.63,67.22,29.62,,,
2008-02-18,39.64,,,33.46,26.38,67.15,29.19,,,
2008-02-19,39.69,98.56,,33.97,26.57,66.64,29.49,,,
2008-02-20,40.13,98.42,,34.48,26.2,66.39,29.59,,,
2008-02-21,39.92,96.24,,34.29,26.24,65.82,29.92,,,
2008-02-22,39.97,97.01,,34.05,26.23,66.59,30.37,,,
2008-02-25,39.91,97.69,,33.96,26.51,67.02,30.86,,,
2008-02-26,39.81,99.47,,34.27,26.41,66.77,31.22,,,
2008-02-27,39.69,98.27,,34.78,26.43,66.46,30.99,,,
2008-02-28,39.82,100.9,,34.74,26.03,66.51,31.46,,,
2008-02-29,39.91,100.1,,34.66,25.93,66.95,31.85,,,
2008-03-03,40.25,100.48,,33.87,26.42,67.79,31.88,,,
2008-03-04,40.21,97.52,,34.02,26.82,67.58,32.05,,,
2008-03-05,40.17,101.64,,34.4,26.42,66.97,31.58,,,
2008-03-06,40.04,102.61,,34.07,26.05,65.97,31.45,,,
2008-03-07,40.24,102.38,,34.59,26.44,66.89,31.52,,,
2008-03-10,40.31,104.16,,34.16,25.98,68.1,32.18,,,
2008-03-11,40.17,105.25,,33.65,26.13,67.65,32.15,,,
2008-03-12,39.98,106.27,,34.02,26.32,66.64,31.68,,,
2008-03-13,40.12,107.54,,34.32,25.95,66.71,31.71,,,
2008-03-14,40.08,106.2,,34.21,25.9,67.0,31.75,,,
2008-03-17,40.37,101.75,,33.94,25.51,66.76,30.76,,,
2008-03-18,40.15,105.56,,33.72,25.89,67.77,30.79,,,
2008-03-19,40.13,100.72,,34.05,26.2,68.53,30.62,,,
2008-03-20,40.28,100.38,,33.54,26.08,68.97,30.24,,,
2008-03-21,40.19,,,33.66,26.01,67.95,30.34,,,
2008-03-24,40.19,99.86,,33.33,25.56,67.52,30.38,,,
2008-03-25,40.05,100.6,,32.84,25.47,67.36,30.6,,,
2008-03-26,40.06,103.99,,33.3,25.85,67.75,30.53,,,
2008-03-27,39.94,105.0,,33.01,26.17,68.36,30.1,,,
2008-03-28,39.62,103.77,,32.69,26.5,69.23,30.48,,,
2008-03-31,39.89,100.3,,32.83,26.23,70.69,30.11,,,
2008-04-01,,100.17,,32.86,26.56,69.64,29.84,,,
2008-04-02,39.92,103.75,,33.03,26.17,68.92,30.29,,,
2008-04-03,39.88,102.52,,33.3,26.39,69.79,29.84,,,
2008-04-04,39.81,104.9,,33.38,26.78,70.62,29.75,,,
2008-04-07,39.87,107.14,,32.94,27.65,71.75,29.42,,,
2008-04-08,39.83,106.34,,32.52,28.0,70.68,29.48,,,
2008-04-09,39.82,108.47,,32.04,27.74,71.75,29.04,,,
2008-04-10,39.89,108.2,,32.21,28.03,71.49,29.08,,,
2008-04-11,39.78,108.75,,32.56,28.27,72.57,28.85,,,
2008-04-14,39.87,109.84,,31.93,28.61,72.21,28.76,,,
2008-04-15,39.86,111.58,,32.41,28.54,71.83,28.93,,,
2008-04-16,39.83,112.66,,32.42,28.57,72.03,29.1,,,
2008-04-17,39.87,112.43,,32.14,28.2,71.33,29.54,,,
2008-04-18,39.65,113.92,,32.07,28.28,71.27,29.12,,,
2008-04-21,39.82,114.43,,32.0,28.26,70.34,29.32,,,
2008-04-22,39.83,115.95,,31.82,28.07,69.46,28.92,,,
2008-04-23,39.86,116.46,,31.46,27.77,68.72,29.13,,,
2008-04-24,40.03,114.34,,31.5,27.69,67.7,28.81,,,
2008-04-25,40.06,116.34,,31.98,27.94,67.22,28.99,,,
2008-04-28,40.03,116.74,,31.9,27.58,66.76,30.23,,,
2008-04-29,40.3,113.43,,31.43,27.81,66.94,29.97,,,
2008-04-30,40.39,111.36,,31.76,27.56,66.6,30.25,,,
2008-05-01,,110.5,,31.73,27.58,67.61,29.83,,,
2008-05-02,40.49,114.56,,31.67,27.62,67.46,29.75,,,
2008-05-05,40.52,117.99,,31.97,27.63,69.58,30.39,,,
2008-05-06,40.67,120.31,,31.81,27.22,69.81,30.76,,,
2008-05-07,41.32,122.32,,32.26,27.02,69.66,31.16,,,
2008-05-08,41.7,122.84,,32.3,27.43,70.71,30.7,,,
2008-05-09,41.41,125.4,,31.82,27.84,70.62,30.89,,,
2008-05-12,41.83,122.91,,32.4,27.78,68.53,30.77,,,
2008-05-13,41.97,124.1,,32.83,27.36,69.32,30.91,,,
2008-05-14,42.37,121.86,,32.65,27.15,68.29,31.0,,,
2008-05-15,42.37,122.63,,33.15,27.08,68.29,30.54,,,
2008-05-16,42.37,124.99,,33.17,27.49,68.1,30.21,,,
2008-05-19,42.35,125.06,,33.38,27.56,67.25,29.7,,,
2008-05-20,42.61,127.84,,33.12,27.22,67.12,29.77,,,
2008-05-21,42.62,132.7,,33.53,27.31,66.94,29.83,,,
2008-05-22,43.08,130.51,,33.4,27.56,66.43,29.47,,,
2008-05-23,42.61,131.57,,33.24,27.7,66.36,29.86,,,
2008-05-26,42.54,,,33.53,27.72,64.73,30.21,,,
2008-05-27,42.81,128.31,,33.11,27.34,64.71,29.86,,,
2008-05-28,42.77,130.93,,33.12,27.06,64.17,29.94,,,
2008-05-29,42.68,126.89,,33.62,27.31,65.09,30.09,,,
2008-05-30,42.53,127.78,,33.59,27.23,66.08,29.9,,,
2008-06-02,42.19,128.02,,33.52,27.65,66.48,30.27,,,
2008-06-03,42.24,124.58,,33.45,27.64,65.59,30.22,,,
2008-06-04,42.51,122.1,,33.85,27.67,66.58,30.41,,,
2008-06-05,42.79,127.54,,34.33,27.41,67.07,30.7,,,
2008-06-06,42.72,137.69,,34.85,27.09,67.08,30.73,,,
2008-06-09,42.81,133.91,,35.32,27.86,67.94,30.93,,,
2008-06-10,42.83,131.02,,35.17,28.28,66.92,30.47,,,
2008-06-11,42.59,135.02,,35.32,28.08,66.68,30.9,,,
2008-06-12,42.75,136.09,,35.2,28.5,67.26,30.81,,,
2008-06-13,42.83,135.11,,35.27,28.17,67.15,30.87,,,
2008-06-16,42.81,134.71,,35.86,27.24,67.55,31.31,,,
2008-06-17,42.71,133.72,,36.4,27.06,66.54,30.99,,,
2008-06-18,42.84,136.44,,36.35,27.25,66.4,31.13,,,
2008-06-19,42.85,132.0,,35.81,27.33,65.92,31.35,,,
2008-06-20,42.8,134.86,,35.55,26.93,66.23,31.13,,,
2008-06-23,42.9,135.91,,35.66,26.27,65.99,31.22,,,
2008-06-24,42.85,136.46,,35.44,25.93,66.13,30.97,,,
2008-06-25,42.69,134.33,,35.8,25.68,65.48,31.23,,,
2008-06-26,42.65,139.83,,36.04,26.06,65.5,31.21,,,
2008-06-27,42.72,140.31,,35.94,26.13,66.49,30.81,,,
2008-06-30,42.85,139.83,,35.23,26.36,66.63,31.14,,,
2008-07-01,,140.67,,35.76,26.76,67.6,31.33,,,
2008-07-02,43.11,144.26,,35.62,26.36,68.62,31.22,,,
2008-07-03,43.2,146.08,,36.15,26.12,67.87,31.27,,,
2008-07-04,43.08,,,36.7,26.29,66.86,31.61,,,
2008-07-07,43.15,141.87,,37.13,26.17,67.78,32.6,,,
2008-07-08,43.29,136.43,,37.12,25.97,66.79,32.79,,,
2008-07-09,43.07,136.58,,36.72,26.01,66.69,32.43,,,
2008-07-10,43.09,142.03,,36.87,26.4,67.26,32.37,,,
2008-07-11,42.83,144.49,,36.35,26.14,66.88,32.56,,,
2008-07-14,42.68,143.92,,36.76,25.93,68.71,32.35,,,
2008-07-15,43.11,138.75,,36.89,26.21,68.68,32.1,,,
2008-07-16,43.09,135.81,,36.78,26.53,69.49,31.89,,,
2008-07-17,42.73,131.07,,37.04,26.82,68.67,32.17,,,
2008-07-18,42.72,130.19,,36.83,26.43,67.76,31.87,,,
2008-07-21,42.65,132.61,,36.72,26.57,66.31,31.64,,,
2008-07-22,42.65,129.55,,37.28,26.2,67.31,31.23,,,
2008-07-23,42.0,125.29,,36.83,26.36,68.32,30.95,,,
2008-07-24,42.0,126.44,,36.54,26.11,67.99,31.42,,,
2008-07-25,42.28,124.52,,36.77,26.51,68.08,31.18,,,
2008-07-28,42.19,125.84,,37.22,27.53,69.98,30.51,,,
2008-07-29,42.52,122.71,,37.51,27.56,68.93,30.24,,,
2008-07-30,42.41,127.1,,38.02,27.83,69.4,29.79,,,
2008-07-31,42.43,123.98,,38.2,28.25,68.37,30.14,,,
2008-08-01,,124.18,,38.1,28.35,69.4,30.17,,,
2008-08-04,,120.68,,38.93,27.8,68.81,30.06,,,
2008-08-05,,117.7,,38.48,28.1,68.53,30.51,,,
2008-08-06,,117.0,,38.99,28.45,69.04,30.9,,,
2008-08-07,,117.86,,38.94,28.64,70.06,31.05,,,
2008-08-08,,113.33,,38.36,28.44,69.02,30.64,,,
2008-08-11,,112.67,,38.47,27.73,70.26,30.92,,,
2008-08-12,,111.15,,38.62,27.62,70.34,31.34,,,
2008-08-13,,113.47,,38.71,27.84,71.4,31.34,,,
2008-08-14,,113.68,,39.05,28.26,72.48,30.9,,,
2008-08-15,,112.55,,38.84,28.31,72.14,30.92,,,
2008-08-18,,111.94,,39.32,28.18,74.19,29.86,,,
2008-08-19,,113.25,,39.61,27.88,73.54,29.67,,,
2008-08-20,,114.36,,39.17,27.93,73.72,29.26,,,
2008-08-21,,120.16,,39.68,28.09,73.98,29.47,,,
2008-08-22,,113.92,,39.43,28.17,73.44,29.19,,,
2008-08-25,,114.03,,40.6,28.08,72.13,29.25,,,
2008-08-26,43.67,114.63,,40.49,28.31,72.91,28.81,,,
2008-08-27,43.65,116.22,,40.33,28.07,71.82,28.38,,,
2008-08-28,43.65,114.17,,40.32,27.67,72.74,28.81,,,
2008-08-29,43.62,114.05,,40.17,27.28,71.66,28.52,,,
2008-09-01,43.97,,,39.46,26.95,70.39,29.42,,,
2008-09-02,44.26,108.34,,38.96,27.12,71.45,29.8,,,
2008-09-03,43.89,108.06,,39.41,26.71,71.51,29.84,,,
2008-09-04,44.39,106.3,,40.0,26.76,71.27,29.88,,,
2008-09-05,44.57,104.09,,39.96,26.85,71.86,30.33,,,
2008-09-08,44.18,103.44,,40.47,27.16,70.07,30.33,,,
2008-09-09,44.79,100.34,,40.03,27.14,70.16,29.87,,,
2008-09-10,45.06,98.97,,40.15,27.04,70.04,30.33,,,
2008-09-11,45.39,97.64,,40.62,27.2,69.26,30.78,,,
2008-09-12,45.61,97.58,,40.87,27.28,69.42,31.23,,,
2008-09-15,45.83,94.24,,40.84,26.61,69.58,31.6,,,
2008-09-16,46.69,89.22,,41.18,26.96,69.51,31.14,,,
2008-09-17,46.09,94.84,,40.86,27.12,68.78,31.61,,,
2008-09-18,46.53,95.19,,40.25,27.44,69.62,31.43,,,
2008-09-19,45.71,99.61,,40.5,27.34,70.37,31.55,,,
2008-09-22,45.24,106.04,,41.52,26.85,71.06,30.72,,,
2008-09-23,45.77,103.08,,42.15,26.49,70.0,30.72,,,
2008-09-24,45.9,102.45,,42.78,26.89,68.96,30.55,,,
2008-09-25,46.17,104.6,,43.43,26.49,67.94,30.52,,,
2008-09-26,46.5,103.54,,43.82,26.59,67.91,30.92,,,
2008-09-29,46.49,93.98,,43.09,27.27,68.56,31.45,,,
2008-09-30,46.6,98.17,,42.65,26.93,68.69,31.33,,,
2008-10-01,46.57,95.33,,43.3,26.53,67.66,30.96,,,
2008-10-02,46.4,90.56,,43.21,26.79,67.76,31.06,,,
2008-10-03,46.97,90.25,,43.28,27.2,68.79,31.09,,,
2008-10-06,47.56,83.68,,44.25,26.25,69.37,31.27,,,
2008-10-07,47.72,84.66,,43.92,25.92,68.98,31.19,,,
2008-10-08,47.95,84.36,,44.03,25.88,68.09,30.84,,,
2008-10-09,47.59,82.66,,43.64,26.27,69.12,31.31,,,
2008-10-10,48.42,74.09,,42.99,26.51,69.75,31.74,,,
2008-10-13,48.14,77.46,,42.44,26.28,69.64,31.12,,,
2008-10-14,48.0,74.53,,42.09,26.67,69.5,31.49,,,
2008-10-15,48.4,70.8,,41.47,26.74,70.55,31.23,,,
2008-10-16,48.65,,,41.43,26.35,70.2,31.36,,,
2008-10-17,48.82,69.6,,40.81,26.12,70.32,30.9,,,
2008-10-20,48.69,72.03,,40.62,25.84,69.83,30.37,,,
2008-10-21,48.9,69.72,,40.47,25.8,69.7,30.07,,,
2008-10-22,49.21,64.52,,40.11,25.78,69.53,30.53,,,
2008-10-23,49.58,65.92,,40.26,26.17,69.53,30.99,,,
2008-10-24,49.76,62.05,,40.87,25.93,70.45,31.34,,,
2008-10-27,49.72,61.41,,40.24,26.13,70.3,30.93,,,
2008-10-28,49.17,60.29,,40.57,26.03,69.5,30.82,,,
2008-10-29,49.48,65.47,,40.68,26.08,69.69,30.84,,,
2008-10-30,49.37,63.71,,40.31,26.23,69.17,31.31,,,
2008-10-31,49.4,65.32,,40.16,26.38,69.4,31.65,,,
2008-11-03,48.37,60.48,,40.31,26.13,69.89,31.5,,,
2008-11-04,47.65,66.44,,40.92,25.97,69.44,31.3,,,
2008-11-05,47.23,61.87,,40.89,26.21,69.9,31.38,,,
2008-11-06,47.48,57.43,,40.55,25.82,69.03,30.92,,,
2008-11-07,47.56,57.35,,39.95,25.73,70.07,31.13,,,
2008-11-10,47.29,59.08,,38.89,25.46,72.35,31.24,,,
2008-11-11,47.89,55.71,,39.13,25.52,71.61,31.45,,,
2008-11-12,49.28,52.37,,38.55,25.14,70.99,31.73,,,
2008-11-13,48.99,,,38.97,25.24,71.75,31.58,,,
2008-11-14,48.78,54.24,,38.74,24.91,70.99,31.65,,,
2008-11-17,48.79,52.31,,39.83,24.21,72.25,31.69,,,
2008-11-18,49.58,51.84,,39.7,24.07,73.34,32.17,,,
2008-11-19,49.65,51.72,,39.28,23.71,72.62,32.59,,,
2008-11-20,50.4,48.08,,38.7,23.35,72.7,32.13,,,
2008-11-21,49.55,49.19,,38.37,23.67,73.78,32.51,,,
2008-11-24,49.79,53.93,,37.77,23.49,73.9,33.12,,,
2008-11-25,49.58,50.35,,37.8,23.31,73.67,33.32,,,
2008-11-26,49.29,53.92,,37.7,23.06,74.78,32.98,,,
2008-11-27,48.99,,,37.41,23.13,74.49,32.83,,,
2008-11-28,49.87,53.49,,37.49,23.47,74.58,33.13,,,
2008-12-01,50.19,47.97,,37.76,22.73,75.05,33.83,,,
2008-12-02,50.09,45.44,,37.72,22.61,74.01,34.3,,,
2008-12-03,49.85,45.44,,37.73,22.62,73.01,34.82,,,
2008-12-04,49.58,42.28,,38.06,22.38,71.93,34.78,,,
2008-12-05,49.56,39.74,,38.17,22.24,71.1,34.85,,,
2008-12-08,49.42,43.42,,38.46,22.24,73.69,35.2,,,
2008-12-09,48.89,41.53,,38.63,21.93,74.27,34.67,,,
2008-12-10,48.97,42.4,,38.1,21.75,74.14,34.76,,,
2008-12-11,48.39,47.39,,38.16,21.89,74.96,34.24,,,
2008-12-12,48.23,46.41,,38.14,22.22,75.26,33.85,,,
2008-12-15,47.49,44.6,,37.43,21.93,77.45,34.35,,,
2008-12-16,47.77,,,37.18,21.9,78.41,34.26,,,
2008-12-17,47.57,45.53,,37.23,21.57,79.23,34.72,,,
2008-12-18,46.65,43.36,,37.3,21.71,78.05,34.63,,,
2008-12-19,47.04,44.0,,36.84,22.04,79.07,34.11,,,
2008-12-22,47.93,41.45,,37.45,21.64,77.29,33.19,,,
2008-12-23,48.63,40.36,,37.65,21.97,77.28,32.84,,,
2008-12-24,48.07,36.61,,37.36,22.23,77.33,32.45,,,
2008-12-25,48.68,,,37.92,22.42,76.17,32.24,,,
2008-12-26,48.68,38.37,,37.38,22.52,75.04,31.84,,,
2008-12-29,48.02,40.55,,37.95,22.25,76.7,31.58,,,
2008-12-30,48.45,40.15,,38.53,22.41,77.86,31.11,,,
2008-12-31,48.06,45.59,,38.41,22.75,77.77,30.98,,,
2009-01-01,48.06,,,38.55,23.08,77.71,30.56,,,
2009-01-02,48.24,46.91,,38.67,22.74,76.73,30.24,,,
2009-01-05,48.23,49.62,,39.37,23.21,77.89,29.92,,,
2009-01-06,48.51,50.53,,38.78,23.03,76.73,30.09,,,
2009-01-07,48.55,45.86,,39.37,23.37,76.9,30.5,,,
2009-01-08,48.37,44.67,,38.78,23.03,76.8,30.7,,,
2009-01-09,48.47,44.42,,39.27,22.71,76.51,30.25,,,
2009-01-12,48.49,42.91,,39.09,22.87,77.37,29.78,,,
2009-01-13,48.87,44.83,,38.58,22.79,77.81,29.66,,,
2009-01-14,48.65,45.08,,38.48,23.12,77.69,29.31,,,
2009-01-15,48.67,,,38.34,23.11,77.52,28.88,,,
2009-01-16,48.64,46.57,,38.71,23.01,78.55,29.31,,,
2009-01-19,48.54,,,39.62,23.58,79.12,29.55,,,
2009-01-20,48.91,43.62,,39.52,23.94,79.5,29.57,,,
2009-01-21,49.13,45.02,,38.93,24.03,78.99,29.55,,,
2009-01-22,49.08,45.39,,38.56,24.13,79.91,29.16,,,
2009-01-23,49.02,48.37,,39.01,24.19,78.72,28.72,,,
2009-01-26,48.47,46.96,,38.75,24.37,77.77,29.25,,,
2009-01-27,48.79,43.73,,38.74,24.74,76.61,29.51,,,
2009-01-28,48.79,44.9,,38.87,25.11,76.69,29.23,,,
2009-01-29,48.87,45.4,,38.49,24.74,75.54,29.63,,,
2009-01-30,48.73,45.88,,38.69,24.74,74.42,29.9,,,
2009-02-02,48.92,43.82,,38.73,24.55,76.14,31.07,,,
2009-02-03,48.74,44.08,,38.73,24.77,75.01,31.33,,,
2009-02-04,48.55,44.15,,38.53,24.73,74.91,31.54,,,
2009-02-05,48.72,46.46,,38.48,24.36,75.34,31.96,,,
2009-02-06,48.09,46.21,,38.44,24.06,74.22,31.73,,,
2009-02-09,48.54,46.02,,38.73,24.34,74.72,31.45,,,
2009-02-10,48.59,44.61,,39.0,24.51,74.68,31.68,,,
2009-02-11,48.61,44.28,,38.86,24.88,75.09,31.74,,,
2009-02-12,48.75,,,39.19,24.82,74.48,31.41,,,
2009-02-13,48.76,46.26,,39.04,24.45,73.37,31.43,,,
2009-02-16,48.72,,,39.72,25.26,74.37,31.97,,,
2009-02-17,49.45,42.45,,39.94,25.05,75.5,32.09,,,
2009-02-18,49.9,40.75,,39.34,25.08,74.71,32.27,,,
2009-02-19,49.6,43.28,,38.81,24.9,74.94,32.15,,,
2009-02-20,49.07,43.14,,38.26,24.64,75.76,32.28,,,
2009-02-23,49.3,42.36,,39.5,24.29,76.22,31.32,,,
2009-02-24,49.77,43.84,,39.8,23.95,77.37,31.5,,,
2009-02-25,49.75,45.42,,40.05,23.59,77.7,31.56,,,
2009-02-26,50.19,47.61,,39.45,23.64,77.15,31.51,,,
2009-02-27,50.65,47.2,,39.2,24.0,76.95,31.78,,,
2009-03-02,51.55,43.16,,38.47,23.84,77.62,31.42,,,
2009-03-03,51.89,44.56,,38.25,24.2,76.46,31.11,,,
2009-03-04,51.43,46.99,,37.68,24.0,75.32,30.65,,,
2009-03-05,51.69,44.78,,38.02,23.85,75.71,30.7,,,
2009-03-06,51.56,45.94,,37.54,24.02,76.41,30.39,,,
2009-03-09,51.79,45.35,,37.8,23.85,74.85,30.54,,,
2009-03-10,51.52,45.15,,37.24,24.05,75.0,30.89,,,
2009-03-11,51.09,42.55,,37.11,24.3,75.51,30.87,,,
2009-03-12,51.63,46.2,,37.61,24.31,74.95,31.34,,,
2009-03-13,51.49,45.88,,38.18,24.13,76.08,30.87,,,
2009-03-16,51.29,46.46,,37.64,24.37,76.41,31.64,,,
2009-03-17,51.29,48.24,,37.59,24.39,76.33,31.3,,,
2009-03-18,51.23,47.66,,38.16,24.03,76.14,31.14,,,
2009-03-19,50.31,50.67,,37.59,24.24,75.0,31.37,,,
2009-03-20,50.59,51.22,,37.71,24.16,76.14,31.61,,,
2009-03-23,50.3,53.47,,38.47,24.03,77.27,31.24,,,
2009-03-24,50.33,53.5,,38.61,24.31,76.6,31.31,,,
2009-03-25,50.4,51.75,,38.43,24.5,76.39,31.6,,,
2009-03-26,50.35,53.46,,38.56,24.45,77.54,31.61,,,
2009-03-27,50.92,51.98,,38.4,24.7,76.39,32.08,,,
2009-03-30,50.97,47.99,,38.7,24.65,75.6,32.36,,,
2009-03-31,50.78,49.23,,38.69,24.6,75.75,32.84,,,
2009-04-01,50.54,48.44,,39.22,24.77,76.89,32.35,,,
2009-04-02,50.24,52.75,,39.19,24.65,75.75,31.92,,,
2009-04-03,49.85,53.47,,38.61,24.53,75.6,31.8,,,
2009-04-06,49.91,52.24,,38.47,24.96,76.56,32.13,,,
2009-04-07,49.85,51.22,,38.2,25.14,75.8,32.37,,,
2009-04-08,50.09,51.59,,38.78,25.18,75.17,32.76,,,
2009-04-09,49.83,54.06,,38.2,25.31,75.02,32.82,,,
2009-04-10,49.63,,,38.78,25.36,73.9,33.29,,,
2009-04-13,49.74,52.14,,39.36,25.84,72.99,32.97,,,
2009-04-14,49.73,51.96,,39.49,26.19,73.32,32.98,,,
2009-04-15,49.6,,,39.74,26.27,72.23,32.49,,,
2009-04-16,49.76,,,40.05,26.32,72.0,32.0,,,
2009-04-17,49.63,,,40.32,26.43,73.09,31.69,,,
2009-04-20,50.05,,,40.21,26.2,73.15,31.75,,,
2009-04-21,50.27,,,40.11,25.95,72.54,31.9,,,
2009-04-22,50.29,,,40.66,25.61,71.46,31.73,,,
2009-04-23,49.85,,,40.96,25.23,71.61,32.2,,,
2009-04-24,49.61,,,40.35,24.95,72.69,32.69,,,
2009-04-27,50.09,,,40.76,24.84,73.25,32.88,,,
2009-04-28,50.44,,,40.57,24.47,73.61,32.94,,,
2009-04-29,49.87,,,41.12,24.84,72.51,33.2,,,
2009-04-30,49.19,,,41.6,25.19,72.62,33.39,,,
2009-05-01,49.19,52.85,,41.21,25.34,73.71,33.2,,,
2009-05-04,49.61,54.58,,40.33,25.78,72.98,33.63,,,
2009-05-05,49.31,54.12,,40.03,25.46,72.78,34.14,,,
2009-05-06,49.31,56.15,,40.45,25.54,71.7,34.1,,,
2009-05-07,49.19,56.47,,40.92,25.16,70.63,34.2,,,
2009-05-08,49.15,58.14,,41.17,25.17,71.61,34.27,,,
2009-05-11,49.29,57.48,,41.47,25.48,69.96,34.06,,,
2009-05-12,49.27,57.94,,41.69,25.52,69.34,34.31,,,
2009-05-13,49.53,57.34,,42.1,25.34,69.44,33.8,,,
2009-05-14,49.76,,,42.48,25.16,69.25,33.29,,,
2009-05-15,49.41,55.98,,43.09,25.43,68.22,33.8,,,
2009-05-18,47.59,58.47,,44.22,25.9,68.2,32.32,,,
2009-05-19,47.43,58.92,,44.2,25.52,68.13,32.81,,,
2009-05-20,47.23,60.59,,43.74,25.89,69.16,32.32,,,
2009-05-21,47.23,59.93,,43.66,26.29,69.87,31.95,,,
2009-05-22,47.15,60.78,,43.27,26.37,70.72,31.47,,,
2009-05-25,47.28,,,42.45,26.85,70.36,31.03,,,
2009-05-26,47.53,61.24,,42.29,26.91,71.13,31.5,,,
2009-05-27,47.51,62.5,,41.66,26.51,71.03,31.05,,,
2009-05-28,47.51,64.39,,41.77,26.56,71.25,31.01,,,
2009-05-29,46.97,65.52,,41.78,26.73,71.42,31.14,,,
2009-06-01,46.9,67.97,,42.18,27.02,71.81,30.81,,,
2009-06-02,46.93,68.17,,41.55,26.83,71.14,30.95,,,
2009-06-03,46.89,65.88,,41.17,27.24,71.84,30.91,,,
2009-06-04,47.13,68.71,,40.79,27.19,71.25,30.45,,,
2009-06-05,46.97,68.34,,40.34,27.26,70.96,30.91,,,
2009-06-08,47.32,67.88,,40.53,27.36,70.9,30.98,,,
2009-06-09,47.25,69.62,,39.92,27.17,70.59,31.45,,,
2009-06-10,47.15,70.8,,40.23,26.78,71.3,31.92,,,
2009-06-11,47.37,71.79,,39.64,26.62,70.24,31.86,,,
2009-06-12,47.31,70.92,,39.67,26.22,69.55,31.78,,,
2009-06-15,47.81,69.44,,39.8,25.89,67.34,31.17,,,
2009-06-16,47.69,70.24,,39.21,25.66,67.05,31.64,,,
2009-06-17,47.99,70.85,,39.3,25.96,67.71,31.57,,,
2009-06-18,47.96,71.06,,39.89,26.35,68.74,31.18,,,
2009-06-19,48.11,69.19,,40.49,26.62,68.22,31.37,,,
2009-06-22,48.27,66.98,,40.75,26.2,70.6,30.63,,,
2009-06-23,48.59,68.8,,40.28,26.16,70.26,30.26,,,
2009-06-24,48.35,68.33,,40.52,25.87,69.21,30.53,,,
2009-06-25,48.51,69.78,,40.76,26.11,69.28,30.57,,,
2009-06-26,48.04,68.92,,41.29,26.5,68.31,30.29,,,
2009-06-29,48.03,70.99,,41.86,26.15,67.03,29.83,,,
2009-06-30,47.8,69.3,,41.85,26.2,67.17,30.25,,,
2009-07-01,47.85,68.79,,41.22,26.23,67.84,30.54,,,
2009-07-02,47.86,66.65,,40.88,25.98,67.49,30.53,,,
2009-07-03,47.87,,,40.69,26.07,67.87,30.59,,,
2009-07-06,48.44,64.05,,40.11,25.58,68.61,30.47,,,
2009-07-07,48.11,63.23,,40.66,25.25,68.54,30.79,,,
2009-07-08,48.84,60.43,,40.66,25.42,68.18,30.92,,,
2009-07-09,48.69,61.1,,40.66,25.04,68.03,30.82,,,
2009-07-10,48.87,60.52,,40.5,25.42,67.3,30.64,,,
2009-07-13,49.33,60.69,,40.56,25.21,66.2,30.64,,,
2009-07-14,48.75,60.86,,40.24,25.02,65.91,30.5,,,
2009-07-15,48.29,63.09,,40.1,25.07,66.86,30.79,,,
2009-07-16,48.47,,,39.5,25.26,66.53,30.33,,,
2009-07-17,48.64,65.38,,39.12,25.58,67.31,30.2,,,
2009-07-20,48.17,66.44,,39.44,25.74,64.81,30.63,,,
2009-07-21,48.35,66.87,,39.53,26.13,65.79,31.04,,,
2009-07-22,48.44,67.21,,39.94,26.45,64.81,31.37,,,
2009-07-23,48.37,69.25,,39.87,26.14,65.5,31.21,,,
2009-07-24,48.13,70.32,,40.06,26.18,64.59,31.16,,,
2009-07-27,48.09,70.81,,39.87,25.63,65.57,31.83,,,
2009-07-28,48.13,69.88,,39.27,25.49,64.59,31.81,,,
2009-07-29,48.39,66.53,,39.21,25.88,65.3,31.91,,,
2009-07-30,48.28,70.11,,39.8,26.08,65.77,32.39,,,
2009-07-31,47.63,71.7,,40.25,25.69,66.5,32.81,,,
2009-08-03,47.62,73.55,,41.38,26.33,67.08,32.55,,,
2009-08-04,47.47,74.28,,41.48,26.57,66.08,32.47,,,
2009-08-05,47.57,75.51,,41.18,26.28,65.85,32.96,,,
2009-08-06,47.61,74.83,,41.02,26.12,64.87,32.87,,,
2009-08-07,47.87,73.59,,41.33,26.52,65.85,33.36,,,
2009-08-10,47.71,73.5,,41.64,26.01,65.28,33.13,,,
2009-08-11,47.91,72.46,,41.64,25.98,64.72,33.64,,,
2009-08-12,48.29,72.89,,41.95,26.38,63.76,33.55,,,
2009-08-13,48.05,73.48,,41.32,26.38,64.3,33.05,,,
2009-08-14,48.21,72.41,,40.71,26.24,65.27,32.56,,,
2009-08-17,48.57,70.54,,39.61,26.39,64.2,31.86,,,
2009-08-18,48.69,72.37,,39.55,26.78,63.25,31.86,,,
2009-08-19,48.67,74.59,,39.33,26.85,64.2,31.39,,,
2009-08-20,48.62,73.33,,39.93,26.85,63.4,31.25,,,
2009-08-21,48.43,74.19,,40.09,26.92,62.46,30.82,,,
2009-08-24,48.41,74.26,,39.99,26.37,61.17,29.68,,,
2009-08-25,48.67,71.82,,40.49,26.3,61.48,29.85,,,
2009-08-26,48.77,71.65,,40.46,26.7,60.56,30.29,,,
2009-08-27,48.89,72.51,,40.79,26.78,61.48,30.15,,,
2009-08-28,48.53,72.79,,40.27,27.08,61.52,29.94,,,
2009-08-31,48.75,69.65,,40.24,27.6,60.59,28.96,,,
2009-09-01,48.81,67.73,,39.81,27.61,61.11,28.53,,,
2009-09-02,48.89,67.66,,39.4,27.6,62.03,28.11,,,
2009-09-03,48.83,67.12,,39.94,27.26,61.44,28.53,,,
2009-09-04,48.82,66.82,,39.38,27.45,61.7,28.3,,,
2009-09-07,48.57,,,39.85,27.65,63.63,27.27,,,
2009-09-08,48.45,69.42,,39.69,27.24,63.0,27.29,,,
2009-09-09,48.44,69.83,,39.98,27.09,62.9,27.27,,,
2009-09-10,48.57,69.86,,39.73,27.46,62.37,27.29,,,
2009-09-11,48.39,67.69,,39.65,27.57,62.33,27.28,,,
2009-09-14,48.64,67.44,,39.55,27.71,62.95,26.73,,,
2009-09-15,48.47,,,39.31,27.3,62.01,27.06,,,
2009-09-16,48.15,71.67,,39.2,27.18,61.75,27.47,,,
2009-09-17,48.02,71.55,,38.74,27.59,62.68,27.39,,,
2009-09-18,48.04,71.32,,38.16,27.35,62.97,27.35,,,
2009-09-21,47.99,68.69,,39.02,27.02,61.43,27.77,,,
2009-09-22,48.05,70.53,,39.02,26.82,62.25,28.0,,,
2009-09-23,47.95,67.99,,38.89,26.99,61.75,27.73,,,
2009-09-24,47.91,64.82,,38.91,27.06,61.32,27.84,,,
2009-09-25,47.94,65.11,,39.17,27.33,62.16,28.17,,,
2009-09-28,47.75,65.54,,39.48,26.77,61.53,27.89,,,
2009-09-29,48.07,65.49,,39.82,26.93,61.53,28.1,,,
2009-09-30,47.81,69.07,,40.03,26.65,61.09,28.45,,,
2009-10-01,47.74,69.19,,40.04,26.97,60.6,28.74,,,
2009-10-02,47.63,68.07,,40.37,27.38,59.7,28.63,,,
2009-10-05,47.41,68.04,,40.21,26.68,60.37,28.68,,,
2009-10-06,46.79,68.56,,40.27,27.08,60.18,28.58,,,
2009-10-07,46.6,67.2,,40.87,26.93,59.3,28.42,,,
2009-10-08,46.22,69.77,,40.27,27.34,59.11,28.69,,,
2009-10-09,46.46,70.0,,39.67,26.93,58.77,28.54,,,
2009-10-12,46.34,71.36,,39.87,26.07,59.08,28.77,,,
2009-10-13,46.28,72.4,,39.98,25.98,59.98,28.72,,,
2009-10-14,46.02,73.1,,39.88,25.74,60.41,28.46,,,
2009-10-15,45.95,,,40.48,25.47,61.32,28.52,,,
2009-10-16,46.2,76.99,,39.88,25.85,62.25,28.25,,,
2009-10-19,45.95,77.77,,38.85,26.75,63.29,28.14,,,
2009-10-20,46.26,77.24,,38.77,26.79,64.24,28.56,,,
2009-10-21,46.4,79.69,,39.36,26.61,65.14,28.44,,,
2009-10-22,46.55,79.51,,39.37,26.29,66.03,28.02,,,
2009-10-23,46.43,78.92,,39.48,26.41,65.76,28.36,,,
2009-10-26,46.55,77.26,,38.44,26.08,63.72,28.04,,,
2009-10-27,46.94,77.92,,38.29,26.47,64.68,28.19,,,
2009-10-28,47.18,75.86,,38.87,26.61,64.43,28.37,,,
2009-10-29,47.18,78.04,,39.13,26.99,65.4,28.37,,,
2009-10-30,46.92,75.2,,38.62,26.91,64.43,28.38,,,
2009-11-02,46.8,76.55,,39.51,26.92,63.99,28.06,,,
2009-11-03,47.25,78.11,,40.1,26.95,64.95,27.74,,,
2009-11-04,46.8,78.89,,39.62,26.86,65.94,27.8,,,
2009-11-05,46.94,77.99,,39.24,27.2,66.14,27.74,,,
2009-11-06,46.74,75.87,,38.66,26.86,66.17,28.05,,,
2009-11-09,46.37,77.77,,39.23,26.27,66.04,27.72,,,
2009-11-10,46.32,77.5,,39.2,25.91,65.66,27.44,,,
2009-11-11,46.41,77.95,,39.05,25.68,66.65,27.69,,,
2009-11-12,46.66,76.02,,39.12,25.44,67.66,27.91,,,
2009-11-13,46.26,75.55,,38.73,25.36,68.68,27.59,,,
2009-11-16,45.99,78.76,,38.82,25.39,68.07,26.82,,,
2009-11-17,46.23,78.97,,39.41,25.43,67.38,26.45,,,
2009-11-18,46.1,79.47,,39.41,25.82,66.86,26.85,,,
2009-11-19,46.55,77.64,,39.33,26.21,67.87,27.26,,,
2009-11-20,46.54,77.2,,39.16,26.48,68.9,27.42,,,
2009-11-23,46.36,77.46,,39.08,26.78,69.57,26.87,,,
2009-11-24,46.3,76.46,,39.67,26.64,69.34,26.78,,,
2009-11-25,46.01,78.44,,39.08,26.25,68.31,26.55,,,
2009-11-26,46.67,,,38.95,26.42,68.59,26.44,,,
2009-11-27,46.45,77.18,,38.76,26.03,67.79,26.84,,,
2009-11-30,46.46,78.47,,38.67,25.68,66.34,26.8,,,
2009-12-01,46.23,79.35,,39.25,25.3,66.31,26.4,,,
2009-12-02,46.2,77.88,,38.67,25.35,66.24,26.13,,,
2009-12-03,46.0,78.36,,38.76,25.67,65.25,25.9,,,
2009-12-04,46.12,77.52,,38.45,25.3,66.24,25.92,,,
2009-12-07,46.47,76.43,,38.37,25.68,64.18,25.51,,,
2009-12-08,46.62,75.19,,38.59,25.55,64.09,25.19,,,
2009-12-09,46.53,72.39,,39.18,25.6,65.06,25.38,,,
2009-12-10,46.52,71.86,,39.09,25.21,65.31,25.27,,,
2009-12-11,46.47,71.88,,39.43,25.2,65.83,25.46,,,
2009-12-14,46.67,71.89,,38.62,25.06,66.6,24.86,,,
2009-12-15,46.72,72.05,,39.21,24.76,65.61,24.82,,,
2009-12-16,46.59,73.55,,39.38,25.12,65.38,25.05,,,
2009-12-17,46.87,73.37,,39.23,25.13,66.37,24.92,,,
2009-12-18,46.7,73.75,,39.23,25.51,67.37,25.15,,,
2009-12-21,46.82,72.99,,39.35,25.47,66.24,24.94,,,
2009-12-22,46.8,73.46,,39.14,25.09,67.24,25.17,,,
2009-12-23,46.75,75.45,,38.92,24.72,66.24,24.9,,,
2009-12-24,46.65,76.31,,39.05,25.07,66.83,24.89,,,
2009-12-28,46.45,77.32,,39.29,24.33,66.5,24.46,,,
2009-12-29,46.56,77.64,,39.12,24.39,65.51,24.09,,,
2009-12-30,46.5,78.03,,38.82,24.41,66.13,24.46,,,
2009-12-31,46.4,77.93,,39.17,24.05,66.15,24.31,,,
2010-01-01,46.61,,,39.09,23.97,66.41,24.28,,,
2010-01-04,46.29,80.12,,39.97,24.51,67.07,24.93,,,
2010-01-05,46.12,80.59,,39.68,24.39,66.54,24.98,,,
2010-01-06,45.72,81.89,,39.09,24.61,67.55,24.93,,,
2010-01-07,45.69,81.51,,39.57,24.4,67.87,24.6,,,
2010-01-08,45.52,81.37,,39.25,24.03,67.67,24.23,,,
2010-01-11,45.36,80.97,,39.46,23.63,68.93,23.3,,,
2010-01-12,45.62,79.3,,38.89,23.28,68.42,23.6,,,
2010-01-13,45.49,78.31,,39.23,23.36,67.4,23.72,,,
2010-01-14,45.56,77.82,,39.24,23.28,68.06,23.65,,,
2010-01-15,45.8,77.11,,38.8,23.25,67.05,23.97,,,
2010-01-18,45.64,,,38.98,23.66,64.71,23.08,,,
2010-01-19,45.85,77.63,,39.26,23.67,63.74,23.3,,,
2010-01-20,46.12,76.32,,39.85,23.63,62.79,23.07,,,
2010-01-21,46.11,74.58,,39.26,23.98,61.86,23.08,,,
2010-01-22,46.22,72.83,,39.85,23.63,62.42,23.36,,,
2010-01-25,46.08,73.69,,38.89,24.04,62.13,23.81,,,
2010-01-26,45.85,73.29,,38.8,24.4,62.09,23.56,,,
2010-01-27,46.32,72.24,,39.24,24.04,62.39,23.91,,,
2010-01-28,46.35,72.13,,39.18,23.88,61.57,23.87,,,
2010-01-29,46.1,71.46,,39.77,23.52,62.51,23.89,,,
2010-02-01,46.29,73.11,,38.59,23.44,62.78,24.18,,,
2010-02-02,46.1,76.06,,38.76,23.39,62.62,24.4,,,
2010-02-03,45.9,75.92,,39.18,23.24,62.67,24.51,,,
2010-02-04,46.21,72.13,,38.99,23.36,62.42,24.44,,,
2010-02-05,46.62,69.59,,38.41,23.28,62.19,24.72,,,
2010-02-08,46.71,70.11,,38.89,23.16,62.44,24.25,,,
2010-02-09,46.39,72.13,,39.48,22.81,61.78,24.29,,,
2010-02-10,46.38,72.54,,38.97,22.56,61.26,24.56,,,
2010-02-11,46.4,73.05,,39.3,22.23,60.35,24.93,,,
2010-02-12,46.4,72.9,,39.86,22.47,59.45,24.56,,,
2010-02-15,46.34,,,39.19,22.58,61.24,24.8,,,
2010-02-16,45.98,75.68,,39.15,22.49,60.33,25.1,,,
2010-02-17,46.01,76.27,,39.32,22.39,60.13,25.3,,,
2010-02-18,46.14,77.78,,39.09,22.36,59.23,25.01,,,
2010-02-19,46.18,78.19,,38.78,22.61,59.35,24.7,,,
2010-02-22,46.1,78.61,,37.8,23.01,59.49,25.14,,,
2010-02-23,46.27,77.25,,38.11,23.27,58.61,24.76,,,
2010-02-24,46.29,78.09,,37.59,23.36,57.82,24.46,,,
2010-02-25,46.3,76.29,,37.89,23.47,57.83,24.66,,,
2010-02-26,45.9,77.59,,38.11,23.83,57.91,24.56,,,
2010-03-01,46.0,76.89,,37.78,23.02,56.24,24.56,,,
2010-03-02,46.03,78.18,,37.34,23.07,55.41,24.43,,,
2010-03-03,45.55,79.25,,37.13,22.73,54.58,24.28,,,
2010-03-04,45.67,78.54,,37.34,22.87,54.25,24.39,,,
2010-03-05,45.45,79.89,,37.69,22.83,53.88,24.61,,,
2010-03-08,45.4,80.47,,37.88,22.91,52.72,24.5,,,
2010-03-09,45.55,79.91,,38.45,23.25,52.19,24.14,,,
2010-03-10,45.31,80.48,,38.91,23.6,52.25,24.12,,,
2010-03-11,45.45,80.28,,38.95,23.4,51.97,23.77,,,
2010-03-12,45.5,79.39,,38.58,23.45,52.1,23.59,,,
2010-03-15,45.56,77.89,,38.63,23.58,54.18,23.49,,,
2010-03-16,45.39,79.02,,39.22,23.94,54.82,23.26,,,
2010-03-17,45.28,81.96,,39.53,23.58,55.01,23.36,,,
2010-03-18,45.39,81.48,,38.94,23.45,54.68,23.07,,,
2010-03-19,45.25,79.88,,39.43,23.59,54.39,22.75,,,
2010-03-22,45.47,80.54,,38.91,24.45,54.26,23.28,,,
2010-03-23,45.4,80.7,,39.5,24.36,53.72,23.58,,,
2010-03-24,45.4,79.62,,40.09,24.73,53.69,23.68,,,
2010-03-25,45.49,79.61,,40.39,24.51,53.19,23.33,,,
2010-03-26,45.11,79.29,,40.3,24.8,53.35,23.07,,,
2010-03-29,44.8,81.17,,40.84,25.6,51.91,23.42,,,
2010-03-30,44.94,81.28,,41.46,25.49,52.28,23.26,,,
2010-03-31,44.8,82.7,,41.58,25.11,52.21,23.62,,,
2010-04-01,44.6,84.01,,41.83,25.21,51.9,23.53,,,
2010-04-02,44.81,,,42.17,24.85,52.09,23.76,,,
2010-04-05,44.36,85.88,,42.5,24.08,51.87,24.31,,,
2010-04-06,44.34,86.15,,42.22,24.08,51.74,24.06,,,
2010-04-07,44.4,85.59,,41.67,24.16,50.97,24.04,,,
2010-04-08,44.34,84.81,,41.89,23.98,50.72,23.68,,,
2010-04-09,44.12,84.83,,42.28,24.31,49.97,23.75,,,
2010-04-12,44.34,84.77,,43.16,24.07,51.61,23.67,,,
2010-04-13,44.58,84.72,,43.51,24.44,51.63,23.31,,,
2010-04-14,44.21,86.15,,42.95,24.55,51.01,23.67,,,
2010-04-15,44.29,87.17,,42.75,24.43,50.44,23.72,,,
2010-04-16,44.32,85.99,,43.11,24.07,51.2,23.73,,,
2010-04-19,44.73,84.23,,43.37,23.95,51.7,24.07,,,
2010-04-20,44.39,84.8,,42.72,23.6,52.48,23.95,,,
2010-04-21,44.4,85.7,,42.54,23.34,51.97,23.63,,,
2010-04-22,44.44,85.67,,43.0,23.69,52.14,23.28,,,
2010-04-23,44.29,87.25,,43.3,24.05,52.93,23.44,,,
2010-04-26,44.25,86.83,,43.6,23.63,53.32,24.13,,,
2010-04-27,44.45,85.78,,43.26,23.98,53.3,24.35,,,
2010-04-28,44.5,86.16,,43.62,24.06,52.56,24.61,,,
2010-04-29,44.45,86.9,,43.85,24.36,52.04,24.24,,,
2010-04-30,44.25,87.44,,44.11,24.0,52.25,24.15,,,
2010-05-03,44.4,88.94,,43.75,24.48,51.97,24.12,,,
2010-05-04,44.55,,,43.51,24.78,52.69,24.27,,,
2010-05-05,44.85,82.61,,43.06,24.8,51.91,24.4,,,
2010-05-06,45.46,79.83,,43.42,24.61,52.69,24.51,,,
2010-05-07,45.42,78.27,,43.22,24.86,53.49,24.69,,,
2010-05-10,44.76,80.12,,44.47,24.27,52.79,24.53,,,
2010-05-11,44.99,80.49,,43.81,23.91,52.75,24.61,,,
2010-05-12,44.95,81.2,,44.45,23.75,52.96,24.24,,,
2010-05-13,44.94,80.11,,44.59,24.09,52.98,24.61,,,
2010-05-14,45.25,77.18,,44.4,24.15,53.19,24.77,,,
2010-05-17,45.53,75.1,,44.03,23.98,52.99,24.0,,,
2010-05-18,45.56,74.43,,43.49,24.01,52.74,23.84,,,
2010-05-19,46.27,73.69,,42.85,23.96,52.32,23.92,,,
2010-05-20,46.74,71.84,,42.21,24.2,53.11,23.65,,,
2010-05-21,46.92,71.68,,42.78,23.84,53.91,23.97,,,
2010-05-24,46.81,71.17,,42.82,23.15,55.78,24.47,,,
2010-05-25,47.48,69.55,,42.19,23.5,55.92,24.75,,,
2010-05-26,47.1,71.74,,41.63,23.35,55.09,24.66,,,
2010-05-27,46.72,74.66,,42.25,23.19,54.89,24.45,,,
2010-05-28,46.3,74.02,,42.17,23.46,54.64,24.8,,,
2010-05-31,46.36,,,42.24,23.97,53.4,24.57,,,
2010-06-01,47.08,72.71,,42.81,23.64,53.64,24.36,,,
2010-06-02,46.8,73.75,,43.46,24.0,52.84,24.73,,,
2010-06-03,46.5,75.41,,43.27,24.36,52.3,24.73,,,
2010-06-04,46.86,72.09,,42.63,24.53,53.09,24.78,,,
2010-06-07,46.79,72.09,,42.07,24.18,52.43,24.96,,,
2010-06-08,46.83,72.09,,41.59,24.05,52.81,24.78,,,
2010-06-09,46.81,72.09,,41.76,24.42,52.19,25.15,,,
2010-06-10,46.75,75.29,,41.74,24.6,52.25,25.06,,,
2010-06-11,46.75,74.35,,41.76,24.38,52.38,25.37,,,
2010-06-14,46.4,75.2,,40.82,24.05,52.87,24.56,,,
2010-06-15,46.4,76.2,,41.26,23.88,53.67,24.2,,,
2010-06-16,46.41,78.14,,41.78,24.24,54.48,24.37,,,
2010-06-17,46.09,78.68,,41.15,24.61,54.0,24.46,,,
2010-06-18,46.01,78.22,,40.7,24.24,53.2,24.17,,,
2010-06-21,45.66,78.82,,39.75,23.45,54.6,24.04,,,
2010-06-22,46.02,78.04,,39.15,23.47,54.82,23.69,,,
2010-06-23,46.15,76.27,,38.73,23.7,54.87,23.59,,,
2010-06-24,46.26,76.47,,38.26,24.06,55.7,23.6,,,
2010-06-25,46.15,78.12,,38.36,24.12,56.54,23.58,,,
2010-06-28,46.1,77.59,,38.15,23.71,54.99,24.18,,,
2010-06-29,46.41,75.44,,37.9,23.73,55.07,23.82,,,
2010-06-30,46.4,75.01,,37.78,23.93,54.9,23.86,,,
2010-07-01,46.41,72.34,,38.35,23.72,55.23,23.77,,,
2010-07-02,46.56,71.65,,38.93,23.58,56.01,24.13,,,
2010-07-05,46.73,,,39.12,22.56,56.65,24.24,,,
2010-07-06,46.6,71.45,,38.58,22.22,56.54,24.4,,,
2010-07-07,46.95,73.51,,38.97,22.32,56.48,24.16,,,
2010-07-08,46.65,74.71,,39.56,22.17,56.89,24.06,,,
2010-07-09,46.52,75.42,,39.03,22.02,57.2,23.97,,,
2010-07-12,46.66,74.37,,39.21,21.74,58.01,24.6,,,
2010-07-13,46.41,76.65,,39.47,21.46,58.89,24.45,,,
2010-07-14,46.6,76.77,,39.63,21.35,58.41,24.55,,,
2010-07-15,46.45,,,39.82,21.03,58.54,24.92,,,
2010-07-16,46.7,75.37,,39.23,21.3,57.77,24.82,,,
2010-07-19,46.09,75.62,,40.18,21.0,58.06,24.26,,,
2010-07-20,47.25,76.22,,40.16,21.32,58.19,24.16,,,
2010-07-21,47.07,75.37,,39.57,21.3,57.43,23.86,,,
2010-07-22,47.04,77.82,,39.81,21.25,58.12,24.22,,,
2010-07-23,46.89,77.45,,40.09,20.99,58.27,23.98,,,
2010-07-26,47.04,77.5,,40.45,20.73,58.48,24.27,,,
2010-07-27,46.65,76.13,,40.72,21.03,59.12,24.64,,,
2010-07-28,46.69,76.06,,40.23,20.71,58.77,24.27,,,
2010-07-29,46.46,77.59,,40.22,20.41,57.9,24.21,,,
2010-07-30,46.36,78.18,,40.14,20.26,57.87,23.9,,,
2010-08-02,46.09,80.82,,40.01,20.19,59.28,23.22,,,
2010-08-03,46.13,82.68,,40.41,20.3,58.39,23.02,,,
2010-08-04,46.13,82.2,,40.2,20.06,58.05,23.27,,,
2010-08-05,46.0,81.61,,39.61,20.31,57.67,23.21,,,
2010-08-06,46.06,80.16,,40.2,20.43,58.03,23.12,,,
2010-08-09,45.96,80.99,,40.54,20.96,58.21,22.89,,,
2010-08-10,46.08,79.6,,40.3,21.22,58.33,22.66,,,
2010-08-11,46.31,77.64,,40.43,20.9,58.69,22.93,,,
2010-08-12,46.59,75.52,,40.57,21.22,57.82,22.76,,,
2010-08-13,46.71,75.11,,40.46,21.44,56.96,22.65,,,
2010-08-16,46.63,74.85,,39.32,22.43,56.19,22.62,,,
2010-08-17,46.68,76.93,,38.93,22.68,55.36,22.82,,,
2010-08-18,46.61,76.47,,38.9,23.03,56.19,22.97,,,
2010-08-19,46.54,75.3,,38.57,23.38,56.33,23.02,,,
2010-08-20,46.36,74.26,,38.89,23.44,57.18,22.9,,,
2010-08-23,46.61,73.62,,39.32,23.12,56.95,22.41,,,
2010-08-24,46.56,72.38,,39.56,23.14,57.61,22.4,,,
2010-08-25,46.86,73.48,,39.79,22.8,57.43,22.64,,,
2010-08-26,46.87,75.02,,39.83,22.46,57.81,22.88,,,
2010-08-27,46.79,76.65,,40.19,22.25,58.69,22.77,,,
2010-08-30,46.8,76.6,,40.25,23.1,57.49,23.33,,,
2010-08-31,46.87,74.64,,40.68,23.42,58.06,23.52,,,
2010-09-01,47.03,76.35,,40.31,23.39,58.94,23.17,,,
2010-09-02,46.65,76.93,,40.33,23.04,58.06,22.83,,,
2010-09-03,46.6,76.67,,40.66,22.91,57.99,22.85,,,
2010-09-06,46.58,,,41.71,22.7,58.88,23.09,,,
2010-09-07,46.51,77.74,,41.32,22.84,58.57,23.36,,,
2010-09-08,46.66,78.17,,40.71,23.09,58.22,23.35,,,
2010-09-09,46.52,77.47,,40.86,23.01,58.15,23.07,,,
2010-09-10,46.3,78.16,,41.22,22.67,58.19,22.93,,,
2010-09-13,46.28,79.03,,41.1,22.88,58.14,23.01,,,
2010-09-14,46.23,79.16,,41.45,22.71,57.8,23.21,,,
2010-09-15,46.14,78.91,,41.15,22.86,56.94,23.21,,,
2010-09-16,46.2,78.48,,41.77,22.95,56.82,22.86,,,
2010-09-17,46.1,78.21,,42.41,22.97,56.26,23.21,,,
2010-09-20,45.88,79.32,,42.18,22.88,54.99,23.69,,,
2010-09-21,45.62,78.42,,41.99,22.88,54.51,23.63,,,
2010-09-22,45.58,77.95,,41.97,22.69,54.64,23.75,,,
2010-09-23,45.56,78.11,,41.98,22.84,53.82,23.4,,,
2010-09-24,45.45,78.87,,41.36,22.63,53.02,23.69,,,
2010-09-27,45.24,78.57,,40.77,22.73,52.01,23.61,,,
2010-09-28,44.93,78.71,,41.39,22.6,51.24,23.58,,,
2010-09-29,45.05,80.77,,40.77,22.5,50.9,23.83,,,
2010-09-30,44.69,82.31,,41.17,22.53,51.2,24.19,,,
2010-10-01,44.56,83.75,,41.04,22.59,51.29,24.3,,,
2010-10-04,44.41,83.28,,41.47,22.64,52.17,24.86,,,
2010-10-05,44.45,84.84,,41.75,22.62,51.39,24.96,,,
2010-10-06,44.4,85.06,,42.24,22.28,52.17,25.33,,,
2010-10-07,44.19,83.43,,42.08,22.39,52.95,25.2,,,
2010-10-08,44.2,84.03,,41.77,22.07,53.4,25.45,,,
2010-10-11,44.41,83.72,,41.45,21.97,52.86,24.8,,,
2010-10-12,44.36,83.5,,42.07,21.81,52.98,24.83,,,
2010-10-13,44.5,84.64,,41.45,21.64,53.04,24.73,,,
2010-10-14,44.34,84.53,,40.83,21.97,52.38,25.07,,,
2010-10-15,44.07,82.45,,41.07,22.05,51.99,24.81,,,
2010-10-18,44.16,84.37,,41.49,22.15,53.48,24.37,,,
2010-10-19,44.17,81.1,,41.43,22.08,52.68,24.09,,,
2010-10-20,44.33,83.6,,41.59,21.89,52.3,24.2,,,
2010-10-21,44.2,81.83,,41.64,21.7,51.52,24.12,,,
2010-10-22,44.2,82.96,,41.02,21.54,50.76,24.36,,,
2010-10-25,44.53,83.54,,40.58,20.75,50.59,25.03,,,
2010-10-26,44.25,83.66,,41.2,20.53,50.11,24.94,,,
2010-10-27,44.4,83.23,,41.38,20.69,49.37,24.8,,,
2010-10-28,44.42,83.59,,41.23,20.59,50.11,25.18,,,
2010-10-29,44.42,83.15,,41.69,20.54,49.92,24.86,,,
2010-11-01,44.45,84.62,,42.46,21.08,49.51,24.85,,,
2010-11-02,44.34,85.41,,43.1,20.91,49.29,24.48,,,
2010-11-03,44.2,86.38,,42.52,20.68,49.4,24.62,,,
2010-11-04,44.25,88.0,,42.76,20.87,48.66,24.34,,,
2010-11-05,44.01,88.11,,42.29,20.81,49.18,24.71,,,
2010-11-08,43.9,88.46,,41.9,20.29,48.54,24.0,,,
2010-11-09,44.3,88.33,,41.76,20.37,49.27,23.64,,,
2010-11-10,44.19,88.96,,42.25,20.07,50.02,23.4,,,
2010-11-11,44.26,88.81,,42.72,20.33,50.77,23.21,,,
2010-11-12,44.24,86.34,,42.09,20.19,50.54,23.56,,,
2010-11-15,44.78,86.7,,41.14,19.85,51.3,23.8,,,
2010-11-16,45.11,84.73,,41.04,19.77,50.83,23.97,,,
2010-11-17,45.19,83.28,,40.89,19.76,51.49,23.76,,,
2010-11-18,45.11,85.05,,41.51,20.06,51.25,23.54,,,
2010-11-19,45.15,84.34,,41.73,20.1,52.03,23.19,,,
2010-11-22,45.26,83.96,,41.33,19.87,53.02,23.58,,,
2010-11-23,45.3,83.25,,41.96,20.17,53.82,23.64,,,
2010-11-24,45.54,85.84,,41.33,20.24,53.48,23.99,,,
2010-11-25,45.51,,,40.72,20.43,53.79,24.05,,,
2010-11-26,45.56,85.58,,41.33,20.59,53.06,24.33,,,
2010-11-29,45.71,87.34,,41.37,20.77,55.2,24.19,,,
2010-11-30,45.8,85.92,,40.75,21.04,55.58,24.16,,,
2010-12-01,45.77,88.87,,40.76,20.72,56.15,24.4,,,
2010-12-02,45.23,90.69,,40.92,20.49,55.78,24.51,,,
2010-12-03,45.13,91.42,,41.38,20.26,56.21,24.28,,,
2010-12-06,44.91,91.45,,40.47,20.01,56.15,24.52,,,
2010-12-07,44.81,91.39,,40.6,20.24,55.88,24.89,,,
2010-12-08,44.5,90.77,,40.17,20.53,55.93,24.78,,,
2010-12-09,45.0,90.99,,39.97,20.31,55.64,25.13,,,
2010-12-10,45.05,90.48,,39.5,20.09,55.35,25.25,,,
2010-12-13,44.95,91.19,,40.12,20.58,56.61,25.32,,,
2010-12-14,44.91,91.21,,40.14,20.71,55.76,24.94,,,
2010-12-15,44.91,92.2,,39.54,20.71,56.1,25.32,,,
2010-12-16,45.25,91.71,,39.4,20.85,56.52,24.94,,,
2010-12-17,45.25,91.67,122.5,39.38,20.76,56.21,24.84,,,
2010-12-20,45.17,92.74,122.5,40.04,20.34,56.83,25.14,,,
2010-12-21,45.26,93.2,123.25,40.52,20.16,57.41,25.34,,,
2010-12-22,45.18,93.65,125.5,40.66,20.06,57.85,25.72,,,
2010-12-23,44.95,94.25,125.25,41.28,19.83,57.99,25.34,,,
2010-12-24,45.06,,,41.46,19.69,58.44,24.96,,,
2010-12-27,45.01,93.85,125.0,42.25,19.52,58.82,24.43,,,
2010-12-28,45.1,94.38,125.0,42.82,19.22,58.67,24.21,,,
2010-12-29,44.95,94.14,131.0,42.5,19.02,57.8,24.39,,,
2010-12-30,44.92,93.09,132.0,41.86,19.1,58.38,24.03,,,
2010-12-31,44.81,94.75,132.0,41.76,18.97,57.93,23.71,,,
2011-01-03,44.82,94.84,132.0,41.96,18.87,56.01,23.8,,,
2011-01-04,44.61,93.53,128.25,41.73,18.58,56.83,23.54,,,
2011-01-05,44.9,95.5,123.5,41.71,18.72,56.95,23.34,,,
2011-01-06,45.21,94.52,126.25,41.74,18.53,57.82,23.5,,,
2011-01-07,45.18,93.33,129.75,42.17,18.52,57.28,23.73,,,
2011-01-10,45.36,95.7,130.25,41.35,18.15,59.16,24.27,,,
2011-01-11,45.31,97.61,129.5,41.95,18.08,59.89,24.43,,,
2011-01-12,45.1,98.12,128.25,41.71,18.35,60.47,24.36,,,
2011-01-13,44.91,98.06,128.0,41.09,18.08,59.57,24.28,,,
2011-01-14,44.96,,127.5,41.4,18.35,60.07,23.92,,,
2011-01-17,45.42,,,40.2,18.05,59.38,24.46,,,
2011-01-18,45.44,97.8,125.0,40.12,17.87,59.96,24.1,,,
2011-01-19,45.32,98.16,125.75,39.83,17.75,59.15,24.09,,,
2011-01-20,45.3,96.58,126.3,39.24,17.51,60.05,23.84,,,
2011-01-21,45.78,97.6,125.95,39.66,17.46,60.15,24.2,,,
2011-01-24,45.59,96.61,125.8,40.03,17.37,58.61,24.33,,,
2011-01-25,45.45,95.25,124.85,39.94,17.4,59.49,24.44,,,
2011-01-26,45.61,97.91,124.5,39.94,17.45,58.76,24.17,,,
2011-01-27,45.45,97.39,124.2,40.23,17.21,58.67,24.14,,,
2011-01-28,45.69,99.42,124.0,40.55,17.37,58.23,23.98,,,
2011-01-31,45.84,101.01,119.25,40.46,17.17,57.36,25.03,,,
2011-02-01,45.8,101.74,119.2,41.07,16.92,57.2,24.65,,,
2011-02-02,45.41,102.34,120.55,41.43,16.69,56.97,24.91,,,
2011-02-03,45.45,101.76,121.75,41.82,16.84,56.5,24.97,,,
2011-02-04,45.56,99.83,122.05,41.87,16.77,56.08,25.34,,,
2011-02-07,45.61,99.25,120.0,42.27,17.09,55.83,25.51,,,
2011-02-08,45.31,99.92,119.5,42.91,17.26,55.48,25.13,,,
2011-02-09,45.15,101.82,119.25,43.28,17.09,55.52,24.9,,,
2011-02-10,45.35,100.87,119.25,43.05,17.35,54.69,25.01,,,
2011-02-11,45.63,101.43,119.25,42.8,17.2,55.52,25.36,,,
2011-02-14,45.61,103.08,119.2,43.3,17.7,57.37,24.8,,,
2011-02-15,45.35,101.64,119.15,43.47,17.54,56.52,25.18,,,
2011-02-16,45.41,103.78,119.0,44.12,17.51,57.37,25.52,,,
2011-02-17,45.31,102.59,119.0,44.7,17.25,56.68,25.72,,,
2011-02-18,45.21,102.52,119.05,44.8,17.3,56.07,25.85,,,
2011-02-21,45.11,,,44.97,17.15,57.9,25.7,,,
2011-02-22,44.92,105.78,119.25,45.65,16.9,58.64,26.03,,,
2011-02-23,45.15,111.25,119.3,45.54,16.73,58.39,26.35,,,
2011-02-24,45.05,111.36,119.25,45.08,16.8,58.12,25.97,,,
2011-02-25,45.4,112.14,119.2,44.73,16.86,58.41,25.81,,,
2011-02-28,45.25,111.8,120.0,43.55,16.74,59.73,26.58,,,
2011-03-01,45.1,115.42,119.75,42.9,16.87,60.23,26.21,,,
2011-03-02,44.83,116.35,120.25,42.91,16.98,59.34,26.42,,,
2011-03-03,44.81,114.79,121.0,43.38,17.06,59.45,26.03,,,
2011-03-04,44.85,115.97,122.0,42.91,17.02,59.36,25.64,,,
2011-03-07,44.9,115.04,123.25,44.38,17.18,58.01,26.18,,,
2011-03-08,44.97,113.06,123.0,44.03,17.23,58.39,26.01,,,
2011-03-09,44.9,115.94,123.0,44.49,17.4,58.1,26.4,,,
2011-03-10,44.87,115.43,122.0,43.91,17.27,58.57,26.34,,,
2011-03-11,45.11,113.84,122.5,44.38,17.52,58.03,26.32,,,
2011-03-14,45.24,113.67,123.25,44.15,17.41,59.99,26.4,,,
2011-03-15,44.95,108.52,124.25,43.68,17.32,59.82,26.66,,,
2011-03-16,45.16,110.62,125.0,44.0,17.44,60.54,26.43,,,
2011-03-17,45.02,114.9,124.75,43.5,17.66,60.88,26.39,,,
2011-03-18,45.05,113.93,124.75,43.75,17.7,61.08,25.99,,,
2011-03-21,45.0,114.96,125.0,42.9,18.08,61.99,26.38,,,
2011-03-22,44.91,115.7,125.25,43.19,18.27,61.08,26.65,,,
2011-03-23,44.85,115.55,125.25,43.52,18.25,60.42,26.83,,,
2011-03-24,44.75,115.72,125.25,43.16,18.43,59.52,26.96,,,
2011-03-25,44.6,115.59,125.5,43.46,18.29,59.48,26.94,,,
2011-03-28,44.69,114.8,126.75,42.8,17.98,59.52,26.38,,,
2011-03-29,44.7,,125.5,42.16,18.06,60.42,26.75,,,
2011-03-30,44.66,115.13,125.5,42.34,18.33,60.55,26.97,,,
2011-03-31,44.61,117.36,127.5,41.71,18.52,60.84,26.93,,,
2011-04-01,44.45,118.7,128.0,41.76,18.45,61.76,27.28,,,
2011-04-04,44.45,121.06,129.75,41.83,18.55,62.2,26.54,,,
2011-04-05,44.32,122.22,128.25,41.66,18.73,63.14,26.73,,,
2011-04-06,44.3,122.3,128.5,42.03,19.0,62.29,26.33,,,
2011-04-07,44.05,122.67,128.25,42.2,18.95,62.75,26.09,,,
2011-04-08,44.1,126.65,128.5,42.37,18.83,62.19,26.18,,,
2011-04-11,44.06,123.98,128.75,42.36,18.62,62.97,25.22,,,
2011-04-12,44.26,120.92,128.25,42.67,18.67,62.4,25.4,,,
2011-04-13,44.19,122.88,128.25,42.16,18.64,63.23,25.2,,,
2011-04-14,44.42,122.36,128.0,42.04,18.61,62.66,24.87,,,
2011-04-15,,123.45,128.25,42.02,18.42,63.6,24.5,,,
2011-04-18,44.27,121.61,128.0,42.76,18.63,62.63,24.38,,,
2011-04-19,44.36,121.33,128.0,43.32,18.45,62.11,24.01,,,
2011-04-20,44.41,,128.0,42.68,18.18,62.11,23.88,,,
2011-04-21,44.26,123.99,128.0,43.0,18.45,61.83,23.92,,,
2011-04-22,44.26,,,43.65,18.58,60.91,23.69,,,
2011-04-25,44.27,123.66,128.0,45.1,18.71,62.65,23.88,,,
2011-04-26,44.41,124.14,127.9,45.66,18.75,62.86,23.57,,,
2011-04-27,44.41,125.13,127.85,45.8,19.03,63.81,23.22,,,
2011-04-28,44.33,125.02,127.85,46.38,19.08,62.87,22.87,,,
2011-04-29,44.3,125.89,127.85,46.47,18.8,62.59,22.98,,,
2011-05-02,44.25,125.12,128.0,46.99,18.8,62.62,23.29,,,
2011-05-03,44.22,122.45,127.75,46.53,18.94,61.68,23.12,,,
2011-05-04,44.41,121.19,127.75,47.24,18.66,60.77,22.98,,,
2011-05-05,44.32,110.8,126.55,47.52,18.91,61.47,22.88,,,
2011-05-06,44.7,109.13,126.3,46.81,18.69,61.68,23.22,,,
2011-05-09,44.72,115.9,125.85,46.68,18.53,61.48,24.01,,,
2011-05-10,44.61,117.63,125.15,47.18,18.57,61.49,24.0,,,
2011-05-11,44.61,112.57,124.7,46.84,18.4,62.23,23.71,,,
2011-05-12,44.58,112.98,124.25,46.92,18.28,62.04,23.76,,,
2011-05-13,44.71,113.83,123.65,47.63,18.01,62.74,23.75,,,
2011-05-16,44.86,112.73,123.65,47.45,18.21,61.67,23.31,,,
2011-05-17,44.96,109.99,123.55,48.17,18.42,62.6,23.66,,,
2011-05-18,45.01,112.3,123.55,48.17,18.69,62.79,23.65,,,
2011-05-19,44.96,111.42,123.5,48.76,18.55,63.74,23.3,,,
2011-05-20,44.85,112.39,123.55,49.5,18.51,62.79,23.43,,,
2011-05-23,44.99,110.1,123.35,49.51,18.79,63.62,23.6,,,
2011-05-24,45.15,112.53,123.25,50.26,18.88,62.91,23.89,,,
2011-05-25,45.16,114.93,123.1,50.6,18.88,63.86,23.85,,,
2011-05-26,45.23,115.05,122.9,50.07,19.09,63.87,23.73,,,
2011-05-27,45.19,115.03,122.8,50.83,18.91,62.92,23.55,,,
2011-05-30,45.17,,,50.52,18.4,63.59,23.29,,,
2011-05-31,45.08,116.73,122.15,51.28,18.6,64.53,23.06,,,
2011-06-01,44.96,114.53,121.85,51.81,18.32,64.58,22.74,,,
2011-06-02,44.76,115.54,121.7,52.07,18.17,64.48,22.72,,,
2011-06-03,44.76,115.84,122.15,52.37,17.9,65.35,22.6,,,
2011-06-06,44.82,114.48,123.2,51.96,18.34,65.88,22.86,,,
2011-06-07,44.67,116.78,123.85,51.78,18.27,65.91,23.12,,,
2011-06-08,44.61,117.85,123.75,51.94,18.38,64.93,22.92,,,
2011-06-09,44.66,119.57,123.55,51.23,18.65,65.74,22.91,,,
2011-06-10,44.6,118.78,123.35,51.47,18.75,66.74,23.26,,,
2011-06-13,44.72,119.1,123.6,52.91,18.05,69.31,22.8,,,
2011-06-14,44.8,120.16,123.55,52.61,18.06,68.51,23.15,,,
2011-06-15,44.74,117.1,123.45,52.52,17.91,67.49,23.03,,,
2011-06-16,44.71,114.02,123.15,52.48,17.96,68.12,23.38,,,
2011-06-17,44.8,113.21,123.1,52.2,17.83,67.89,23.73,,,
2011-06-20,44.76,111.69,122.95,51.15,17.59,67.5,23.56,,,
2011-06-21,44.87,110.95,122.8,51.54,17.79,67.36,23.51,,,
2011-06-22,44.76,114.21,122.7,51.93,18.06,66.63,23.39,,,
2011-06-23,44.75,107.26,122.65,51.44,18.19,66.42,23.04,,,
2011-06-24,44.85,105.12,122.7,52.0,18.09,66.41,22.9,,,
2011-06-27,44.99,105.99,120.8,52.28,18.41,64.32,23.02,,,
2011-06-28,44.95,108.78,121.4,52.26,18.4,64.92,23.23,,,
2011-06-29,44.94,112.4,122.45,52.55,18.12,63.96,23.33,,,
2011-06-30,44.76,112.48,122.45,52.23,18.4,64.87,23.09,,,
2011-07-01,44.59,111.77,122.45,52.11,18.52,64.51,23.15,,,
2011-07-04,44.62,,,51.41,18.62,63.52,23.24,,,
2011-07-05,44.42,,123.5,50.65,18.48,63.77,23.2,,,
2011-07-06,44.34,113.62,123.15,50.35,18.63,63.12,23.55,,,
2011-07-07,44.33,118.59,123.15,50.18,18.35,62.64,23.79,,,
2011-07-08,44.33,118.33,122.95,50.03,18.4,63.0,23.97,,,
2011-07-11,44.41,117.24,122.8,50.15,18.58,61.35,23.62,,,
2011-07-12,44.35,117.75,122.8,50.68,18.34,61.33,23.57,,,
2011-07-13,44.56,,122.8,50.29,18.11,61.48,23.22,,,
2011-07-14,44.45,118.32,122.9,49.57,18.17,61.77,22.92,,,
2011-07-15,44.4,117.26,122.9,48.95,18.33,61.82,22.9,,,
2011-07-18,44.51,116.05,122.85,48.03,18.05,61.51,22.94,,,
2011-07-19,44.5,,122.9,47.31,18.01,60.6,23.29,,,
2011-07-20,44.37,118.15,122.95,47.05,17.74,61.51,23.2,,,
2011-07-21,44.37,117.51,123.05,47.16,17.55,61.52,23.17,,,
2011-07-22,44.3,118.67,123.1,47.5,17.77,62.34,23.14,,,
2011-07-25,44.34,117.94,123.2,46.44,17.66,61.61,22.77,,,
2011-07-26,44.31,118.28,123.25,46.42,17.78,62.54,22.77,,,
2011-07-27,44.05,117.43,123.3,45.95,17.88,62.77,22.89,,,
2011-07-28,44.03,117.36,123.4,46.27,17.86,62.3,23.23,,,
2011-07-29,44.01,116.74,123.45,45.59,18.12,61.38,22.89,,,
2011-08-01,44.2,116.81,125.6,45.66,18.46,62.82,23.19,,,
2011-08-02,44.06,116.46,126.25,46.35,18.62,63.58,23.36,,,
2011-08-03,44.26,113.23,126.35,46.55,18.7,63.17,23.71,,,
2011-08-04,44.31,107.25,126.35,45.99,18.96,63.78,23.5,,,
2011-08-05,44.56,109.37,126.2,45.94,19.18,63.24,23.57,,,
2011-08-08,44.73,103.74,125.65,44.77,18.5,63.18,24.06,,,
2011-08-09,45.0,102.57,125.1,45.27,18.73,63.65,24.11,,,
2011-08-10,45.2,106.68,125.35,44.97,18.46,64.02,24.26,,,
2011-08-11,45.25,108.02,125.45,44.91,18.55,64.6,23.99,,,
2011-08-12,45.29,108.03,125.7,44.57,18.64,63.63,24.04,,,
2011-08-15,45.39,109.91,125.7,45.75,18.68,62.11,23.41,,,
2011-08-16,45.23,,125.65,46.21,18.45,62.49,23.49,,,
2011-08-17,45.25,110.6,125.6,46.48,18.18,63.43,23.61,,,
2011-08-18,45.3,106.99,125.3,46.68,18.05,64.39,23.26,,,
2011-08-19,45.71,108.62,125.05,46.91,18.01,64.09,23.0,,,
2011-08-22,45.66,108.36,125.0,46.53,17.74,65.34,23.6,,,
2011-08-23,45.61,109.31,124.95,46.5,18.01,64.54,23.95,,,
2011-08-24,45.54,110.15,124.9,45.81,18.28,65.52,24.11,,,
2011-08-25,45.94,,124.85,45.79,18.5,66.38,23.99,,,
2011-08-26,46.01,111.36,124.75,46.48,18.33,67.27,24.02,,,
2011-08-29,46.15,111.88,124.4,47.69,18.36,67.83,24.89,,,
2011-08-30,45.85,114.02,124.7,47.48,18.34,67.7,25.06,,,
2011-08-31,45.94,114.85,125.65,46.78,18.24,66.69,25.27,,,
2011-09-01,45.74,114.29,126.2,46.26,17.97,67.08,25.28,,,
2011-09-02,45.7,112.33,126.15,46.96,17.71,66.93,25.64,,,
2011-09-05,45.74,,,46.51,17.63,67.48,25.96,,,
2011-09-06,45.98,112.89,126.2,47.21,17.59,67.24,25.58,,,
2011-09-07,46.04,115.8,126.2,47.93,17.75,67.27,25.8,,,
2011-09-08,46.04,114.55,126.0,48.65,18.01,66.27,25.87,,,
2011-09-09,46.13,112.77,125.3,48.56,18.29,66.02,25.64,,,
2011-09-12,46.64,112.25,125.05,48.74,18.06,65.29,25.12,,,
2011-09-13,47.16,111.89,124.65,48.06,18.33,65.71,25.21,,,
2011-09-14,47.46,112.4,124.4,48.19,18.38,65.17,25.47,,,
2011-09-15,47.56,115.34,124.5,47.56,18.1,65.21,25.64,,,
2011-09-16,47.5,112.22,124.5,47.23,18.33,64.24,25.52,,,
2011-09-19,47.17,109.14,124.45,46.12,18.49,66.2,25.69,,,
2011-09-20,47.72,110.54,124.2,45.82,18.58,66.25,25.51,,,
2011-09-21,47.91,110.36,124.2,46.29,18.3,66.4,25.67,,,
2011-09-22,48.21,105.49,124.0,45.68,18.22,65.5,26.06,,,
2011-09-23,49.47,103.97,123.95,45.8,18.38,64.77,26.17,,,
2011-09-26,49.34,,123.9,45.8,18.8,65.46,26.14,,,
2011-09-27,49.4,107.14,123.65,45.68,18.71,66.45,25.75,,,
2011-09-28,48.81,103.81,123.55,46.33,18.75,66.76,26.0,,,
2011-09-29,48.75,103.95,123.45,46.44,18.47,66.86,25.88,,,
2011-09-30,48.86,102.76,123.5,46.15,18.37,65.87,25.78,,,
2011-10-03,49.05,101.71,119.8,46.19,18.35,65.2,25.83,,,
2011-10-04,49.1,99.79,118.1,46.42,18.1,66.08,26.22,,,
2011-10-05,49.3,,118.25,46.25,18.34,67.05,26.61,,,
2011-10-06,49.15,105.73,118.85,45.79,18.47,66.61,26.96,,,
2011-10-07,49.04,105.88,118.7,45.31,18.67,66.24,27.12,,,
2011-10-10,48.89,108.95,118.9,45.93,18.29,64.05,27.06,,,
2011-10-11,48.81,110.73,118.85,46.19,18.22,63.1,26.92,,,
2011-10-12,49.24,111.36,118.95,45.5,18.08,63.71,27.32,,,
2011-10-13,48.91,111.11,117.75,45.18,18.0,64.06,27.34,,,
2011-10-14,49.2,114.68,117.9,45.17,18.2,64.57,26.94,,,
2011-10-17,48.89,110.16,117.9,43.83,18.31,62.82,27.54,,,
2011-10-18,48.9,111.15,117.0,43.99,18.3,62.88,27.95,,,
2011-10-19,49.24,108.39,116.25,43.89,18.52,62.76,27.53,,,
2011-10-20,49.01,109.76,116.25,43.24,18.25,62.51,27.12,,,
2011-10-21,49.86,109.56,117.0,42.6,18.09,63.45,27.19,,,
2011-10-24,49.82,111.45,117.15,41.89,18.33,65.78,27.98,,,
2011-10-25,49.55,110.92,117.3,41.64,18.43,66.77,27.58,,,
2011-10-26,49.41,108.91,117.15,41.38,18.29,65.78,27.65,,,
2011-10-27,49.36,112.08,117.45,42.01,18.41,66.33,27.85,,,
2011-10-28,49.79,109.91,117.55,41.82,18.69,65.94,27.44,,,
2011-10-31,48.63,109.56,117.7,41.46,19.08,65.67,27.1,,,
2011-11-01,48.67,109.54,116.5,41.84,19.23,64.71,27.26,,,
2011-11-02,49.26,109.34,116.5,41.95,19.35,64.34,26.89,,,
2011-11-03,49.12,110.83,117.4,42.21,19.64,63.63,27.03,,,
2011-11-04,49.05,111.97,117.55,42.85,19.92,63.02,27.21,,,
2011-11-07,48.99,114.56,117.75,42.71,19.96,63.19,26.79,,,
2011-11-08,48.91,115.0,117.5,42.86,19.72,64.14,26.88,,,
2011-11-09,49.31,112.31,116.9,42.83,19.65,64.91,26.79,,,
2011-11-10,50.05,113.71,116.6,42.62,19.63,65.28,27.2,,,
2011-11-11,49.96,114.16,116.6,42.33,19.34,65.97,27.35,,,
2011-11-14,50.03,111.89,116.45,42.25,19.56,67.52,26.92,,,
2011-11-15,50.37,112.39,116.4,42.04,19.85,66.52,27.1,,,
2011-11-16,50.62,111.88,116.45,41.48,19.79,66.8,27.08,,,
2011-11-17,50.7,108.22,116.4,41.25,19.79,67.54,27.05,,,
2011-11-18,50.95,107.56,116.35,41.88,19.87,67.27,27.08,,,
2011-11-21,51.23,,116.2,41.43,19.73,65.83,27.02,,,
2011-11-22,52.06,109.03,116.2,41.81,19.71,64.85,26.75,,,
2011-11-23,52.48,107.02,116.15,42.16,19.76,63.88,26.71,,,
2011-11-24,52.26,,,42.8,19.46,64.49,27.11,,,
2011-11-25,52.06,106.4,115.35,42.71,19.47,63.53,27.52,,,
2011-11-28,52.23,109.0,111.2,43.76,19.5,62.03,27.21,,,
2011-11-29,51.94,110.82,111.1,43.38,19.79,61.11,26.81,,,
2011-11-30,51.9,,112.0,43.78,19.7,61.46,27.07,,,
2011-12-01,51.73,108.99,111.95,43.68,19.76,60.54,27.1,,,
2011-12-02,51.3,109.94,112.1,43.64,20.06,61.46,27.17,,,
2011-12-05,51.1,109.81,112.1,43.77,20.07,60.86,27.28,,,
2011-12-06,51.2,110.81,111.75,43.89,20.37,61.07,27.32,,,
2011-12-07,51.2,109.53,111.35,44.55,20.3,61.1,27.16,,,
2011-12-08,51.6,108.11,111.15,45.08,20.61,60.74,27.01,,,
2011-12-09,51.7,108.62,111.2,45.56,20.58,61.04,27.09,,,
2011-12-12,51.87,107.26,111.4,45.35,20.46,61.16,27.24,,,
2011-12-13,52.65,109.5,111.4,45.83,20.62,62.08,26.85,,,
2011-12-14,53.1,105.02,111.2,46.52,20.32,62.7,26.97,,,
2011-12-15,53.71,105.09,111.0,46.19,20.32,63.53,26.81,,,
2011-12-16,53.21,103.35,111.05,46.07,20.2,63.69,27.07,,,
2011-12-19,52.49,103.64,111.1,45.72,19.63,62.44,26.96,,,
2011-12-20,52.7,106.73,111.1,45.46,19.62,63.28,27.0,,,
2011-12-21,52.71,107.71,111.15,45.82,19.33,64.23,26.78,,,
2011-12-22,52.39,107.89,111.2,45.71,19.41,65.12,26.39,,,
2011-12-23,52.51,107.96,111.25,45.89,19.7,64.15,26.12,,,
2011-12-26,52.78,,,44.64,20.27,64.24,26.16,,,
2011-12-27,52.7,109.27,111.25,44.54,20.58,64.29,25.77,,,
2011-12-28,52.85,107.56,111.3,43.88,20.89,63.44,25.81,,,
2011-12-29,52.86,108.01,111.4,44.52,20.76,64.39,25.82,,,
2011-12-30,53.0,107.38,111.5,44.94,20.56,64.85,25.67,,,
2012-01-02,53.01,,,45.36,21.18,63.55,26.14,,,
2012-01-03,53.3,112.13,109.45,46.05,21.5,63.59,26.32,,,
2012-01-04,53.05,113.7,109.6,46.57,21.51,64.34,25.95,,,
2012-01-05,52.85,112.74,110.1,46.44,21.63,64.84,26.34,,,
2012-01-06,52.76,113.06,110.05,47.08,21.35,64.6,26.68,,,
2012-01-09,52.67,112.45,109.55,45.67,21.5,63.49,26.78,,,
2012-01-10,52.38,113.28,109.0,45.39,21.4,63.38,26.62,,,
2012-01-11,51.6,112.24,108.5,44.82,21.22,63.4,26.56,,,
2012-01-12,51.75,111.26,108.3,45.48,21.02,62.61,26.16,,,
2012-01-13,51.45,110.44,107.4,45.34,20.88,63.17,25.77,,,
2012-01-16,51.43,,,44.56,20.67,61.81,26.44,,,
2012-01-17,51.38,111.53,106.6,44.7,20.87,62.02,26.65,,,
2012-01-18,50.65,110.66,106.7,44.04,21.12,62.1,26.63,,,
2012-01-19,50.36,111.55,106.7,44.0,21.44,62.47,26.5,,,
2012-01-20,50.3,109.86,106.55,43.35,21.77,63.27,26.6,,,
2012-01-23,50.22,110.58,106.4,44.55,20.91,63.53,27.26,,,
2012-01-24,49.84,110.03,106.3,45.22,20.78,63.29,27.19,,,
2012-01-25,50.0,109.81,106.25,44.77,20.7,62.41,26.87,,,
2012-01-26,50.0,110.79,106.1,45.06,20.58,63.36,26.87,,,
2012-01-27,52.49,111.46,106.1,45.17,20.64,64.32,26.9,,,
2012-01-30,49.39,110.75,105.45,46.41,20.15,65.93,27.55,,,
2012-01-31,52.49,110.98,102.95,46.57,19.89,66.27,27.14,,,
2012-02-01,49.5,111.56,101.1,45.88,19.75,65.29,27.55,,,
2012-02-02,49.01,112.07,101.8,45.36,19.69,65.22,27.14,,,
2012-02-03,49.0,114.58,101.35,45.29,19.41,64.43,27.55,,,
2012-02-06,48.65,115.93,100.95,45.41,18.97,65.61,27.37,,,
2012-02-07,49.05,116.23,100.3,46.1,18.71,66.46,27.5,,,
2012-02-08,49.04,117.2,99.8,46.44,18.51,66.73,27.5,,,
2012-02-09,49.15,118.59,99.75,46.48,18.23,66.49,27.46,,,
2012-02-10,49.49,117.31,99.35,46.36,18.19,67.49,27.87,,,
2012-02-13,49.35,117.93,99.2,46.03,18.3,67.83,27.99,,,
2012-02-14,49.19,118.16,99.15,45.35,18.29,67.45,28.17,,,
2012-02-15,49.36,118.93,99.05,45.53,18.1,67.49,27.99,,,
2012-02-16,49.28,120.11,99.15,45.45,18.19,66.49,28.26,,,
2012-02-17,49.28,119.58,99.25,44.77,18.35,65.5,28.2,,,
2012-02-20,49.32,,,44.77,18.78,67.15,27.63,,,
2012-02-21,49.15,121.66,99.3,45.07,19.0,66.48,27.46,,,
2012-02-22,49.3,122.9,99.35,44.4,19.04,65.49,27.69,,,
2012-02-23,49.22,123.62,99.4,44.66,19.21,66.21,27.69,,,
2012-02-24,49.09,125.47,99.35,43.99,19.01,65.7,27.27,,,
2012-02-27,49.01,124.17,100.75,44.28,19.07,67.11,27.09,,,
2012-02-28,49.17,121.55,99.05,44.94,19.2,67.15,27.5,,,
2012-02-29,49.07,122.66,97.75,44.28,19.47,67.51,27.16,,,
2012-03-01,49.0,126.2,97.15,43.62,19.18,67.4,27.45,,,
2012-03-02,49.2,123.65,96.55,43.31,18.94,66.81,27.2,,,
2012-03-05,49.52,123.8,96.85,42.56,19.11,64.78,26.55,,,
2012-03-06,49.83,121.98,96.75,42.34,19.24,65.76,26.72,,,
2012-03-07,50.36,124.12,97.05,42.62,19.22,66.44,26.85,,,
2012-03-08,50.28,125.44,97.45,43.24,19.09,66.65,27.22,,,
2012-03-09,50.07,125.98,97.3,43.0,18.97,65.98,27.21,,,
2012-03-12,49.75,125.34,97.1,42.74,18.9,67.81,27.9,,,
2012-03-13,49.97,126.22,97.05,42.55,18.83,66.89,27.49,,,
2012-03-14,49.83,124.97,96.8,42.65,19.12,66.19,27.29,,,
2012-03-15,49.91,123.55,96.75,42.88,19.4,65.42,27.46,,,
2012-03-16,50.38,125.81,96.8,42.62,19.47,64.44,27.43,,,
2012-03-19,50.13,125.71,96.8,41.68,19.61,63.07,27.27,,,
2012-03-20,50.23,124.12,96.75,41.91,19.9,62.14,27.31,,,
2012-03-21,50.39,124.2,96.75,41.42,20.09,63.07,26.93,,,
2012-03-22,50.63,123.14,96.75,41.45,20.4,62.14,27.13,,,
2012-03-23,51.12,125.13,96.65,41.67,20.41,62.65,26.73,,,
2012-03-26,51.17,125.65,96.65,41.12,20.48,64.53,27.42,,,
2012-03-27,51.02,125.54,96.75,41.02,20.79,64.08,27.64,,,
2012-03-28,50.68,124.16,96.85,41.32,20.63,63.46,27.35,,,
2012-03-29,50.77,122.39,96.95,41.4,20.4,64.42,27.76,,,
2012-03-30,51.34,122.88,97.1,41.11,20.43,63.46,28.18,,,
2012-04-02,50.87,125.43,101.25,40.96,20.42,63.22,28.16,,,
2012-04-03,50.87,124.86,99.75,41.54,20.73,63.53,28.58,,,
2012-04-04,50.25,122.34,98.45,41.37,20.42,63.71,28.16,,,
2012-04-05,51.11,123.43,98.3,41.59,20.73,64.12,27.82,,,
2012-04-06,51.03,,,42.19,20.53,64.25,27.78,,,
2012-04-09,51.03,122.67,98.3,41.07,20.22,64.13,27.76,,,
2012-04-10,51.05,119.88,97.85,40.69,19.93,64.14,27.35,,,
2012-04-11,51.47,120.18,97.2,41.31,19.63,63.5,27.39,,,
2012-04-12,51.46,121.71,97.4,40.88,19.63,62.81,27.2,,,
2012-04-13,51.23,121.83,97.4,40.62,19.88,62.52,27.61,,,
2012-04-16,51.54,118.68,97.1,39.95,20.18,63.27,27.64,,,
2012-04-17,51.67,118.78,97.0,40.1,20.17,62.83,27.9,,,
2012-04-18,51.47,117.97,97.0,39.94,19.87,63.01,27.98,,,
2012-04-19,51.79,118.0,96.9,39.9,19.58,63.12,27.94,,,
2012-04-20,52.14,118.76,96.85,39.65,19.52,62.58,27.68,,,
2012-04-23,52.07,118.71,96.8,39.81,19.9,63.71,27.41,,,
2012-04-24,52.5,118.16,96.65,39.82,20.06,63.92,27.83,,,
2012-04-25,52.67,119.12,96.5,39.93,19.98,63.29,28.01,,,
2012-04-26,52.54,119.92,96.4,40.26,19.69,64.25,28.23,,,
2012-04-27,52.4,119.83,96.25,39.66,19.79,63.67,28.1,,,
2012-04-30,52.54,119.47,91.2,40.97,19.42,63.39,28.07,,,
2012-05-01,52.66,119.66,89.65,40.61,19.25,63.13,28.28,,,
2012-05-02,52.53,118.2,88.6,41.23,19.28,62.65,28.28,,,
2012-05-03,52.96,116.08,89.15,41.62,19.08,63.6,28.01,,,
2012-05-04,53.41,113.18,88.9,41.9,19.07,63.92,28.27,,,
2012-05-07,53.47,113.16,88.9,42.5,18.81,64.81,27.44,,,
2012-05-08,52.9,112.73,87.15,42.58,18.65,65.79,27.54,,,
2012-05-09,53.12,113.2,87.6,41.94,18.39,65.57,27.27,,,
2012-05-10,53.82,112.73,88.3,41.39,18.48,64.59,27.41,,,
2012-05-11,53.25,112.26,88.35,41.3,18.62,65.39,27.16,,,
2012-05-14,53.63,111.57,87.8,42.04,18.64,66.39,27.49,,,
2012-05-15,53.96,112.24,87.75,41.41,18.92,66.05,27.81,,,
2012-05-16,53.79,111.71,87.4,41.49,18.76,66.07,28.23,,,
2012-05-17,54.49,107.49,87.4,40.87,18.49,65.95,28.24,,,
2012-05-18,54.47,107.14,86.9,41.24,18.58,65.41,28.52,,,
2012-05-21,54.42,108.81,86.95,40.98,18.5,66.4,28.96,,,
2012-05-22,55.03,108.41,86.5,41.6,18.49,67.23,28.52,,,
2012-05-23,55.39,105.56,86.75,42.13,18.37,66.23,28.1,,,
2012-05-24,55.99,106.55,86.75,42.43,18.3,66.02,28.52,,,
2012-05-25,55.56,106.83,86.75,42.36,18.5,65.87,28.69,,,
2012-05-28,55.37,,,42.74,18.64,65.36,28.88,,,
2012-05-29,55.37,106.68,89.05,43.39,18.56,65.26,28.76,,,
2012-05-30,55.67,103.47,88.65,43.95,18.28,64.59,28.67,,,
2012-05-31,56.23,101.87,88.25,43.57,18.19,63.81,28.93,,,
2012-06-01,56.08,98.43,88.25,43.76,17.92,64.64,28.69,,,
2012-06-04,55.54,98.85,88.25,43.65,17.9,64.83,28.26,,,
2012-06-05,55.65,98.84,88.25,43.0,17.84,64.63,28.01,,,
2012-06-06,55.64,100.64,87.55,42.4,17.92,64.69,27.83,,,
2012-06-07,55.36,99.93,87.25,42.26,17.65,65.66,28.04,,,
2012-06-08,54.94,99.47,86.95,42.11,17.64,65.02,27.81,,,
2012-06-11,55.42,98.0,86.45,41.83,17.08,65.01,26.97,,,
2012-06-12,55.66,97.14,86.3,41.74,17.34,65.99,27.13,,,
2012-06-13,55.8,97.13,86.45,41.36,17.42,65.01,27.07,,,
2012-06-14,55.68,97.03,86.1,41.89,17.43,65.93,27.21,,,
2012-06-15,55.8,97.61,86.1,42.52,17.42,66.7,26.8,,,
2012-06-18,55.39,96.05,86.1,42.22,17.24,68.04,27.2,,,
2012-06-19,55.9,95.76,86.1,42.04,16.98,69.07,27.46,,,
2012-06-20,55.95,92.69,86.2,41.97,17.11,69.75,27.24,,,
2012-06-21,56.15,89.23,86.25,42.35,17.03,70.8,27.17,,,
2012-06-22,56.3,90.98,86.4,41.72,17.21,71.76,27.17,,,
2012-06-25,57.12,91.01,86.5,42.18,17.04,70.28,27.89,,,
2012-06-26,57.01,93.02,86.65,42.14,16.85,69.24,27.83,,,
2012-06-27,57.01,93.5,86.75,42.12,16.6,69.03,28.1,,,
2012-06-28,56.85,91.36,86.85,41.49,16.38,69.94,28.2,,,
2012-06-29,56.8,97.8,87.0,42.12,16.63,69.94,28.22,,,
2012-07-02,55.5,97.34,90.1,42.86,17.2,70.89,27.57,,,
2012-07-03,55.43,100.68,90.45,42.34,17.04,70.98,27.56,,,
2012-07-04,54.36,,,42.58,16.95,71.46,27.59,,,
2012-07-05,54.48,100.7,89.7,42.45,17.08,71.6,27.18,,,
2012-07-06,54.94,98.19,89.65,42.89,17.18,71.76,27.1,,,
2012-07-09,55.4,100.32,89.5,41.9,17.05,71.64,27.09,,,
2012-07-10,55.84,97.97,89.05,42.12,17.02,72.72,26.96,,,
2012-07-11,55.39,100.23,88.85,42.36,16.95,71.64,27.14,,,
2012-07-12,55.62,101.07,88.4,42.0,16.98,70.57,27.33,,,
2012-07-13,55.93,102.4,88.5,41.65,16.92,70.65,27.25,,,
2012-07-16,55.14,103.55,88.6,41.57,17.18,72.06,27.84,,,
2012-07-17,55.05,104.0,88.75,41.39,16.92,72.12,27.77,,,
2012-07-18,55.1,105.16,88.95,40.77,16.89,71.96,27.49,,,
2012-07-19,55.31,107.8,89.0,40.59,16.79,72.73,27.37,,,
2012-07-20,55.12,106.83,89.05,40.09,17.04,72.2,27.02,,,
2012-07-23,55.32,103.26,89.0,38.97,17.07,72.57,27.27,,,
2012-07-24,55.96,103.42,89.0,39.55,16.81,73.66,26.97,,,
2012-07-25,56.11,104.38,89.0,39.71,16.82,74.39,27.24,,,
2012-07-26,56.16,105.26,89.05,39.42,16.89,75.05,27.25,,,
2012-07-27,55.52,106.47,89.15,39.64,16.81,75.0,27.34,,,
2012-07-30,55.25,106.2,92.5,38.56,16.57,75.89,27.31,,,
2012-07-31,55.42,104.92,94.15,37.99,16.33,74.93,26.9,,,
2012-08-01,55.65,105.96,94.55,37.81,16.1,76.04,26.59,,,
2012-08-02,55.47,105.9,93.6,37.88,15.97,76.35,26.42,,,
2012-08-03,55.84,108.94,94.1,37.84,16.21,77.5,26.19,,,
2012-08-06,55.75,109.55,94.8,37.51,16.12,79.61,26.34,,,
2012-08-07,55.52,112.0,95.15,36.95,16.37,78.56,26.18,,,
2012-08-08,55.06,112.14,95.35,37.3,16.61,79.57,26.03,,,
2012-08-09,55.42,113.22,95.25,36.85,16.6,79.81,25.94,,,
2012-08-10,55.27,112.95,95.1,36.52,16.5,80.42,25.61,,,
2012-08-13,55.28,113.6,95.4,36.19,16.22,79.67,25.65,,,
2012-08-14,55.34,114.03,95.25,36.42,16.34,79.41,25.6,,,
2012-08-15,55.65,116.25,94.85,36.85,16.43,80.33,25.61,,,
2012-08-16,55.65,116.9,94.6,37.08,16.55,80.96,25.59,,,
2012-08-17,55.62,113.71,94.55,36.59,16.8,79.96,25.53,,,
2012-08-20,55.73,113.7,94.45,36.66,17.33,78.69,25.44,,,
2012-08-21,55.5,114.64,94.5,36.14,17.25,78.57,25.4,,,
2012-08-22,55.36,114.91,94.45,36.53,17.52,77.96,25.03,,,
2012-08-23,55.49,115.01,94.4,36.93,17.76,78.95,25.22,,,
2012-08-24,55.26,113.59,94.3,37.48,17.99,79.27,25.45,,,
2012-08-27,55.5,112.26,94.3,38.19,17.6,80.06,24.86,,,
2012-08-28,55.69,112.58,94.2,37.91,17.59,81.27,25.15,,,
2012-08-29,55.66,112.54,94.05,37.35,17.85,81.17,25.36,,,
2012-08-30,55.62,112.65,93.95,36.79,17.78,82.4,25.72,,,
2012-08-31,55.63,114.57,93.8,37.11,17.97,83.03,26.11,,,
2012-09-03,55.52,,,36.59,18.37,84.1,26.4,,,
2012-09-04,55.53,114.18,92.5,36.67,18.1,85.24,26.0,,,
2012-09-05,55.65,113.09,92.3,36.86,17.83,83.97,25.95,,,
2012-09-06,55.9,113.49,92.3,36.96,17.62,83.2,25.84,,,
2012-09-07,55.66,114.25,92.3,37.52,17.43,82.52,26.11,,,
2012-09-10,55.36,114.81,91.65,36.46,17.67,82.78,26.07,,,
2012-09-11,55.44,115.4,91.2,36.83,17.81,82.74,26.36,,,
2012-09-12,55.34,115.96,90.75,37.23,17.59,83.39,26.34,,,
2012-09-13,55.21,116.9,90.4,37.43,17.33,84.06,26.5,,,
2012-09-14,55.42,,90.5,37.97,17.42,82.81,26.1,,,
2012-09-17,54.3,,90.4,38.58,17.23,81.31,26.34,,,
2012-09-18,54.01,112.03,90.3,38.92,17.5,80.98,25.95,,,
2012-09-19,54.02,108.19,90.25,39.51,17.76,81.01,25.97,,,
2012-09-20,54.02,110.03,90.2,38.92,17.8,79.8,25.72,,,
2012-09-21,54.26,111.42,90.05,38.68,17.95,79.46,25.44,,,
2012-09-24,53.36,109.81,89.9,38.2,18.33,82.71,25.59,,,
2012-09-25,53.47,110.45,89.7,38.55,18.4,81.48,25.98,,,
2012-09-26,53.36,110.04,89.5,39.13,18.62,82.71,25.59,,,
2012-09-27,53.51,112.01,89.4,39.46,18.67,83.56,25.83,,,
2012-09-28,53.01,112.39,89.3,39.6,18.95,83.43,26.09,,,
2012-10-01,52.85,112.19,86.95,39.32,19.0,82.61,25.29,,,
2012-10-02,52.4,111.57,87.25,39.69,18.77,83.02,25.13,,,
2012-10-03,52.4,108.17,86.95,39.68,19.06,83.1,25.2,,,
2012-10-04,52.15,112.58,87.4,39.48,19.04,84.36,25.58,,,
2012-10-05,51.74,112.02,87.7,38.89,19.32,84.22,25.92,,,
2012-10-08,51.91,111.82,87.9,38.4,19.85,84.7,25.68,,,
2012-10-09,52.64,114.5,87.8,38.49,19.96,85.68,25.45,,,
2012-10-10,52.72,114.33,87.4,38.96,19.67,85.44,25.44,,,
2012-10-11,53.04,115.71,87.0,38.38,19.7,84.26,25.06,,,
2012-10-12,52.67,114.62,86.6,38.46,19.41,84.26,25.41,,,
2012-10-15,52.8,115.8,86.35,39.5,18.89,87.68,24.97,,,
2012-10-16,53.01,115.07,86.4,38.91,19.17,87.32,25.35,,,
2012-10-17,52.87,,86.65,39.41,19.44,86.13,25.26,,,
2012-10-18,52.87,,86.7,39.33,19.44,85.75,25.25,,,
2012-10-19,53.41,110.14,86.75,39.7,19.49,84.47,25.52,,,
2012-10-22,53.84,109.44,86.8,39.67,19.4,84.69,25.35,,,
2012-10-23,53.47,108.25,86.75,39.08,19.65,83.43,24.97,,,
2012-10-24,53.72,107.85,86.7,39.37,19.59,82.58,25.05,,,
2012-10-25,53.73,108.49,86.65,39.51,19.48,81.75,25.02,,,
2012-10-26,53.55,109.55,86.6,39.82,19.49,82.99,24.89,,,
2012-10-29,53.55,,,40.58,19.29,81.87,24.51,,,
2012-10-30,54.08,,,40.16,19.41,83.08,24.77,,,
2012-10-31,53.96,108.7,86.6,39.82,19.7,83.78,24.68,,,
2012-11-01,53.88,108.17,,40.39,19.52,83.93,24.55,,,
2012-11-02,53.65,105.68,,41.0,19.49,83.29,24.3,,,
2012-11-05,53.81,107.73,86.55,40.47,19.62,82.96,24.69,,,
2012-11-06,54.59,111.07,87.25,41.05,19.76,81.72,24.8,,,
2012-11-07,54.42,106.82,86.85,41.38,20.04,80.5,24.71,,,
2012-11-08,54.2,107.25,87.3,42.0,19.88,80.79,24.37,,,
2012-11-09,54.36,109.4,87.25,41.57,19.64,81.18,24.08,,,
2012-11-12,54.59,109.07,87.55,41.82,19.46,78.25,24.08,,,
2012-11-13,54.88,108.26,87.35,41.72,19.17,79.43,23.75,,,
2012-11-14,54.88,109.61,87.5,41.28,19.46,78.25,23.41,,,
2012-11-15,54.8,110.98,88.05,41.72,19.76,78.85,23.2,,,
2012-11-16,54.7,,88.25,42.09,19.76,78.82,23.55,,,
2012-11-19,55.16,110.84,88.4,42.86,19.99,79.2,23.89,,,
2012-11-20,55.06,109.83,88.4,42.93,19.83,78.03,23.85,,,
2012-11-21,55.1,110.86,88.45,42.97,19.8,76.86,24.21,,,
2012-11-22,55.11,,,43.26,19.51,77.51,24.58,,,
2012-11-23,55.21,111.38,88.8,42.82,19.63,76.36,24.88,,,
2012-11-26,55.44,110.92,88.95,42.65,19.24,78.03,25.13,,,
2012-11-27,55.64,109.87,89.1,42.01,18.98,77.31,24.75,,,
2012-11-28,55.45,109.51,89.25,42.65,18.78,76.16,24.56,,,
2012-11-29,55.7,110.76,89.4,42.48,18.84,76.71,24.28,,,
2012-11-30,54.84,111.23,89.5,42.38,18.56,77.87,24.09,,,
2012-12-03,54.26,110.92,,42.55,18.82,75.74,24.92,,,
2012-12-04,54.77,109.84,,41.92,18.94,76.35,25.16,,,
2012-12-05,54.67,108.81,92.1,42.55,18.71,77.51,24.79,,,
2012-12-06,54.54,107.03,91.3,42.73,18.62,76.35,25.0,,,
2012-12-07,54.13,107.02,90.65,42.11,18.63,75.22,25.29,,,
2012-12-10,54.34,107.33,90.45,41.73,18.82,76.44,24.77,,,
2012-12-11,54.49,108.01,89.7,41.16,19.05,75.71,24.4,,,
2012-12-12,54.26,109.5,89.15,41.73,18.97,76.24,24.77,,,
2012-12-13,54.32,107.91,89.35,41.9,19.26,77.27,24.47,,,
2012-12-14,54.46,109.15,89.6,41.43,19.22,77.6,24.26,,,
2012-12-17,54.44,,90.05,41.58,18.97,78.14,24.41,,,
2012-12-18,54.85,,90.25,42.12,18.79,78.39,24.35,,,
2012-12-19,54.85,110.36,90.35,42.39,18.64,78.91,24.46,,,
2012-12-20,54.55,110.2,90.25,42.58,18.92,79.17,24.39,,,
2012-12-21,54.85,108.97,90.15,43.22,19.21,77.99,24.43,,,
2012-12-24,55.06,108.8,90.15,42.85,19.71,77.3,24.48,,,
2012-12-25,54.95,,,43.5,19.81,77.34,24.84,,,
2012-12-26,55.01,111.07,90.15,42.97,20.06,76.32,24.73,,,
2012-12-27,54.84,110.8,90.1,42.79,20.11,75.18,24.68,,,
2012-12-28,54.94,110.62,89.95,43.0,20.1,74.06,24.75,,,
2012-12-31,54.75,111.11,89.96,43.06,20.14,75.65,24.75,,,
2013-01-01,54.99,,,43.71,20.23,74.95,24.38,,,
2013-01-02,54.68,112.47,,43.81,20.23,73.84,24.3,,,
2013-01-03,54.35,112.14,,43.34,20.53,73.09,24.61,,,
2013-01-04,54.5,111.31,88.25,42.7,20.23,73.83,24.4,,,
2013-01-07,54.88,111.4,87.35,43.65,20.86,75.67,24.05,,,
2013-01-08,55.22,111.94,86.8,43.65,20.85,76.81,24.33,,,
2013-01-09,54.99,111.76,86.8,43.35,20.9,76.47,24.03,,,
2013-01-10,54.75,111.89,86.65,42.79,21.17,77.62,24.12,,,
2013-01-11,54.56,110.64,86.45,43.22,21.49,77.21,24.21,,,
2013-01-14,54.87,111.88,86.3,43.7,21.81,74.1,23.74,,,
2013-01-15,54.49,110.3,86.2,44.0,21.49,74.79,23.89,,,
2013-01-16,54.61,110.61,86.25,44.67,21.3,74.02,23.53,,,
2013-01-17,54.69,110.61,86.25,44.0,21.62,72.96,23.44,,,
2013-01-18,54.35,110.61,86.25,43.35,21.93,73.7,23.37,,,
2013-01-21,53.74,,,44.19,21.7,75.6,24.0,,,
2013-01-22,53.77,112.42,86.25,44.57,21.54,74.81,24.16,,,
2013-01-23,53.81,112.8,86.2,44.44,21.86,74.89,24.32,,,
2013-01-24,53.67,113.28,86.2,43.9,21.68,75.03,24.22,,,
2013-01-25,53.68,113.28,86.2,44.56,21.71,74.07,24.52,,,
2013-01-28,53.79,113.48,86.22,44.56,21.59,73.37,23.99,,,
2013-01-29,53.91,114.36,86.22,45.24,21.56,72.96,24.13,,,
2013-01-30,53.76,114.9,,45.61,21.24,74.06,23.77,,,
2013-01-31,53.3,115.55,86.22,45.54,20.93,73.58,23.52,,,
2013-02-01,53.21,116.76,,45.26,20.93,74.5,23.17,,,
2013-02-04,53.16,115.6,,45.35,20.62,76.89,23.69,,,
2013-02-05,53.28,116.52,86.4,45.03,20.4,78.06,23.84,,,
2013-02-06,53.13,116.73,86.45,44.94,20.41,78.48,23.99,,,
2013-02-07,53.15,117.24,86.7,44.99,20.31,79.66,24.35,,,
2013-02-08,53.22,118.9,87.45,44.32,20.03,78.48,24.16,,,
2013-02-11,53.59,118.13,87.25,43.44,19.45,78.16,24.02,,,
2013-02-12,53.96,118.66,87.2,42.8,19.75,78.8,24.38,,,
2013-02-13,53.85,118.72,87.2,42.16,19.77,77.62,24.39,,,
2013-02-14,53.82,118.58,87.15,41.53,20.07,76.92,24.14,,,
2013-02-15,53.92,118.58,87.1,41.18,20.2,75.78,23.81,,,
2013-02-18,54.32,,,41.64,20.11,77.84,24.12,,,
2013-02-19,54.18,117.52,87.35,41.84,20.42,78.72,23.92,,,
2013-02-20,54.16,115.6,87.45,41.91,20.27,79.22,23.57,,,
2013-02-21,54.07,113.53,87.55,41.87,20.57,78.58,23.74,,,
2013-02-22,54.47,114.1,87.65,41.27,20.88,77.44,23.56,,,
2013-02-25,54.27,114.44,87.66,41.9,20.35,76.78,23.98,,,
2013-02-26,53.86,112.71,87.66,41.39,20.19,75.64,23.91,,,
2013-02-27,54.09,111.87,,41.25,19.89,74.63,24.1,,,
2013-02-28,53.86,111.38,,40.78,20.0,75.76,23.84,,,
2013-03-01,54.36,110.4,,41.03,19.7,76.91,23.49,,,
2013-03-04,54.9,110.09,,41.89,19.72,76.94,23.56,,,
2013-03-05,54.86,111.61,88.2,41.99,20.02,75.94,23.21,,,
2013-03-06,54.92,111.06,88.2,42.52,20.16,77.09,22.87,,,
2013-03-07,54.71,111.15,88.2,43.09,20.35,78.26,22.88,,,
2013-03-08,54.56,110.85,88.05,42.8,20.16,77.29,23.23,,,
2013-03-11,54.34,110.22,88.05,42.87,20.6,76.28,23.08,,,
2013-03-12,54.41,109.65,88.15,42.94,20.91,77.43,23.43,,,
2013-03-13,54.14,108.52,87.85,42.3,20.92,76.28,23.64,,,
2013-03-14,54.36,109.42,87.6,41.9,21.23,76.78,23.38,,,
2013-03-15,54.35,109.38,87.45,41.87,21.31,77.57,23.39,,,
2013-03-18,54.02,,87.2,41.83,21.26,78.57,23.4,,,
2013-03-19,54.07,107.45,86.95,42.09,21.06,79.76,23.17,,,
2013-03-20,54.37,108.72,86.6,42.72,20.83,78.57,22.83,,,
2013-03-21,54.35,107.47,86.35,43.37,21.15,78.19,22.85,,,
2013-03-22,54.28,107.66,86.2,43.16,21.09,78.12,22.83,,,
2013-03-25,54.34,108.17,86.05,43.82,20.41,74.95,22.45,,,
2013-03-26,54.17,109.36,85.85,43.77,20.72,75.96,22.76,,,
2013-03-27,54.36,109.69,85.55,44.0,20.53,75.22,22.88,,,
2013-03-28,54.39,110.02,85.25,43.35,20.68,74.37,22.62,,,
2013-03-29,54.39,,,43.71,20.99,75.23,22.28,,,
2013-04-01,54.28,111.08,,44.32,20.72,72.64,21.92,,,
2013-04-02,54.25,110.69,78.25,43.97,21.03,71.56,21.73,,,
2013-04-03,54.42,107.11,79.7,43.76,21.29,70.49,21.58,,,
2013-04-04,54.43,106.34,80.35,44.42,21.24,71.06,21.56,,,
2013-04-05,54.88,104.12,80.95,43.98,21.03,71.94,21.77,,,
2013-04-08,54.8,104.66,81.15,44.06,21.22,74.96,21.73,,,
2013-04-09,54.56,106.23,80.45,44.17,20.91,73.85,21.6,,,
2013-04-10,54.58,105.79,80.65,43.52,20.94,74.32,21.83,,,
2013-04-11,54.51,104.27,81.1,43.24,20.94,73.77,22.03,,,
2013-04-12,54.3,103.11,81.4,42.93,20.91,73.01,22.36,,,
2013-04-15,54.51,100.39,81.35,43.33,21.09,71.42,22.15,,,
2013-04-16,54.54,100.36,81.65,42.69,21.26,72.06,22.4,,,
2013-04-17,54.15,100.36,81.45,43.24,21.37,72.55,22.19,,,
2013-04-18,54.21,99.13,81.55,43.37,21.06,72.7,22.4,,,
2013-04-19,54.02,99.65,81.7,44.03,21.14,71.81,22.2,,,
2013-04-22,53.93,100.39,81.85,45.11,21.32,73.36,22.22,,,
2013-04-23,54.14,100.31,82.0,45.79,21.06,72.27,21.9,,,
2013-04-24,54.38,101.73,82.15,46.08,20.99,71.84,21.97,,,
2013-04-25,54.27,103.41,82.3,46.03,20.83,72.69,21.92,,,
2013-04-26,54.22,103.16,82.45,46.72,21.15,73.79,21.95,,,
2013-04-29,54.37,103.81,82.46,46.85,21.61,73.05,21.77,,,
2013-04-30,54.23,102.37,82.46,46.15,21.68,73.33,21.51,,,
2013-05-01,53.8,99.95,,46.32,21.7,72.74,21.26,,,
2013-05-02,53.66,102.85,,46.4,21.93,71.66,21.17,,,
2013-05-03,53.81,104.19,83.9,46.06,21.6,72.74,21.07,,,
2013-05-06,53.78,105.46,83.9,47.23,21.82,72.14,20.96,,,
2013-05-07,54.17,104.4,83.75,46.59,21.76,72.0,20.91,,,
2013-05-08,54.13,104.34,83.75,46.53,21.47,71.82,20.6,,,
2013-05-09,54.16,104.47,83.7,46.09,21.48,72.83,20.91,,,
2013-05-10,54.25,103.91,83.3,45.88,21.18,72.89,21.22,,,
2013-05-13,54.8,102.82,82.9,44.72,21.22,71.89,21.31,,,
2013-05-14,54.83,102.6,83.1,44.65,21.35,72.5,21.64,,,
2013-05-15,54.8,103.68,83.0,44.35,21.67,73.59,21.72,,,
2013-05-16,54.78,103.8,82.7,43.69,21.49,72.6,21.75,,,
2013-05-17,54.78,103.72,82.5,44.35,21.17,73.7,21.43,,,
2013-05-20,54.89,103.72,82.55,44.75,20.83,72.24,21.26,,,
2013-05-21,55.11,103.91,82.5,44.13,20.81,71.45,20.95,,,
2013-05-22,55.41,102.6,82.45,44.8,20.64,72.53,20.77,,,
2013-05-23,55.65,102.44,82.4,45.47,20.33,73.38,20.91,,,
2013-05-24,55.71,102.64,82.35,45.56,20.22,72.83,20.6,,,
2013-05-27,55.81,,,45.54,19.81,72.94,21.04,,,
2013-05-28,55.56,104.23,82.3,45.32,20.1,74.04,21.13,,,
2013-05-29,56.11,102.43,82.2,45.39,20.41,73.57,20.81,,,
2013-05-30,56.3,102.19,82.15,45.14,20.59,72.48,20.61,,,
2013-05-31,56.38,100.39,82.05,45.03,20.28,72.64,20.92,,,
2013-06-03,56.57,102.06,,44.97,20.91,71.41,20.93,,,
2013-06-04,56.67,103.24,,44.4,21.22,71.2,20.86,,,
2013-06-05,56.44,103.04,77.65,44.03,21.07,71.51,20.99,,,
2013-06-06,56.72,103.61,77.4,43.37,20.76,70.62,21.02,,,
2013-06-07,56.84,104.56,77.1,43.88,20.55,71.11,21.11,,,
2013-06-10,56.84,103.95,76.35,44.5,20.56,69.02,20.41,,,
2013-06-11,56.84,102.96,75.5,44.34,20.57,70.06,20.28,,,
2013-06-12,56.84,103.49,75.2,43.68,20.43,70.84,20.22,,,
2013-06-13,57.83,104.25,74.3,43.49,20.31,71.91,20.48,,,
2013-06-14,58.0,104.29,74.35,43.46,20.33,73.0,20.5,,,
2013-06-17,57.5,,74.15,43.32,19.94,75.27,20.38,,,
2013-06-18,58.1,106.02,74.3,43.67,20.22,76.35,20.39,,,
2013-06-19,58.84,106.12,74.45,43.19,20.45,77.42,20.42,,,
2013-06-20,58.71,102.15,74.65,42.55,20.24,78.59,20.61,,,
2013-06-21,59.57,100.91,74.45,42.38,19.94,78.14,20.35,,,
2013-06-24,59.27,101.16,74.4,42.26,20.34,77.76,20.17,,,
2013-06-25,59.81,101.26,74.45,42.52,20.52,78.11,20.13,,,
2013-06-26,59.66,101.66,74.4,43.17,20.76,79.29,20.14,,,
2013-06-27,60.71,102.82,74.5,43.59,20.88,78.77,20.35,,,
2013-06-28,60.19,102.16,74.5,43.57,20.91,78.44,20.24,,,
2013-07-01,59.53,103.0,,43.91,20.63,77.22,19.9,,,
2013-07-02,59.38,104.0,,43.59,20.83,76.6,19.86,,,
2013-07-03,59.55,105.76,73.8,43.61,21.14,77.34,19.85,,,
2013-07-04,60.22,,,43.64,20.84,78.51,20.15,,,
2013-07-05,60.17,107.72,74.4,43.38,21.06,77.34,20.08,,,
2013-07-08,60.22,107.43,74.25,42.87,21.16,75.1,20.15,,,
2013-07-09,60.69,107.81,74.3,43.14,21.19,74.63,20.45,,,
2013-07-10,60.1,108.51,74.25,42.86,21.04,73.52,20.76,,,
2013-07-11,59.89,107.73,74.25,43.5,20.88,74.63,20.75,,,
2013-07-12,59.83,108.81,74.15,43.04,20.99,73.84,20.62,,,
2013-07-15,59.88,109.09,74.3,43.27,20.38,75.41,21.16,,,
2013-07-16,59.81,109.4,74.4,43.52,20.37,74.29,21.48,,,
2013-07-17,59.29,109.36,74.45,43.11,20.47,74.09,21.8,,,
2013-07-18,59.32,,74.45,43.33,20.78,73.99,21.71,,,
2013-07-19,59.74,108.07,74.4,43.99,20.8,74.35,21.78,,,
2013-07-22,59.33,108.15,74.45,42.95,20.91,74.61,21.61,,,
2013-07-23,59.72,108.42,74.55,42.45,20.77,74.26,21.37,,,
2013-07-24,59.76,107.19,74.7,43.1,20.79,73.53,21.05,,,
2013-07-25,59.13,107.65,74.8,42.8,20.76,73.34,21.18,,,
2013-07-26,58.96,107.17,74.95,42.2,21.04,72.51,20.88,,,
2013-07-29,59.06,107.45,74.95,42.1,20.37,72.94,21.57,,,
2013-07-30,59.41,106.91,74.95,41.58,20.49,74.04,21.24,,,
2013-07-31,60.81,107.7,,42.21,20.53,73.91,20.93,,,
2013-08-01,60.63,109.54,,42.84,20.84,74.96,20.73,,,
2013-08-02,60.43,108.95,,42.79,20.96,75.2,20.45,,,
2013-08-05,61.1,108.7,75.4,43.45,20.44,74.78,20.31,,,
2013-08-06,60.88,108.18,75.4,43.81,20.71,75.08,20.55,,,
2013-08-07,60.78,107.44,75.3,43.38,20.61,74.08,20.43,,,
2013-08-08,61.2,106.68,75.35,43.36,20.62,72.98,20.36,,,
2013-08-09,60.72,108.22,75.5,43.28,20.73,73.65,20.45,,,
2013-08-12,60.67,108.97,75.6,44.58,20.94,75.55,20.73,,,
2013-08-13,61.37,109.82,75.45,44.01,20.89,76.37,20.64,,,
2013-08-14,61.45,110.2,75.6,44.67,20.59,77.14,20.33,,,
2013-08-15,61.29,111.11,75.5,44.84,20.57,78.0,20.64,,,
2013-08-16,61.26,111.17,75.55,45.22,20.27,77.07,20.47,,,
2013-08-19,62.49,,75.55,45.28,20.79,75.5,20.25,,,
2013-08-20,63.85,110.15,75.5,44.99,20.74,75.25,20.28,,,
2013-08-21,63.36,109.81,75.55,44.32,20.85,74.13,20.31,,,
2013-08-22,64.69,109.9,75.6,44.51,20.62,75.25,20.62,,,
2013-08-23,64.41,111.04,75.6,45.18,20.52,74.97,20.47,,,
2013-08-26,64.07,110.73,75.6,44.84,20.09,75.15,20.63,,,
2013-08-27,64.29,114.36,75.65,44.91,20.17,74.62,20.83,,,
2013-08-28,66.86,116.61,75.65,44.85,20.0,74.22,20.79,,,
2013-08-29,67.35,115.16,75.65,44.18,20.03,73.88,21.01,,,
2013-08-30,67.39,114.01,75.7,44.31,19.94,73.7,21.33,,,
2013-09-02,66.59,,,43.88,19.89,76.55,21.57,,,
2013-09-03,66.51,115.68,,44.39,20.09,76.61,21.9,,,
2013-09-04,68.61,114.91,76.35,44.42,20.06,75.47,21.67,,,
2013-09-05,66.27,115.26,76.7,44.55,19.97,74.35,21.55,,,
2013-09-06,66.01,116.12,76.15,45.13,19.92,73.24,21.73,,,
2013-09-09,65.24,113.72,76.3,45.59,19.94,73.44,21.59,,,
2013-09-10,64.06,111.25,76.15,46.28,19.71,73.06,21.76,,,
2013-09-11,63.62,111.5,76.3,46.46,19.64,74.17,21.67,,,
2013-09-12,63.16,112.63,76.45,46.57,19.54,73.32,21.69,,,
2013-09-13,63.62,112.78,76.65,45.87,19.48,74.29,21.54,,,
2013-09-16,63.29,,76.6,45.23,19.18,75.36,21.15,,,
2013-09-17,63.29,,77.0,44.79,19.44,76.49,20.84,,,
2013-09-18,63.18,110.6,77.25,44.23,19.6,76.24,20.73,,,
2013-09-19,63.58,108.76,77.3,44.9,19.31,77.11,20.76,,,
2013-09-20,62.19,109.22,77.35,45.57,19.02,77.5,21.06,,,
2013-09-23,62.72,108.16,77.6,45.63,19.0,77.0,20.62,,,
2013-09-24,62.68,108.64,77.8,44.95,19.14,76.68,20.48,,,
2013-09-25,62.72,108.32,77.9,44.58,18.86,76.06,20.61,,,
2013-09-26,62.43,109.21,78.1,44.1,18.69,77.03,20.53,,,
2013-09-27,61.73,108.63,78.25,44.76,18.68,76.93,20.23,,,
2013-09-30,62.91,108.37,,45.46,18.43,73.91,20.59,,,
2013-10-01,62.58,107.94,,46.14,18.26,73.41,20.28,,,
2013-10-02,62.61,109.19,,45.46,18.0,73.45,19.98,,,
2013-10-03,62.07,109.0,82.6,46.14,18.06,73.32,19.96,,,
2013-10-04,61.96,109.46,82.9,46.79,18.24,74.42,20.04,,,
2013-10-07,61.38,109.68,83.15,47.0,18.46,74.47,19.98,,,
2013-10-08,,110.16,82.75,46.87,18.64,74.09,19.69,,,
2013-10-09,62.03,109.06,82.7,46.42,18.71,73.59,19.66,,,
2013-10-10,61.81,111.8,82.6,46.02,18.75,72.79,19.54,,,
2013-10-11,61.61,111.28,82.4,46.71,18.6,71.99,19.25,,,
2013-10-14,60.99,111.04,82.5,46.72,18.78,70.72,19.29,,,
2013-10-15,61.38,109.96,82.45,46.28,18.85,70.59,19.01,,,
2013-10-16,61.83,110.86,82.85,46.89,18.7,70.09,19.04,,,
2013-10-17,61.45,110.97,83.4,46.19,18.5,70.09,19.25,,,
2013-10-18,61.1,,83.85,45.97,18.39,71.15,19.18,,,
2013-10-21,61.24,109.64,83.55,45.95,18.79,70.86,19.82,,,
2013-10-22,60.62,109.97,83.65,46.18,18.7,70.26,19.95,,,
2013-10-23,61.19,107.8,83.9,46.56,18.76,70.61,20.2,,,
2013-10-24,61.52,106.99,83.95,46.98,18.96,71.68,20.34,,,
2013-10-25,61.45,106.93,84.0,46.43,18.82,72.76,20.44,,,
2013-10-28,61.44,109.61,84.19,47.45,19.19,74.63,19.72,,,
2013-10-29,61.51,109.01,84.19,46.75,19.39,75.47,20.01,,,
2013-10-30,61.45,109.86,,46.95,19.59,74.35,20.09,,,
2013-10-31,61.32,108.84,,46.25,19.71,73.26,20.03,,,
2013-11-01,62.22,105.91,,46.27,20.0,73.61,20.34,,,
2013-11-04,62.2,106.23,,45.98,19.87,70.92,20.32,,,
2013-11-05,61.98,105.33,83.2,46.41,19.66,70.67,20.43,,,
2013-11-06,62.16,105.24,83.9,45.72,19.36,70.39,20.35,,,
2013-11-07,62.47,103.46,84.4,45.38,19.66,70.11,20.11,,,
2013-11-08,62.85,105.12,84.15,45.7,19.36,70.93,19.92,,,
2013-11-11,63.34,106.4,84.1,45.64,18.77,69.25,19.44,,,
2013-11-12,63.48,105.81,83.3,45.88,18.65,70.26,19.15,,,
2013-11-13,63.96,107.12,83.1,46.03,18.94,69.6,19.18,,,
2013-11-14,63.37,108.54,83.35,45.84,19.03,68.57,19.15,,,
2013-11-15,63.04,108.55,83.5,46.05,18.83,68.78,19.2,,,
2013-11-18,62.71,,83.6,45.96,19.11,67.8,19.51,,,
2013-11-19,62.2,106.92,83.8,45.87,18.83,67.49,19.42,,,
2013-11-20,62.11,108.06,84.5,45.33,18.59,68.51,19.44,,,
2013-11-21,62.76,110.08,84.45,45.31,18.39,68.45,19.68,,,
2013-11-22,62.99,111.05,84.45,44.87,18.4,69.05,19.67,,,
2013-11-25,62.24,111.0,84.5,44.53,18.79,66.21,19.86,,,
2013-11-26,62.5,110.88,84.6,44.96,18.51,65.33,19.89,,,
2013-11-27,62.46,111.31,84.4,44.73,18.58,65.72,20.19,,,
2013-11-28,62.54,,,44.95,18.3,66.68,20.25,,,
2013-11-29,62.41,109.69,84.6,45.25,18.07,67.01,20.01,,,
2013-12-02,62.46,111.45,,45.13,17.47,67.22,19.67,,,
2013-12-03,62.32,112.62,,45.33,17.51,68.23,19.97,,,
2013-12-04,62.36,111.88,81.9,45.34,17.25,68.37,19.67,,,
2013-12-05,61.7,110.98,83.05,44.66,17.33,69.27,19.71,,,
2013-12-06,61.58,111.61,83.45,44.75,17.59,69.61,19.94,,,
2013-12-09,61.15,109.39,84.1,44.84,17.01,68.84,20.2,,,
2013-12-10,60.87,109.38,84.55,45.05,16.95,69.23,20.33,,,
2013-12-11,60.98,109.7,85.15,45.22,17.09,70.27,20.03,,,
2013-12-12,61.59,108.67,85.8,45.87,17.25,69.48,19.79,,,
2013-12-13,62.16,108.83,85.8,45.19,17.27,68.44,19.98,,,
2013-12-16,62.19,110.47,85.55,45.84,18.0,67.92,19.98,,,
2013-12-17,61.78,110.41,85.25,46.03,17.88,66.91,20.28,,,
2013-12-18,61.71,,85.25,46.6,17.62,67.06,20.45,,,
2013-12-19,62.03,110.29,85.1,47.1,17.52,66.95,20.67,,,
2013-12-20,62.46,111.77,85.0,46.46,17.31,67.52,20.4,,,
2013-12-23,62.02,111.56,85.05,46.93,17.14,67.21,20.46,,,
2013-12-24,61.84,111.9,85.05,46.97,17.33,66.21,20.62,,,
2013-12-25,61.75,,,46.89,17.3,67.21,20.76,,,
2013-12-26,61.79,111.98,85.05,47.57,17.09,66.22,20.55,,,
2013-12-27,61.89,112.18,84.65,47.52,17.35,67.02,20.86,,,
2013-12-30,61.67,111.21,84.63,46.77,17.01,65.23,21.45,,,
2013-12-31,61.78,110.8,84.63,47.47,17.02,65.73,21.53,,,
2014-01-01,61.8,,,47.82,17.06,65.73,21.21,,,
2014-01-02,61.84,107.78,,47.33,17.19,66.72,21.24,,,
2014-01-03,62.06,106.89,81.0,48.05,17.19,67.73,21.27,,,
2014-01-06,62.23,106.73,79.9,48.85,16.88,64.75,20.73,,,
2014-01-07,62.31,107.35,79.7,49.16,17.06,63.94,20.46,,,
2014-01-08,62.08,107.15,82.35,49.66,16.91,64.91,20.69,,,
2014-01-09,62.12,106.39,83.95,50.4,17.1,65.43,21.0,,,
2014-01-10,61.78,107.25,83.5,51.04,17.11,64.93,20.76,,,
2014-01-13,61.44,106.75,83.95,51.04,16.97,66.9,20.96,,,
2014-01-14,61.47,106.39,83.8,51.25,17.11,67.15,21.13,,,
2014-01-15,61.47,107.13,84.4,51.83,17.16,66.15,21.12,,,
2014-01-16,61.54,107.09,84.5,51.69,17.03,66.43,21.42,,,
2014-01-17,61.42,107.06,84.45,52.36,17.15,67.31,21.1,,,
2014-01-20,61.55,,,52.05,17.75,68.57,20.92,,,
2014-01-21,61.62,,83.75,51.97,17.87,67.55,20.91,,,
2014-01-22,61.97,108.27,83.4,52.16,17.61,66.72,21.05,,,
2014-01-23,61.87,107.58,83.25,51.84,17.87,66.42,20.82,,,
2014-01-24,62.13,107.88,83.3,52.62,17.61,67.42,20.51,,,
2014-01-27,62.73,106.69,83.3,52.13,17.66,67.43,20.23,,,
2014-01-28,63.38,107.41,83.2,51.35,17.63,68.45,20.53,,,
2014-01-29,62.38,107.85,83.35,51.53,17.62,68.41,20.72,,,
2014-01-30,62.47,107.95,83.3,50.76,17.88,67.39,20.86,,,
2014-01-31,62.31,106.4,83.15,51.39,17.72,68.01,20.91,,,
2014-02-03,62.5,106.04,,52.85,17.66,68.97,20.3,,,
2014-02-04,62.87,105.78,,52.74,17.41,67.95,20.13,,,
2014-02-05,62.13,106.25,80.35,52.68,17.49,67.05,20.12,,,
2014-02-06,62.23,107.19,80.15,53.31,17.47,68.06,19.85,,,
2014-02-07,62.23,109.57,79.55,54.12,17.45,67.76,19.89,,,
2014-02-10,62.09,108.63,79.05,52.13,17.96,66.7,20.03,,,
2014-02-11,62.45,108.68,79.3,52.5,18.11,67.71,19.73,,,
2014-02-12,62.03,108.79,79.3,52.81,18.19,66.76,19.64,,,
2014-02-13,61.68,108.73,79.2,53.5,18.43,67.76,19.35,,,
2014-02-14,62.15,108.73,79.35,52.74,18.32,67.88,19.4,,,
2014-02-17,61.83,,,51.98,19.12,70.04,19.01,,,
2014-02-18,61.79,,78.3,51.2,18.96,69.74,18.73,,,
2014-02-19,62.21,110.47,77.8,51.29,18.92,69.8,18.74,,,
2014-02-20,62.26,110.3,77.4,51.79,18.98,69.72,18.66,,,
2014-02-21,62.13,109.85,77.4,51.71,18.69,68.68,18.6,,,
2014-02-24,62.01,110.64,77.15,51.11,19.04,68.92,18.56,,,
2014-02-25,62.07,109.51,77.1,50.35,18.9,67.89,18.62,,,
2014-02-26,61.98,109.52,77.1,49.92,18.62,66.88,18.36,,,
2014-02-27,62.15,108.96,77.1,50.24,18.48,67.61,18.2,,,
2014-02-28,62.02,109.07,77.2,50.44,18.53,67.03,18.01,,,
2014-03-03,61.82,111.2,,49.84,18.82,66.59,18.42,,,
2014-03-04,62.17,109.3,,49.1,18.74,67.11,18.7,,,
2014-03-05,61.6,107.76,73.15,49.2,18.86,67.2,18.98,,,
2014-03-06,61.75,108.1,73.75,49.95,19.14,67.13,18.93,,,
2014-03-07,60.8,109.0,73.65,49.2,19.32,66.13,18.83,,,
2014-03-10,61.23,108.08,73.65,49.8,19.31,65.31,18.82,,,
2014-03-11,60.81,108.55,74.7,49.53,19.05,66.3,18.59,,,
2014-03-12,61.04,108.02,75.35,49.13,19.16,67.3,18.79,,,
2014-03-13,60.77,107.39,75.5,48.39,19.16,67.93,18.95,,,
2014-03-14,61.46,108.57,75.75,48.46,19.27,68.95,18.88,,,
2014-03-17,60.98,108.54,75.9,49.35,20.05,69.34,18.86,,,
2014-03-18,61.04,106.79,75.7,49.54,20.08,70.39,18.75,,,
2014-03-19,61.11,105.85,75.4,49.53,19.87,69.88,18.97,,,
2014-03-20,60.95,106.45,75.15,49.06,19.85,68.87,19.05,,,
2014-03-21,61.33,106.92,75.4,49.55,19.65,67.85,18.77,,,
2014-03-24,61.02,106.81,75.3,49.12,20.29,67.71,18.92,,,
2014-03-25,60.59,106.99,75.15,49.86,20.59,67.92,18.85,,,
2014-03-26,60.22,107.03,75.2,50.26,20.29,68.86,18.56,,,
2014-03-27,60.16,107.83,75.15,49.93,20.44,68.57,18.53,,,
2014-03-28,60.24,108.07,75.15,50.54,20.14,67.55,18.56,,,
2014-03-31,59.84,107.76,75.13,49.33,20.23,66.03,18.11,,,
2014-04-01,59.99,105.62,,48.59,20.29,66.52,18.19,,,
2014-04-02,59.78,104.79,,48.87,20.6,67.09,17.92,,,
2014-04-03,59.9,106.15,76.55,48.14,20.44,66.09,17.93,,,
2014-04-04,60.39,106.72,76.25,47.44,20.63,66.09,17.66,,,
2014-04-07,59.67,105.82,76.65,46.61,20.13,65.97,17.75,,,
2014-04-08,60.12,107.67,75.95,46.43,20.09,64.99,17.94,,,
2014-04-09,60.09,107.98,76.15,45.85,20.38,65.88,18.17,,,
2014-04-10,59.96,107.46,76.65,45.21,20.5,66.88,17.9,,,
2014-04-11,60.3,107.33,76.7,45.47,20.2,67.67,17.89,,,
2014-04-14,60.34,109.07,77.1,44.87,20.5,67.03,18.0,,,
2014-04-15,60.34,108.74,77.4,44.97,20.41,66.32,17.99,,,
2014-04-16,60.3,108.8,77.4,45.65,20.54,66.56,17.9,,,
2014-04-17,60.25,109.53,77.0,45.97,20.75,65.57,17.65,,,
2014-04-18,60.29,,,45.75,20.63,64.59,17.84,,,
2014-04-21,60.15,109.95,77.0,45.77,20.87,64.31,17.68,,,
2014-04-22,60.48,109.27,76.7,45.59,20.92,63.35,17.56,,,
2014-04-23,60.76,109.11,76.8,45.5,21.05,63.61,17.3,,,
2014-04-24,61.01,110.33,76.8,45.62,20.84,62.74,17.04,,,
2014-04-25,61.12,109.58,76.85,45.08,20.62,62.62,16.79,,,
2014-04-28,60.64,108.12,76.87,43.22,20.94,63.2,16.49,,,
2014-04-29,60.64,108.98,76.87,42.6,20.86,62.26,16.42,,,
2014-04-30,60.42,108.07,,42.68,21.1,62.39,16.56,,,
2014-05-01,60.12,107.76,,42.23,20.94,61.47,16.64,,,
2014-05-02,60.14,108.59,,42.49,20.9,60.55,16.84,,,
2014-05-05,60.02,107.72,74.9,42.21,21.29,61.68,17.12,,,
2014-05-06,60.11,107.06,75.15,42.63,21.61,61.91,17.02,,,
2014-05-07,59.98,108.13,74.85,42.12,21.7,61.86,17.04,,,
2014-05-08,59.89,108.04,75.15,42.34,21.41,61.29,16.78,,,
2014-05-09,59.93,107.89,75.15,41.91,21.51,61.74,16.72,,,
2014-05-12,59.85,108.41,75.1,40.72,21.52,61.36,16.85,,,
2014-05-13,59.42,109.24,75.1,40.53,21.54,60.44,17.11,,,
2014-05-14,59.31,110.19,75.25,40.48,21.29,59.72,17.07,,,
2014-05-15,59.4,110.44,75.3,40.29,21.56,59.89,16.82,,,
2014-05-16,59.33,110.42,75.25,39.72,21.24,59.0,17.07,,,
2014-05-19,58.56,109.37,75.05,39.64,21.36,59.01,17.14,,,
2014-05-20,58.37,109.69,74.95,39.73,21.26,58.21,17.23,,,
2014-05-21,58.58,110.55,75.05,39.41,21.46,58.28,17.49,,,
2014-05-22,58.69,110.36,75.0,39.97,21.76,58.17,17.53,,,
2014-05-23,58.28,110.54,74.95,39.42,21.99,58.6,17.27,,,
2014-05-26,58.42,,,40.45,21.28,59.11,16.89,,,
2014-05-27,58.65,110.02,74.85,40.36,21.2,58.3,16.87,,,
2014-05-28,59.04,109.81,74.8,40.1,21.52,57.44,16.71,,,
2014-05-29,58.83,109.97,74.85,40.61,21.21,58.04,16.53,,,
2014-05-30,58.9,109.41,74.85,40.0,21.41,58.07,16.38,,,
2014-06-02,59.19,108.83,,39.95,21.37,58.22,16.52,,,
2014-06-03,59.16,108.82,,40.13,21.19,57.35,16.28,,,
2014-06-04,59.3,108.4,73.75,39.67,21.24,56.54,16.07,,,
2014-06-05,59.26,108.79,73.05,39.52,21.12,55.9,16.14,,,
2014-06-06,59.16,108.61,72.7,39.24,21.32,55.58,16.35,,,
2014-06-09,59.17,109.99,72.7,38.78,21.73,56.99,16.55,,,
2014-06-10,59.2,109.52,72.7,39.37,21.92,56.79,16.31,,,
2014-06-11,59.12,109.95,72.55,39.76,21.72,56.24,16.27,,,
2014-06-12,59.33,113.02,72.55,40.29,21.7,56.31,16.36,,,
2014-06-13,59.29,113.41,72.9,40.07,21.68,56.47,16.12,,,
2014-06-16,59.7,113.22,73.0,39.16,22.14,56.9,16.74,,,
2014-06-17,60.09,113.45,72.8,39.39,21.81,56.78,16.55,,,
2014-06-18,60.32,114.26,72.55,39.99,21.65,57.64,16.54,,,
2014-06-19,59.81,115.06,72.6,39.46,21.33,57.29,16.69,,,
2014-06-20,60.16,114.81,72.45,39.29,21.24,58.16,16.47,,,
2014-06-23,60.17,114.12,72.3,38.91,20.38,57.19,16.37,,,
2014-06-24,60.15,114.46,72.25,38.58,20.48,56.34,16.44,,,
2014-06-25,60.19,114.0,72.4,38.49,20.49,56.92,16.19,,,
2014-06-26,59.95,113.21,72.35,38.28,20.57,57.63,16.01,,,
2014-06-27,60.08,113.3,72.3,37.92,20.54,57.66,15.91,,,
2014-06-30,60.04,112.36,72.32,37.66,20.68,57.7,15.9,,,
2014-07-01,59.97,112.29,,37.33,20.79,58.57,15.77,,,
2014-07-02,60.03,111.24,,37.48,20.68,58.31,15.67,,,
2014-07-03,59.44,111.0,72.85,38.05,20.37,57.44,15.91,,,
2014-07-04,59.61,,,38.11,20.13,58.13,15.69,,,
2014-07-07,59.72,110.24,72.9,38.07,20.6,58.91,15.73,,,
2014-07-08,59.95,108.94,72.8,37.58,20.82,58.19,15.5,,,
2014-07-09,59.75,108.28,72.45,37.02,21.01,58.25,15.29,,,
2014-07-10,59.76,108.67,72.4,36.69,21.15,59.13,15.15,,,
2014-07-11,60.19,106.66,72.45,37.22,20.97,59.01,15.13,,,
2014-07-14,60.09,106.98,72.8,37.2,20.8,56.68,15.14,,,
2014-07-15,60.06,106.02,72.9,37.11,20.89,56.36,15.13,,,
2014-07-16,60.17,105.85,72.9,37.25,21.2,57.01,15.21,,,
2014-07-17,60.08,105.96,73.0,37.33,20.89,56.17,15.33,,,
2014-07-18,60.6,107.24,72.95,36.78,21.02,57.01,15.1,,,
2014-07-21,60.28,107.68,73.1,36.6,21.79,57.88,15.05,,,
2014-07-22,60.25,107.33,73.25,36.05,21.95,57.99,15.06,,,
2014-07-23,60.1,108.03,73.45,35.98,22.29,57.13,15.03,,,
2014-07-24,59.86,107.07,73.5,36.05,21.97,57.09,14.93,,,
2014-07-25,60.06,108.39,73.35,36.42,21.65,56.79,15.16,,,
2014-07-28,60.05,107.57,73.36,36.63,21.65,55.53,15.4,,,
2014-07-29,60.05,107.72,73.36,36.09,21.97,54.98,15.48,,,
2014-07-30,60.04,106.51,,35.92,21.85,54.83,15.38,,,
2014-07-31,60.25,106.02,,36.36,21.75,54.39,15.27,,,
2014-08-01,60.77,104.84,,36.9,21.73,55.21,15.35,,,
2014-08-04,61.21,105.41,,37.59,21.94,55.26,15.61,,,
2014-08-05,60.9,104.61,76.95,37.34,21.89,55.54,15.38,,,
2014-08-06,60.84,104.59,77.05,37.29,22.16,55.88,15.23,,,
2014-08-07,61.19,105.44,77.8,37.85,22.29,56.57,15.39,,,
2014-08-08,61.24,105.02,78.0,37.42,22.12,56.79,15.16,,,
2014-08-11,61.14,104.68,77.6,38.42,22.09,56.92,15.35,,,
2014-08-12,61.12,103.02,77.4,37.85,22.37,56.2,15.42,,,
2014-08-13,61.22,104.28,77.45,38.11,22.16,56.15,15.3,,,
2014-08-14,61.02,102.01,77.0,37.78,22.25,56.35,15.17,,,
2014-08-15,60.64,101.95,77.0,37.22,22.41,56.67,15.08,,,
2014-08-18,60.77,101.6,76.85,37.4,22.1,56.59,14.99,,,
2014-08-19,60.82,101.56,76.85,36.84,21.94,56.16,14.83,,,
2014-08-20,60.74,102.28,76.9,36.8,22.27,56.41,14.86,,,
2014-08-21,60.61,102.63,77.0,36.76,22.06,56.24,14.93,,,
2014-08-22,60.44,102.29,77.0,37.01,22.35,56.38,14.7,,,
2014-08-25,60.46,102.65,77.0,37.97,21.95,57.1,14.71,,,
2014-08-26,60.51,102.5,77.05,38.08,22.14,57.13,14.69,,,
2014-08-27,60.43,102.72,77.0,37.92,22.41,57.99,14.47,,,
2014-08-28,60.45,102.46,77.0,37.36,22.75,57.82,14.29,,,
2014-08-29,60.61,103.19,77.0,37.24,23.09,58.39,14.08,,,
2014-09-01,60.51,,,37.74,23.1,57.12,14.14,,,
2014-09-02,60.52,100.34,,37.21,23.03,57.83,13.93,,,
2014-09-03,60.68,102.77,76.15,37.29,23.3,57.49,13.93,,,
2014-09-04,60.39,101.83,75.7,37.59,22.96,56.63,14.03,,,
2014-09-05,60.37,100.82,75.3,38.16,23.3,56.61,13.83,,,
2014-09-08,60.39,100.2,75.85,38.96,23.0,56.72,13.47,,,
2014-09-09,60.38,99.16,75.2,39.14,23.25,57.33,13.32,,,
2014-09-10,60.79,98.04,75.4,39.73,23.6,58.2,13.38,,,
2014-09-11,60.8,98.08,75.5,39.14,23.25,57.75,13.41,,,
2014-09-12,60.81,97.11,75.75,38.98,23.47,57.64,13.61,,,
2014-09-15,60.65,96.65,75.6,39.38,23.43,55.54,13.57,,,
2014-09-16,60.97,96.63,75.3,39.1,23.26,54.72,13.39,,,
2014-09-17,61.05,98.97,75.2,38.52,22.92,55.54,13.53,,,
2014-09-18,60.91,97.7,75.15,38.33,22.96,54.72,13.73,,,
2014-09-19,60.69,98.39,75.15,38.75,22.78,55.54,13.85,,,
2014-09-22,60.85,96.97,75.1,39.08,22.48,55.94,13.9,,,
2014-09-23,61.0,96.85,75.0,38.5,22.15,55.1,14.0,,,
2014-09-24,60.98,96.95,75.0,38.74,22.2,54.69,14.21,,,
2014-09-25,60.81,97.0,75.0,38.35,22.15,55.17,14.01,,,
2014-09-26,61.49,97.0,75.1,38.93,21.82,55.18,14.16,,,
2014-09-29,61.14,97.2,75.09,38.65,22.11,56.03,14.41,,,
2014-09-30,61.55,94.67,75.09,38.61,22.19,55.86,14.48,,,
2014-10-01,61.82,94.16,,38.5,22.27,55.95,14.32,,,
2014-10-02,61.71,93.42,,39.02,21.94,55.12,14.3,,,
2014-10-03,61.44,92.31,72.4,39.11,22.27,54.8,14.14,,,
2014-10-06,61.54,92.79,72.15,39.38,22.55,55.09,14.35,,,
2014-10-07,61.21,92.11,72.35,39.75,22.51,54.88,14.39,,,
2014-10-08,61.27,91.38,72.7,39.46,22.69,54.54,14.26,,,
2014-10-09,60.88,90.05,72.45,39.63,22.76,54.33,14.32,,,
2014-10-10,61.02,90.21,72.4,39.79,22.42,54.66,14.45,,,
2014-10-13,61.28,88.89,72.25,40.39,22.02,54.06,14.22,,,
2014-10-14,61.0,85.04,72.05,40.2,21.69,53.63,14.39,,,
2014-10-15,61.39,83.78,72.15,39.67,22.01,53.27,14.45,,,
2014-10-16,61.37,84.47,72.0,39.84,22.35,52.94,14.54,,,
2014-10-17,61.72,84.54,71.9,39.88,22.63,52.59,14.45,,,
2014-10-20,61.36,85.4,72.0,40.39,22.69,51.91,14.61,,,
2014-10-21,61.23,86.22,72.25,41.01,22.46,52.39,14.64,,,
2014-10-22,61.14,84.71,72.8,41.29,22.65,52.18,14.42,,,
2014-10-23,61.1,86.83,72.85,40.77,22.72,52.97,14.41,,,
2014-10-24,61.13,86.13,72.85,41.39,22.69,52.18,14.2,,,
2014-10-27,61.16,85.83,72.85,42.08,22.91,51.72,14.25,,,
2014-10-28,61.3,86.03,72.85,42.21,22.71,50.95,14.08,,,
2014-10-29,61.18,87.12,72.85,41.58,22.91,50.36,14.15,,,
2014-10-30,61.28,86.24,72.85,41.86,23.23,50.78,14.36,,,
2014-10-31,61.43,85.86,72.9,41.58,23.39,50.12,14.25,,,
2014-11-03,61.4,84.78,,41.2,24.25,49.92,13.89,,,
2014-11-04,61.41,82.82,,40.97,23.98,50.36,13.75,,,
2014-11-05,61.29,82.95,71.55,40.36,23.63,51.12,13.91,,,
2014-11-06,61.37,82.86,71.2,40.73,23.51,51.42,14.12,,,
2014-11-07,61.49,83.39,72.0,40.12,23.74,52.2,13.95,,,
2014-11-10,61.51,82.34,73.0,39.39,24.6,53.0,13.66,,,
2014-11-11,61.53,81.67,73.65,39.99,24.52,52.21,13.87,,,
2014-11-12,61.49,80.38,73.4,40.16,24.72,52.53,13.78,,,
2014-11-13,61.37,77.92,73.75,39.75,24.99,52.48,13.72,,,
2014-11-14,61.59,77.74,73.55,39.74,24.62,53.27,13.93,,,
2014-11-17,61.71,79.31,73.9,39.38,24.88,54.75,14.04,,,
2014-11-18,61.82,78.47,74.1,39.66,24.51,55.14,13.95,,,
2014-11-19,61.72,78.1,74.05,39.07,24.14,55.19,13.78,,,
2014-11-20,61.94,79.33,73.95,38.78,24.03,55.15,13.91,,,
2014-11-21,61.92,80.36,74.0,38.56,24.01,55.98,14.12,,,
2014-11-24,61.76,79.68,74.0,38.29,23.94,56.91,13.9,,,
2014-11-25,61.85,78.33,74.1,37.84,24.15,56.98,13.69,,,
2014-11-26,61.84,77.75,74.1,37.93,23.79,56.13,13.58,,,
2014-11-27,61.79,,,37.9,23.44,55.87,13.71,,,
2014-11-28,61.85,70.15,74.15,37.64,23.34,56.71,13.57,,,
2014-12-01,62.2,72.54,,37.5,23.82,57.83,13.36,,,
2014-12-02,61.95,70.54,,37.47,23.7,58.16,13.27,,,
2014-12-03,61.79,69.92,72.15,38.03,23.6,58.63,13.08,,,
2014-12-04,61.86,69.64,72.1,37.47,23.38,57.88,13.2,,,
2014-12-05,61.78,69.07,71.95,36.91,23.61,57.67,13.34,,,
2014-12-08,61.91,66.19,71.65,36.82,23.66,58.92,13.16,,,
2014-12-09,61.82,66.84,71.8,36.48,23.65,58.04,12.96,,,
2014-12-10,61.87,64.24,71.65,36.37,23.45,57.17,12.77,,,
2014-12-11,62.0,63.68,71.85,36.92,23.1,58.04,12.96,,,
2014-12-12,62.47,61.85,71.6,37.28,22.9,58.03,12.8,,,
2014-12-15,62.52,61.06,71.55,36.6,22.41,59.35,12.9,,,
2014-12-16,63.17,59.86,71.3,36.05,22.68,60.13,12.85,,,
2014-12-17,63.65,59.8,71.25,35.71,22.85,59.65,12.82,,,
2014-12-18,63.52,59.27,71.25,36.12,22.71,59.42,13.02,,,
2014-12-19,62.98,61.38,71.2,36.35,22.72,59.68,12.82,,,
2014-12-22,63.24,60.11,71.3,35.95,22.94,59.99,13.2,,,
2014-12-23,63.22,61.69,71.2,36.04,23.24,60.22,13.03,,,
2014-12-24,63.43,60.24,70.95,36.37,23.39,61.13,12.93,,,
2014-12-25,63.4,,,35.83,23.25,61.78,13.06,,,
2014-12-26,63.51,59.45,71.2,35.96,23.47,60.86,13.03,,,
2014-12-29,63.59,57.88,70.96,36.5,23.23,60.39,13.07,,,
2014-12-30,63.66,57.9,,37.05,23.45,61.18,12.93,,,
2014-12-31,63.38,57.33,,37.0,23.66,61.27,13.04,,,
2015-01-01,63.03,,,37.18,23.75,61.04,13.1,,,
2015-01-02,63.03,56.42,,36.85,23.69,61.1,13.05,,,
2015-01-05,63.28,53.11,63.65,37.23,23.31,59.84,12.97,,,
2015-01-06,63.34,51.1,62.7,36.78,23.33,58.95,12.91,,,
2015-01-07,63.57,51.15,60.9,36.87,23.38,59.84,12.79,,,
2015-01-08,63.27,50.96,60.6,37.43,23.03,60.26,12.6,,,
2015-01-09,62.67,50.11,60.15,37.63,23.17,60.57,12.66,,,
2015-01-12,62.35,47.43,59.4,38.31,23.74,59.67,12.22,,,
2015-01-13,62.07,46.59,59.85,38.44,23.53,59.99,12.19,,,
2015-01-14,61.97,48.69,58.6,38.01,23.42,60.24,12.16,,,
2015-01-15,62.09,47.67,58.15,38.16,23.3,59.35,12.12,,,
2015-01-16,62.06,47.69,57.9,37.71,23.28,59.65,12.07,,,
2015-01-19,61.86,,,37.65,22.67,58.39,11.93,,,
2015-01-20,61.64,47.99,58.15,37.11,22.65,57.52,12.08,,,
2015-01-21,61.65,49.03,58.75,37.59,22.99,57.05,12.17,,,
2015-01-22,61.55,48.52,58.75,37.85,23.34,56.49,12.24,,,
2015-01-23,61.6,48.79,58.55,37.53,23.69,56.94,12.37,,,
2015-01-26,61.43,48.16,58.6,36.72,23.19,56.47,12.05,,,
2015-01-27,61.47,49.6,58.7,36.77,23.54,55.82,11.89,,,
2015-01-28,61.4,48.47,58.85,36.61,23.49,56.26,11.95,,,
2015-01-29,61.35,49.13,58.85,36.06,23.15,56.02,12.08,,,
2015-01-30,61.8,52.99,58.95,35.9,23.0,56.69,12.06,,,
2015-02-02,62.01,54.75,,35.75,23.37,55.92,12.16,,,
2015-02-03,61.73,57.91,,36.29,23.58,55.35,12.0,,,
2015-02-04,61.61,54.16,58.6,35.75,23.23,56.13,12.15,,,
2015-02-05,61.86,56.57,60.9,36.29,23.26,56.98,12.17,,,
2015-02-06,61.73,57.8,61.25,36.19,23.53,57.81,12.26,,,
2015-02-09,61.96,58.34,61.8,37.11,22.68,58.92,12.04,,,
2015-02-10,62.13,56.43,61.25,36.94,23.02,59.04,11.87,,,
2015-02-11,62.34,54.66,62.15,36.46,22.81,58.74,11.86,,,
2015-02-12,62.38,57.05,62.5,37.01,22.88,59.63,12.01,,,
2015-02-13,62.17,57.39,62.5,36.96,23.06,60.53,12.19,,,
2015-02-16,62.07,,,37.15,23.2,60.22,12.02,,,
2015-02-17,62.19,62.53,62.35,37.42,23.26,60.43,12.16,,,
2015-02-18,62.11,60.53,62.2,37.16,23.61,59.65,12.01,,,
2015-02-19,62.07,60.21,62.25,37.1,23.56,58.76,12.1,,,
2015-02-20,62.17,60.22,62.1,37.14,23.27,59.41,12.15,,,
2015-02-23,62.1,58.9,62.0,36.79,22.84,60.42,11.94,,,
2015-02-24,62.17,58.66,61.75,37.19,22.74,59.52,11.76,,,
2015-02-25,62.23,61.63,61.8,37.16,22.57,58.63,11.68,,,
2015-02-26,61.88,60.05,61.8,37.27,22.36,57.84,11.81,,,
2015-02-27,61.75,62.58,61.9,37.14,22.38,57.66,11.99,,,
2015-03-02,61.65,59.54,,37.72,22.57,58.52,12.12,,,
2015-03-03,61.9,61.02,,38.25,22.91,57.96,12.03,,,
2015-03-04,61.81,60.55,62.8,37.89,22.57,57.38,11.87,,,
2015-03-05,62.31,60.48,62.65,38.47,22.67,56.53,11.97,,,
2015-03-06,62.44,59.73,61.8,37.89,22.44,56.98,12.04,,,
2015-03-09,62.45,58.53,61.85,38.19,22.4,57.56,12.04,,,
2015-03-10,62.67,56.39,61.9,37.62,22.47,57.64,12.07,,,
2015-03-11,62.71,57.54,62.2,37.42,22.67,57.29,12.13,,,
2015-03-12,62.76,57.08,62.2,36.95,22.75,57.76,12.06,,,
2015-03-13,62.53,54.67,62.0,36.69,22.57,58.62,12.14,,,
2015-03-16,63.08,53.44,61.65,37.15,21.81,59.33,12.04,,,
2015-03-17,62.79,53.43,61.35,37.29,22.14,59.26,12.02,,,
2015-03-18,62.62,55.91,61.35,36.8,21.91,59.36,11.84,,,
2015-03-19,62.69,54.43,61.1,36.42,21.58,58.74,11.75,,,
2015-03-20,62.48,55.32,61.0,36.97,21.67,58.28,11.76,,,
2015-03-23,62.4,55.92,60.95,37.09,21.92,60.96,11.68,,,
2015-03-24,62.22,55.11,61.0,37.1,22.07,60.05,11.52,,,
2015-03-25,62.28,56.48,61.0,37.58,21.92,59.16,11.47,,,
2015-03-26,62.46,59.19,61.0,38.14,21.8,58.28,11.35,,,
2015-03-27,62.83,56.41,61.05,38.1,21.66,58.39,11.34,,,
2015-03-30,62.51,56.29,61.07,38.05,21.5,57.92,11.1,,,
2015-03-31,62.51,55.11,61.07,38.46,21.49,58.72,11.24,,,
2015-04-01,62.31,57.1,,38.47,21.17,58.31,11.25,,,
2015-04-02,62.17,54.95,,38.76,21.49,57.96,11.12,,,
2015-04-03,62.06,,,39.34,21.22,58.42,11.23,,,
2015-04-06,62.06,58.12,58.65,39.08,21.17,58.57,10.94,,,
2015-04-07,62.06,59.1,57.55,38.5,21.09,58.11,11.1,,,
2015-04-08,62.31,55.55,57.6,38.68,21.21,57.25,10.94,,,
2015-04-09,62.18,56.57,58.4,38.64,21.53,57.08,10.78,,,
2015-04-10,62.31,57.87,59.1,38.41,21.75,56.84,10.87,,,
2015-04-13,62.27,57.93,59.35,39.02,21.87,56.9,10.76,,,
2015-04-14,62.39,58.43,59.5,39.06,21.91,57.46,10.78,,,
2015-04-15,62.31,60.32,59.6,38.72,22.01,56.85,10.94,,,
2015-04-16,62.39,60.4,59.95,39.18,22.35,56.0,10.79,,,
2015-04-17,62.33,63.45,59.95,39.08,22.28,56.37,10.92,,,
2015-04-20,62.54,63.45,59.8,38.81,21.99,54.34,10.92,,,
2015-04-21,63.15,62.08,59.75,38.85,21.92,54.14,10.93,,,
2015-04-22,62.88,62.73,59.6,38.86,21.89,54.95,10.94,,,
2015-04-23,62.94,64.85,59.6,39.08,21.63,54.57,10.99,,,
2015-04-24,63.29,65.28,59.6,38.96,21.93,53.76,10.94,,,
2015-04-27,63.65,64.83,59.58,38.55,21.67,53.58,11.08,,,
2015-04-28,63.14,64.64,59.58,38.41,22.0,54.08,10.92,,,
2015-04-29,63.03,65.84,,38.3,22.0,54.9,11.08,,,
2015-04-30,63.44,66.78,,38.76,22.27,54.08,10.93,,,
2015-05-01,63.52,66.46,,38.43,22.47,53.28,11.03,,,
2015-05-04,63.52,66.45,,37.57,21.86,53.17,10.95,,,
2015-05-05,63.59,67.52,60.15,37.14,21.89,53.25,10.82,,,
2015-05-06,63.34,67.77,60.0,37.06,21.74,54.05,10.96,,,
2015-05-07,63.66,65.54,59.75,37.28,22.0,54.69,10.87,,,
2015-05-08,64.08,65.39,59.6,37.28,22.22,55.51,10.71,,,
2015-05-11,63.7,64.91,59.65,37.83,21.98,56.1,11.01,,,
2015-05-12,64.02,66.86,59.3,37.96,21.69,55.42,10.9,,,
2015-05-13,64.21,66.81,59.3,37.73,21.48,55.25,10.74,,,
2015-05-14,64.04,66.59,59.15,37.35,21.21,55.3,10.9,,,
2015-05-15,63.41,66.57,59.05,37.09,21.17,55.23,10.9,,,
2015-05-18,63.43,66.27,59.1,37.6,21.37,55.09,11.01,,,
2015-05-19,63.73,64.02,58.9,37.28,21.05,54.43,11.04,,,
2015-05-20,63.78,65.03,58.8,37.1,21.21,54.93,11.2,,,
2015-05-21,63.62,66.54,58.75,37.07,20.99,54.12,11.2,,,
2015-05-22,63.63,65.37,58.8,37.25,21.03,53.97,11.33,,,
2015-05-25,63.48,,,37.37,21.12,54.96,11.14,,,
2015-05-26,63.57,63.72,58.8,36.82,21.1,54.93,11.28,,,
2015-05-27,63.98,62.06,58.85,36.6,21.24,54.15,11.33,,,
2015-05-28,63.87,62.58,58.8,37.09,21.56,53.51,11.32,,,
2015-05-29,63.83,65.56,58.85,36.53,21.81,53.36,11.3,,,
2015-06-01,63.74,64.88,,36.35,21.64,54.36,11.13,,,
2015-06-02,63.61,65.49,,35.88,21.37,55.19,11.3,,,
2015-06-03,63.66,63.8,57.5,35.46,21.22,56.02,11.47,,,
2015-06-04,64.06,62.03,56.9,35.05,21.01,56.65,11.35,,,
2015-06-05,64.0,63.31,56.8,35.1,21.19,57.51,11.39,,,
2015-06-08,63.76,62.69,56.85,34.52,21.42,56.28,11.25,,,
2015-06-09,63.98,64.88,56.7,34.17,21.43,55.45,11.31,,,
2015-06-10,64.04,65.7,56.75,33.71,21.43,55.22,11.42,,,
2015-06-11,63.8,65.11,57.25,33.61,21.28,55.83,11.31,,,
2015-06-12,64.0,63.87,57.75,33.4,21.35,56.67,11.48,,,
2015-06-15,64.09,62.61,57.85,33.24,21.14,56.22,11.56,,,
2015-06-16,64.05,62.63,57.85,33.46,21.34,55.38,11.62,,,
2015-06-17,64.18,63.87,57.9,33.97,21.43,55.25,11.66,,,
2015-06-18,64.0,64.26,58.0,33.78,21.12,55.25,11.73,,,
2015-06-19,63.65,63.02,58.0,33.91,20.92,55.23,11.91,,,
2015-06-22,63.49,63.34,58.2,33.24,20.41,54.11,12.12,,,
2015-06-23,63.51,64.45,58.2,33.24,20.34,53.55,12.08,,,
2015-06-24,63.6,63.49,58.1,33.72,20.17,52.76,12.26,,,
2015-06-25,63.56,63.2,58.2,33.22,19.97,53.01,12.38,,,
2015-06-26,63.51,63.26,58.2,33.43,19.91,53.68,12.32,,,
2015-06-29,63.44,62.01,58.18,34.22,20.18,53.49,12.4,,,
2015-06-30,63.72,63.59,58.18,34.22,20.31,54.05,12.42,,,
2015-07-01,63.59,62.01,,33.71,20.01,54.54,12.3,,,
2015-07-02,63.57,62.07,,34.22,20.15,54.71,12.12,,,
2015-07-03,63.37,,,33.98,20.31,55.54,12.14,,,
2015-07-06,63.4,56.54,58.5,33.2,19.9,55.02,12.15,,,
2015-07-07,63.37,56.85,58.05,33.71,19.9,54.2,11.97,,,
2015-07-08,63.52,57.05,58.3,33.57,19.61,54.7,11.83,,,
2015-07-09,63.56,58.61,58.55,34.07,19.32,54.63,11.98,,,
2015-07-10,63.36,58.73,58.75,34.04,19.29,55.02,11.89,,,
2015-07-13,63.35,57.85,58.55,33.66,19.11,54.73,11.69,,,
2015-07-14,63.51,58.51,58.6,33.95,18.84,55.1,11.6,,,
2015-07-15,63.32,57.05,58.45,33.96,18.74,55.23,11.48,,,
2015-07-16,63.52,57.51,58.35,33.45,18.87,54.67,11.65,,,
2015-07-17,63.48,57.52,58.4,33.52,18.78,54.98,11.75,,,
2015-07-20,63.48,56.65,58.55,34.21,18.14,54.63,11.92,,,
2015-07-21,63.62,57.04,58.6,34.66,18.2,55.46,11.97,,,
2015-07-22,63.58,56.13,58.55,34.75,18.28,54.91,11.89,,,
2015-07-23,63.66,55.27,58.5,34.83,18.01,54.96,12.05,,,
2015-07-24,63.85,54.62,58.55,34.38,18.19,54.14,11.94,,,
2015-07-27,64.1,53.47,58.5,34.57,18.18,54.26,11.58,,,
2015-07-28,64.22,53.3,58.45,35.09,17.91,53.46,11.71,,,
2015-07-29,63.84,53.38,58.45,35.05,17.65,53.52,11.74,,,
2015-07-30,63.88,53.31,58.45,34.68,17.73,53.24,11.57,,,
2015-07-31,64.12,52.21,58.45,35.1,17.64,53.96,11.75,,,
2015-08-03,63.98,49.52,,35.18,17.73,52.99,12.13,,,
2015-08-04,64.12,49.99,,35.16,17.74,53.16,11.95,,,
2015-08-05,63.82,49.59,57.45,35.37,18.01,53.22,11.82,,,
2015-08-06,63.7,49.52,57.9,35.5,18.07,53.03,11.94,,,
2015-08-07,63.73,48.61,57.15,34.97,17.8,53.39,11.83,,,
2015-08-10,63.73,50.41,57.4,34.84,17.92,53.07,11.6,,,
2015-08-11,63.84,49.18,56.4,34.62,17.73,53.13,11.55,,,
2015-08-12,64.33,49.66,56.45,34.11,18.0,53.3,11.68,,,
2015-08-13,64.8,49.22,56.55,33.67,18.27,52.57,11.78,,,
2015-08-14,65.27,49.03,56.3,33.17,18.08,52.32,11.94,,,
2015-08-17,65.12,49.03,56.35,32.52,18.46,51.1,12.19,,,
2015-08-18,65.44,48.81,56.05,32.49,18.56,51.66,12.23,,,
2015-08-19,65.45,47.16,56.0,32.63,18.84,52.15,12.14,,,
2015-08-20,65.05,46.62,55.9,33.13,18.81,51.49,11.99,,,
2015-08-21,65.46,45.46,55.9,32.63,18.73,51.49,11.89,,,
2015-08-24,66.03,42.69,55.75,33.17,18.94,51.31,11.81,,,
2015-08-25,66.81,43.21,55.75,33.26,19.02,50.54,11.84,,,
2015-08-26,66.28,43.14,55.75,33.08,19.21,51.15,11.89,,,
2015-08-27,66.06,47.56,55.8,33.15,18.93,51.81,11.94,,,
2015-08-28,66.06,50.05,55.85,33.65,19.01,51.66,12.11,,,
2015-08-31,66.14,54.15,55.87,33.93,19.06,52.22,12.33,,,
2015-09-01,66.35,49.56,,33.43,19.35,52.11,12.5,,,
2015-09-02,66.42,50.5,,33.35,19.37,52.22,12.69,,,
2015-09-03,66.23,50.68,55.25,33.84,19.49,51.98,12.78,,,
2015-09-04,66.16,49.61,54.5,33.33,19.79,52.77,12.8,,,
2015-09-07,66.68,,,32.58,20.1,53.08,12.66,,,
2015-09-08,66.8,49.52,53.95,32.27,19.98,53.55,12.8,,,
2015-09-09,66.41,47.58,53.6,32.11,19.97,53.3,12.65,,,
2015-09-10,66.6,48.89,53.85,31.63,19.79,52.51,12.85,,,
2015-09-11,66.32,48.14,53.85,31.27,19.77,53.2,12.82,,,
2015-09-14,66.23,46.37,53.6,30.6,19.56,54.1,12.95,,,
2015-09-15,66.32,46.63,53.55,30.37,19.48,53.79,12.89,,,
2015-09-16,66.43,46.61,54.2,30.64,19.53,54.6,12.77,,,
2015-09-17,66.2,49.08,54.15,30.57,19.24,55.43,12.94,,,
2015-09-18,66.12,47.47,54.1,30.4,19.53,55.44,12.77,,,
2015-09-21,65.86,48.92,54.0,30.15,19.23,55.29,12.87,,,
2015-09-22,65.74,49.08,53.9,30.29,19.24,55.76,12.68,,,
2015-09-23,65.88,47.75,53.95,30.14,19.53,55.56,12.77,,,
2015-09-24,66.16,48.17,53.9,30.51,19.79,56.4,12.79,,,
2015-09-25,66.22,48.6,53.9,30.1,20.01,55.86,12.65,,,
2015-09-28,66.16,47.34,53.89,30.45,19.76,55.64,12.53,,,
2015-09-29,66.26,48.23,53.89,30.44,19.71,55.33,12.68,,,
2015-09-30,65.92,48.37,,30.41,19.65,55.9,12.49,,,
2015-10-01,65.53,47.69,,30.86,19.93,56.63,12.61,,,
2015-10-02,65.62,48.13,,30.46,20.01,57.08,12.53,,,
2015-10-05,65.36,49.25,51.95,30.35,20.49,57.84,12.54,,,
2015-10-06,65.12,51.92,52.6,30.68,20.19,58.6,12.49,,,
2015-10-07,65.18,51.33,52.25,31.14,20.49,57.72,12.4,,,
2015-10-08,64.94,53.05,52.15,30.99,20.8,57.51,12.58,,,
2015-10-09,65.0,52.65,52.4,31.25,20.49,57.33,12.72,,,
2015-10-12,64.77,49.86,52.05,31.18,20.95,58.41,12.7,,,
2015-10-13,64.78,49.24,51.9,31.36,21.27,57.54,12.52,,,
2015-10-14,65.08,49.15,51.65,31.12,21.59,57.76,12.59,,,
2015-10-15,64.85,48.71,51.75,30.66,21.78,58.49,12.7,,,
2015-10-16,64.78,48.73,51.9,30.84,21.91,57.62,12.75,,,
2015-10-19,64.69,48.61,51.9,30.62,21.96,59.38,12.46,,,
2015-10-20,64.95,48.71,52.0,30.69,21.7,58.7,12.65,,,
2015-10-21,64.99,47.85,51.95,31.15,21.61,58.56,12.83,,,
2015-10-22,65.16,48.08,51.95,31.54,21.51,58.63,13.03,,,
2015-10-23,65.05,47.99,52.15,31.29,21.33,59.0,13.08,,,
2015-10-26,64.89,47.54,52.35,30.82,21.42,59.97,13.12,,,
2015-10-27,64.9,46.81,52.35,30.48,21.1,59.08,13.11,,,
2015-10-28,65.07,49.05,52.35,30.28,21.07,58.74,13.22,,,
2015-10-29,64.95,48.8,52.65,29.83,21.11,59.05,13.23,,,
2015-10-30,65.44,49.56,52.55,29.84,21.03,59.63,13.27,,,
2015-11-02,65.42,48.79,,29.46,20.77,59.54,13.45,,,
2015-11-03,65.54,50.54,,29.71,20.94,60.44,13.25,,,
2015-11-04,65.53,48.58,53.1,29.8,21.08,60.62,13.06,,,
2015-11-05,65.58,47.98,53.1,29.68,21.36,59.71,13.12,,,
2015-11-06,65.86,47.42,53.3,29.89,21.42,60.62,13.32,,,
2015-11-09,66.13,47.19,53.15,29.96,21.8,59.91,13.26,,,
2015-11-10,66.47,47.44,53.25,30.06,21.47,60.23,13.07,,,
2015-11-11,66.19,45.81,53.45,30.49,21.22,60.56,12.98,,,
2015-11-12,66.06,44.06,53.45,30.28,21.54,61.37,13.16,,,
2015-11-13,66.05,43.61,53.5,30.74,21.22,60.58,13.16,,,
2015-11-16,66.05,43.58,53.85,30.31,21.48,61.43,13.06,,,
2015-11-17,65.9,43.57,54.4,30.4,21.37,61.29,13.26,,,
2015-11-18,66.04,44.14,54.6,29.94,21.41,60.49,13.26,,,
2015-11-19,66.07,44.18,54.5,29.75,21.31,60.92,13.19,,,
2015-11-20,66.08,44.66,54.35,29.36,21.32,61.81,13.29,,,
2015-11-23,66.05,44.83,54.0,30.0,21.76,62.67,13.61,,,
2015-11-24,66.37,46.12,53.9,29.55,21.73,63.62,13.79,,,
2015-11-25,66.3,46.17,53.9,30.0,21.4,64.58,13.8,,,
2015-11-26,66.38,,,30.11,21.26,63.88,13.7,,,
2015-11-27,66.56,44.86,53.8,29.83,21.21,62.93,13.58,,,
2015-11-30,66.9,44.61,53.78,29.72,20.86,62.96,13.46,,,
2015-12-01,66.51,44.44,,29.79,21.0,62.96,13.58,,,
2015-12-02,66.46,42.49,,29.57,21.26,62.73,13.38,,,
2015-12-03,66.56,43.84,48.9,29.43,21.09,62.82,13.18,,,
2015-12-04,66.8,43.0,48.65,29.19,20.78,62.35,13.0,,,
2015-12-07,66.64,40.73,47.75,29.01,21.23,62.65,13.02,,,
2015-12-08,66.77,40.26,47.4,29.19,21.48,63.47,12.93,,,
2015-12-09,66.83,40.11,47.45,29.48,21.44,62.52,13.13,,,
2015-12-10,66.89,39.73,47.4,29.6,21.69,63.47,12.93,,,
2015-12-11,66.79,37.93,47.4,29.41,21.73,64.36,12.88,,,
2015-12-14,67.14,37.92,47.65,28.96,21.4,64.74,13.08,,,
2015-12-15,67.07,38.45,47.8,28.63,21.73,64.82,13.24,,,
2015-12-16,66.9,37.19,47.8,29.0,21.46,64.75,13.37,,,
2015-12-17,66.43,37.18,47.75,29.33,21.14,64.17,13.26,,,
2015-12-18,66.46,36.88,47.75,29.51,21.09,63.67,13.31,,,
2015-12-21,66.25,36.35,47.7,29.7,21.0,63.01,13.53,,,
2015-12-22,66.27,36.11,47.75,29.66,21.28,62.97,13.4,,,
2015-12-23,66.24,37.36,47.8,29.96,21.5,62.7,13.42,,,
2015-12-24,66.15,37.89,47.85,29.92,21.42,61.76,13.22,,,
2015-12-25,65.94,,,29.79,21.43,60.85,13.24,,,
2015-12-28,65.94,36.62,48.1,30.06,21.39,61.76,12.83,,,
2015-12-29,66.13,37.79,48.1,30.04,21.07,61.9,12.95,,,
2015-12-30,66.26,36.46,48.1,29.66,21.39,60.98,13.01,,,
2015-12-31,66.46,37.28,48.1,29.22,21.27,61.9,13.18,,,
2016-01-01,66.19,,,29.29,21.22,62.5,13.13,,,
2016-01-04,66.19,37.22,,29.16,21.16,60.9,13.33,,,
2016-01-05,66.6,36.42,47.75,29.04,21.42,61.82,13.53,,,
2016-01-06,66.52,34.23,48.4,28.61,21.1,61.04,13.45,,,
2016-01-07,66.72,33.75,48.5,29.04,21.42,60.6,13.65,,,
2016-01-08,66.92,33.55,47.2,28.67,21.74,59.99,13.73,,,
2016-01-11,66.84,31.55,46.7,29.12,21.75,61.89,13.27,,,
2016-01-12,66.79,30.86,46.2,28.73,22.08,61.54,13.45,,,
2016-01-13,66.92,30.31,45.85,28.85,21.85,61.88,13.66,,,
2016-01-14,66.94,31.03,45.85,28.56,21.89,61.95,13.67,,,
2016-01-15,67.3,31.01,45.4,28.6,21.77,61.11,13.7,,,
2016-01-18,67.77,,,27.59,21.45,63.14,14.02,,,
2016-01-19,67.71,28.76,45.55,27.67,21.51,64.09,14.07,,,
2016-01-20,67.77,27.88,45.5,27.49,21.19,65.06,14.09,,,
2016-01-21,67.95,29.25,45.75,27.3,21.08,65.14,13.98,,,
2016-01-22,67.81,32.18,45.85,27.54,21.2,65.44,13.82,,,
2016-01-25,67.54,30.5,45.6,27.73,21.06,66.55,13.79,,,
2016-01-26,67.74,31.8,45.7,27.89,21.38,66.35,13.73,,,
2016-01-27,67.77,33.1,45.7,27.48,21.7,67.35,13.52,,,
2016-01-28,68.2,33.89,45.8,27.55,21.54,67.35,13.42,,,
2016-01-29,68.09,34.74,45.75,27.74,21.56,67.67,13.3,,,
2016-02-01,67.87,34.69,,27.3,21.79,66.9,13.24,,,
2016-02-02,67.88,32.72,,27.02,21.85,67.91,13.05,,,
2016-02-03,67.99,35.04,45.2,27.05,21.78,66.9,12.85,,,
2016-02-04,67.93,34.46,44.5,27.21,21.81,65.9,12.66,,,
2016-02-05,67.56,34.06,44.2,27.62,22.14,65.24,12.85,,,
2016-02-08,67.8,32.88,44.15,27.68,22.75,66.22,12.72,,,
2016-02-09,68.08,30.32,43.7,27.78,22.71,66.78,12.74,,,
2016-02-10,67.93,30.84,43.65,28.19,22.8,66.19,12.75,,,
2016-02-11,67.89,30.06,43.6,28.29,22.48,67.19,12.8,,,
2016-02-12,68.47,33.36,43.55,27.91,22.82,66.19,12.91,,,
2016-02-15,68.11,,,27.3,22.8,66.31,12.86,,,
2016-02-16,68.14,32.18,43.4,27.69,22.46,65.92,12.99,,,
2016-02-17,68.51,34.5,43.55,28.11,22.57,64.94,12.88,,,
2016-02-18,68.36,34.28,43.45,28.4,22.38,65.92,12.93,,,
2016-02-19,68.57,33.01,43.45,28.8,22.27,66.66,12.84,,,
2016-02-22,68.54,34.69,43.5,28.5,22.27,66.83,13.02,,,
2016-02-23,68.57,33.27,44.0,28.64,21.99,67.33,12.83,,,
2016-02-24,68.6,34.41,43.8,28.68,22.27,67.58,13.02,,,
2016-02-25,68.38,35.29,43.8,28.82,22.4,66.58,12.84,,,
2016-02-26,68.8,35.1,43.9,28.93,22.74,67.58,12.87,,,
2016-02-29,68.73,35.97,43.88,30.01,23.33,65.81,12.63,,,
2016-03-01,68.22,35.96,,30.31,23.34,66.38,12.79,,,
2016-03-02,67.75,36.93,44.75,30.5,23.05,67.38,12.82,,,
2016-03-03,67.39,37.07,46.0,30.34,22.86,66.44,12.94,,,
2016-03-04,67.14,38.72,46.35,30.61,22.52,66.6,13.1,,,
2016-03-07,66.93,40.84,46.65,30.11,22.9,66.16,12.8,,,
2016-03-08,67.05,39.65,46.3,30.22,22.84,65.37,12.71,,,
2016-03-09,67.36,41.07,46.5,29.91,22.86,66.28,12.77,,,
2016-03-10,67.14,40.05,46.5,30.11,22.58,67.28,12.86,,,
2016-03-11,67.31,40.39,46.4,30.1,22.25,67.44,12.75,,,
2016-03-14,66.91,39.53,45.9,29.6,21.98,65.66,13.08,,,
2016-03-15,67.17,38.74,45.85,29.92,22.05,64.78,13.01,,,
2016-03-16,67.36,40.33,45.95,29.92,22.38,64.69,13.13,,,
2016-03-17,66.83,41.54,46.4,30.06,22.29,65.21,13.22,,,
2016-03-18,66.61,41.2,46.6,29.72,22.35,65.67,13.32,,,
2016-03-21,66.38,41.54,46.55,29.66,22.54,65.65,13.48,,,
2016-03-22,66.52,41.79,46.5,30.11,22.57,64.67,13.3,,,
2016-03-23,66.76,40.47,46.25,29.82,22.73,64.82,13.48,,,
2016-03-24,66.9,40.44,46.2,30.21,22.4,64.3,13.54,,,
2016-03-25,66.91,,,29.76,22.74,63.34,13.74,,,
2016-03-28,66.91,40.27,46.19,28.57,22.93,63.34,13.64,,,
2016-03-29,66.91,39.14,46.19,28.14,23.12,64.1,13.59,,,
2016-03-30,66.37,39.26,46.19,28.29,22.96,63.26,13.46,,,
2016-03-31,66.37,39.6,,28.21,23.11,63.34,13.61,,,
2016-04-01,66.25,39.66,,28.34,23.16,62.4,13.71,,,
2016-04-04,66.36,37.69,44.65,28.9,22.62,61.95,13.67,,,
2016-04-05,66.13,37.87,44.7,28.88,22.9,62.89,13.7,,,
2016-04-06,66.47,39.84,44.45,28.47,22.7,62.69,13.88,,,
2016-04-07,66.53,39.43,44.05,28.84,22.66,61.75,13.83,,,
2016-04-08,66.78,41.94,44.75,28.64,23.0,62.38,13.63,,,
2016-04-11,66.54,42.83,44.95,27.95,22.53,61.98,13.74,,,
2016-04-12,66.29,44.69,44.85,27.82,22.36,61.61,13.92,,,
2016-04-13,66.32,44.18,44.85,27.93,22.47,61.43,13.72,,,
2016-04-14,66.53,43.84,45.6,28.05,22.58,60.52,13.68,,,
2016-04-15,66.64,43.1,45.7,27.75,22.33,60.37,13.53,,,
2016-04-18,66.65,42.91,46.05,28.12,22.03,60.03,13.44,,,
2016-04-19,66.41,44.03,46.05,28.54,22.36,59.14,13.48,,,
2016-04-20,66.22,45.8,45.7,28.95,22.37,59.65,13.37,,,
2016-04-21,66.2,44.53,45.6,29.35,22.71,60.55,13.35,,,
2016-04-22,66.51,45.11,45.65,28.92,22.37,61.47,13.5,,,
2016-04-25,66.65,44.48,45.65,28.98,22.05,61.9,13.42,,,
2016-04-26,66.71,45.74,45.65,29.04,22.38,62.35,13.22,,,
2016-04-27,66.46,47.18,45.75,29.37,22.16,62.77,13.16,,,
2016-04-28,66.36,48.14,45.8,29.55,22.03,62.36,12.96,,,
2016-04-29,66.44,48.13,45.75,29.24,21.7,62.56,13.16,,,
2016-05-02,66.42,48.1,,29.36,21.64,62.85,13.4,,,
2016-05-03,66.37,46.75,,29.25,21.65,62.46,13.43,,,
2016-05-04,66.59,44.62,45.85,29.18,21.32,63.4,13.42,,,
2016-05-05,66.62,45.01,46.4,29.45,21.65,63.69,13.22,,,
2016-05-06,66.6,45.37,47.35,29.08,21.51,63.8,13.14,,,
2016-05-09,66.59,43.63,47.2,28.88,21.28,65.24,13.4,,,
2016-05-10,66.72,45.52,47.4,29.01,21.36,66.23,13.6,,,
2016-05-11,66.67,47.6,47.85,29.21,21.45,67.23,13.71,,,
2016-05-12,66.59,48.08,47.9,29.18,21.5,66.9,13.69,,,
2016-05-13,66.75,47.83,47.9,29.16,21.64,66.43,13.73,,,
2016-05-16,66.9,48.97,48.2,29.67,21.41,67.33,13.48,,,
2016-05-17,66.88,49.28,48.25,29.97,21.48,68.35,13.57,,,
2016-05-18,66.87,48.93,47.95,30.29,21.5,68.87,13.37,,,
2016-05-19,67.16,48.81,47.9,29.94,21.18,67.85,13.38,,,
2016-05-20,67.48,48.72,47.9,29.91,20.86,66.84,13.32,,,
2016-05-23,67.42,48.35,47.8,29.58,21.0,67.83,12.92,,,
2016-05-24,67.45,48.61,47.95,29.39,21.23,68.86,12.8,,,
2016-05-25,67.65,49.74,48.05,29.62,21.32,67.83,12.64,,,
2016-05-26,67.3,49.59,48.2,29.25,21.0,66.82,12.59,,,
2016-05-27,66.95,49.32,48.15,29.69,20.72,66.21,12.41,,,
2016-05-30,67.02,,,29.73,20.75,65.67,12.55,,,
2016-05-31,67.13,49.69,48.15,29.53,20.85,64.69,12.63,,,
2016-06-01,67.23,49.71,48.15,29.84,20.85,65.5,12.55,,,
2016-06-02,67.43,50.04,51.05,29.4,20.88,64.53,12.37,,,
2016-06-03,67.29,49.64,51.7,29.85,20.71,63.57,12.37,,,
2016-06-06,66.99,50.55,52.8,29.54,20.55,62.98,12.21,,,
2016-06-07,66.8,51.44,52.0,29.83,20.35,63.93,12.18,,,
2016-06-08,66.76,52.51,51.0,29.62,20.26,64.76,12.36,,,
2016-06-09,66.51,51.95,50.75,29.36,20.52,65.74,12.4,,,
2016-06-10,66.74,50.54,50.55,29.28,20.51,66.01,12.21,,,
2016-06-13,66.94,50.35,50.4,29.11,20.37,65.78,12.32,,,
2016-06-14,67.15,49.83,50.4,29.4,20.19,66.44,12.28,,,
2016-06-15,67.3,48.97,50.5,29.48,20.17,66.0,12.23,,,
2016-06-16,67.07,47.19,50.7,29.13,20.47,66.46,12.29,,,
2016-06-17,67.31,49.17,50.9,29.13,20.61,65.6,12.18,,,
2016-06-20,67.07,50.65,51.3,29.77,19.99,63.72,12.06,,,
2016-06-21,67.13,50.62,51.2,30.14,19.69,62.77,12.21,,,
2016-06-22,67.61,49.88,51.3,30.47,19.86,62.4,12.1,,,
2016-06-23,67.42,50.91,51.3,30.31,19.87,63.2,12.12,,,
2016-06-24,67.24,48.41,51.55,29.92,19.91,62.3,12.24,,,
2016-06-27,67.88,47.16,51.54,29.97,20.33,62.15,12.46,,,
2016-06-28,67.92,48.58,51.54,29.52,20.26,61.72,12.56,,,
2016-06-29,67.71,50.61,,29.52,20.35,62.41,12.63,,,
2016-06-30,67.42,49.68,,29.58,20.38,62.93,12.44,,,
2016-07-01,67.5,49.84,,29.48,20.31,63.88,12.25,,,
2016-07-04,67.18,,,30.54,19.52,62.76,12.13,,,
2016-07-05,67.24,47.96,56.75,30.46,19.63,63.03,12.25,,,
2016-07-06,67.43,48.8,56.55,30.81,19.49,62.7,12.31,,,
2016-07-07,67.4,46.4,57.15,31.27,19.2,62.21,12.16,,,
2016-07-08,67.5,46.76,56.5,31.74,19.32,61.83,12.14,,,
2016-07-11,67.13,46.25,56.35,31.11,19.7,60.5,12.12,,,
2016-07-12,67.14,48.47,57.8,31.3,19.4,60.76,12.31,,,
2016-07-13,66.87,46.26,58.35,31.56,19.11,61.34,12.47,,,
2016-07-14,67.01,47.37,58.1,31.24,18.94,60.85,12.47,,,
2016-07-15,66.84,47.61,58.0,31.27,18.78,61.77,12.66,,,
2016-07-18,67.13,46.96,58.0,31.08,19.3,60.63,12.84,,,
2016-07-19,67.14,46.66,57.3,31.1,19.01,60.69,12.96,,,
2016-07-20,67.21,47.17,57.15,30.99,19.25,61.08,13.15,,,
2016-07-21,67.16,46.2,57.05,31.42,19.43,60.86,13.28,,,
2016-07-22,67.15,45.69,56.8,30.95,19.14,60.01,13.24,,,
2016-07-25,67.15,44.72,57.0,30.74,19.56,58.13,13.43,,,
2016-07-26,67.4,44.87,57.2,31.21,19.34,57.26,13.51,,,
2016-07-27,67.28,43.47,57.2,30.88,19.63,56.68,13.67,,,
2016-07-28,67.06,42.7,57.15,31.17,19.34,57.21,13.69,,,
2016-07-29,67.01,42.46,57.05,31.3,19.55,58.07,13.75,,,
2016-08-01,66.65,42.45,57.03,31.25,19.81,60.4,13.53,,,
2016-08-02,66.75,41.8,61.65,31.66,19.87,61.12,13.32,,,
2016-08-03,66.68,43.1,61.2,31.83,20.04,60.83,13.53,,,
2016-08-04,66.76,44.29,59.3,31.35,19.74,60.96,13.49,,,
2016-08-05,66.84,44.27,57.75,31.15,20.04,60.6,13.29,,,
2016-08-08,66.83,45.39,60.1,31.36,19.75,61.09,13.21,,,
2016-08-09,66.79,44.98,60.9,30.89,19.59,61.46,13.08,,,
2016-08-10,66.78,44.05,60.0,31.09,19.8,61.32,12.95,,,
2016-08-11,66.76,46.04,60.75,30.64,20.06,61.37,12.83,,,
2016-08-12,66.74,46.97,61.45,30.18,19.76,61.75,13.02,,,
2016-08-15,66.9,48.35,61.35,30.08,20.08,60.49,13.11,,,
2016-08-16,66.86,49.23,61.0,30.0,20.38,61.41,13.19,,,
2016-08-17,66.86,49.85,61.15,30.45,20.08,61.36,12.99,,,
2016-08-18,66.91,50.89,60.75,30.68,19.92,61.0,12.89,,,
2016-08-19,66.82,50.88,60.1,31.15,20.04,60.78,12.94,,,
2016-08-22,67.13,49.16,60.4,30.22,19.95,60.13,13.01,,,
2016-08-23,67.19,49.96,60.35,30.13,19.9,60.15,12.9,,,
2016-08-24,67.13,49.05,60.25,30.05,20.12,60.36,12.72,,,
2016-08-25,67.16,49.67,60.25,30.27,20.06,60.7,12.87,,,
2016-08-26,67.01,49.92,60.25,30.29,20.12,60.9,12.77,,,
2016-08-29,67.13,49.26,60.23,31.25,20.85,60.06,12.66,,,
2016-08-30,67.09,48.37,60.23,31.13,20.54,60.97,12.56,,,
2016-08-31,67.13,47.04,60.23,30.78,20.69,60.72,12.52,,,
2016-09-01,66.97,47.05,,30.88,20.45,60.56,12.4,,,
2016-09-02,66.79,46.83,,30.58,20.15,61.14,12.55,,,
2016-09-05,66.57,,,30.73,20.1,60.75,12.44,,,
2016-09-06,66.46,47.26,61.75,30.56,20.32,59.84,12.63,,,
2016-09-07,66.26,47.98,60.5,30.83,20.01,60.75,12.77,,,
2016-09-08,66.47,49.99,60.0,30.77,19.8,59.88,12.89,,,
2016-09-09,66.45,48.01,60.1,30.53,19.5,59.86,12.7,,,
2016-09-12,66.78,48.32,60.15,30.7,19.44,57.93,12.6,,,
2016-09-13,66.72,47.1,60.25,30.94,19.3,57.18,12.62,,,
2016-09-14,67.0,45.85,60.5,30.48,19.59,56.63,12.46,,,
2016-09-15,66.76,46.59,60.9,30.66,19.3,57.49,12.31,,,
2016-09-16,66.85,45.77,61.15,30.27,19.59,57.84,12.5,,,
2016-09-19,67.07,45.95,61.5,30.48,19.3,59.2,12.88,,,
2016-09-20,66.96,45.88,61.5,30.89,19.59,58.84,12.86,,,
2016-09-21,66.97,46.83,61.95,31.21,19.3,59.05,12.75,,,
2016-09-22,66.76,47.65,61.95,31.3,19.3,59.19,12.69,,,
2016-09-23,66.62,45.89,62.4,31.22,19.44,58.73,12.66,,,
2016-09-26,66.7,47.35,62.5,31.21,18.88,58.13,12.58,,,
2016-09-27,66.61,45.97,62.4,30.83,18.67,57.86,12.44,,,
2016-09-28,66.44,48.69,62.8,31.08,18.47,57.0,12.6,,,
2016-09-29,66.33,49.24,62.9,30.78,18.39,56.15,12.79,,,
2016-09-30,66.82,49.06,62.85,30.44,18.55,55.42,12.84,,,
2016-10-03,66.55,49.1,62.83,29.78,18.49,56.63,12.98,,,
2016-10-04,66.38,50.87,62.83,29.87,18.21,55.79,13.1,,,
2016-10-05,66.58,51.86,75.75,30.22,18.49,55.01,13.17,,,
2016-10-06,66.56,52.51,77.25,30.41,18.33,54.19,13.25,,,
2016-10-07,66.69,51.93,76.7,30.34,18.06,54.04,13.38,,,
2016-10-10,66.59,,,30.92,17.96,56.05,13.23,,,
2016-10-11,66.49,52.41,74.1,30.97,17.9,55.85,13.29,,,
2016-10-12,66.8,51.81,74.9,30.79,17.86,56.7,13.27,,,
2016-10-13,66.82,52.03,74.7,30.43,18.1,57.55,13.29,,,
2016-10-14,66.78,51.95,75.7,29.98,18.06,57.47,13.18,,,
2016-10-17,66.71,51.52,77.25,30.64,18.62,55.95,12.96,,,
2016-10-18,66.78,51.68,80.05,30.6,18.82,56.02,12.93,,,
2016-10-19,66.74,52.67,78.25,31.06,18.81,56.87,12.82,,,
2016-10-20,66.64,51.38,78.35,30.88,18.67,56.02,13.01,,,
2016-10-21,66.84,51.78,79.45,31.24,18.75,56.07,13.0,,,
2016-10-24,66.91,51.46,79.1,31.22,18.78,55.15,13.27,,,
2016-10-25,66.83,50.79,79.2,31.38,19.06,55.55,13.33,,,
2016-10-26,66.78,49.98,79.25,31.52,19.35,56.02,13.27,,,
2016-10-27,66.86,50.47,79.3,31.55,19.57,56.33,13.38,,,
2016-10-28,66.9,49.71,79.1,31.54,19.86,56.8,13.19,,,
2016-10-31,66.78,48.3,79.12,32.76,20.18,55.18,13.42,,,
2016-11-01,66.67,48.33,79.12,32.8,19.95,54.76,13.44,,,
2016-11-02,66.68,46.86,84.95,33.2,19.83,54.66,13.44,,,
2016-11-03,66.78,46.35,85.95,33.41,20.12,55.49,13.38,,,
2016-11-04,66.68,45.58,87.05,33.42,19.87,55.41,13.43,,,
2016-11-07,66.79,46.15,87.75,32.78,20.17,55.36,13.3,,,
2016-11-08,66.74,46.04,87.1,32.86,20.29,55.99,13.37,,,
2016-11-09,66.23,46.36,89.55,32.67,20.28,56.84,13.58,,,
2016-11-10,66.51,45.84,89.2,33.17,20.16,57.7,13.52,,,
2016-11-11,67.21,,,33.18,20.24,57.78,13.31,,,
2016-11-14,67.55,44.43,88.65,32.28,20.92,58.82,13.71,,,
2016-11-15,67.78,46.95,88.25,32.47,20.68,59.38,13.92,,,
2016-11-16,67.75,46.63,86.4,32.58,20.67,58.5,14.05,,,
2016-11-17,67.98,46.49,86.7,32.96,20.57,58.25,14.17,,,
2016-11-18,67.97,46.86,86.5,32.65,20.28,59.13,14.09,,,
2016-11-21,68.17,48.9,86.8,32.45,20.5,57.57,14.12,,,
2016-11-22,68.22,49.12,86.7,32.66,20.81,58.44,14.08,,,
2016-11-23,68.39,48.95,86.35,32.86,20.93,59.32,14.12,,,
2016-11-24,68.8,,,32.86,21.25,59.48,13.91,,,
2016-11-25,68.75,47.24,86.8,33.02,21.27,59.91,14.04,,,
2016-11-28,68.51,48.24,86.78,33.47,22.07,60.72,13.91,,,
2016-11-29,68.56,46.38,86.78,33.04,21.79,61.35,13.76,,,
2016-11-30,68.61,50.47,85.9,32.69,21.63,62.27,13.55,,,
2016-12-01,68.59,50.46,85.15,32.73,21.71,63.21,13.49,,,
2016-12-02,68.22,54.46,84.3,33.17,21.84,62.27,13.29,,,
2016-12-05,68.01,54.94,83.1,32.82,22.18,61.02,13.42,,,
2016-12-06,68.01,53.93,79.35,32.61,22.0,60.11,13.42,,,
2016-12-07,67.72,53.0,80.3,32.73,22.11,59.21,13.43,,,
2016-12-08,67.43,53.89,82.65,32.24,22.45,60.11,13.23,,,
2016-12-09,67.41,54.33,85.3,32.73,22.75,60.63,13.25,,,
2016-12-12,67.46,55.69,86.15,32.27,23.11,61.18,13.06,,,
2016-12-13,67.42,55.72,87.5,32.53,22.96,62.05,13.0,,,
2016-12-14,67.39,53.9,88.7,32.79,22.73,61.5,12.96,,,
2016-12-15,67.82,54.02,89.4,32.95,22.7,61.67,12.97,,,
2016-12-16,67.85,55.21,89.3,32.56,22.57,61.87,12.89,,,
2016-12-19,67.83,54.92,89.25,32.1,22.54,61.51,12.99,,,
2016-12-20,67.84,55.35,89.3,32.5,22.88,62.4,12.91,,,
2016-12-21,67.9,54.46,90.4,32.82,22.75,62.5,12.75,,,
2016-12-22,67.83,55.05,90.4,32.83,22.79,63.45,12.64,,,
2016-12-23,67.84,55.16,90.45,32.45,22.93,62.53,12.83,,,
2016-12-26,67.83,,,32.22,23.13,60.95,13.37,,,
2016-12-27,67.77,56.09,90.45,32.53,23.48,61.87,13.3,,,
2016-12-28,67.97,56.22,90.75,32.52,23.27,62.8,13.34,,,
2016-12-29,68.21,56.14,90.55,32.99,23.3,61.87,13.36,,,
2016-12-30,67.93,56.13,90.1,32.56,23.31,62.09,13.46,,,
2017-01-02,67.94,,,32.3,23.08,62.79,13.44,,,
2017-01-03,68.13,55.47,90.08,31.82,22.74,62.75,13.53,,,
2017-01-04,68.27,56.46,90.08,31.45,22.84,62.83,13.64,,,
2017-01-05,67.89,56.89,85.65,31.93,22.5,62.9,13.65,,,
2017-01-06,67.73,57.1,85.15,31.81,22.17,62.22,13.67,,,
2017-01-09,68.14,54.94,84.25,31.37,21.97,63.22,13.71,,,
2017-01-10,68.1,53.64,86.75,31.31,22.3,63.12,13.55,,,
2017-01-11,68.32,55.1,88.55,31.21,22.39,62.37,13.66,,,
2017-01-12,68.14,56.01,88.95,31.06,22.65,61.44,13.71,,,
2017-01-13,68.13,55.45,88.45,31.02,22.6,60.53,13.75,,,
2017-01-16,68.16,,,30.61,23.11,61.35,13.81,,,
2017-01-17,68.09,55.47,89.75,30.79,23.09,62.28,13.91,,,
2017-01-18,67.9,53.92,88.95,30.33,22.75,61.79,13.92,,,
2017-01-19,68.2,54.16,88.75,29.88,22.89,61.25,13.84,,,
2017-01-20,68.09,55.49,89.3,30.14,22.99,61.14,13.96,,,
2017-01-23,68.08,55.23,89.4,29.86,22.4,63.04,14.32,,,
2017-01-24,68.05,55.44,89.2,29.61,22.5,63.59,14.53,,,
2017-01-25,68.16,55.08,88.75,29.52,22.17,64.55,14.71,,,
2017-01-26,67.97,56.24,88.55,29.08,22.48,64.39,14.93,,,
2017-01-27,68.15,55.52,88.5,28.82,22.33,64.67,14.91,,,
2017-01-30,68.11,55.23,88.48,29.34,22.27,64.4,14.93,,,
2017-01-31,67.82,55.7,88.48,29.61,22.6,64.88,14.94,,,
2017-02-01,67.5,55.66,85.3,29.17,22.73,64.91,14.76,,,
2017-02-02,67.4,56.56,85.2,29.4,22.73,64.91,14.87,,,
2017-02-03,67.27,56.81,84.45,29.12,22.69,63.94,14.65,,,
2017-02-06,67.16,55.72,84.25,29.59,22.46,62.91,14.55,,,
2017-02-07,67.2,55.05,84.05,29.28,22.64,62.73,14.34,,,
2017-02-08,67.34,55.12,83.25,29.5,22.6,62.64,14.12,,,
2017-02-09,66.96,55.63,82.7,29.41,22.61,62.05,14.0,,,
2017-02-10,66.75,56.7,81.15,29.35,22.93,61.21,14.09,,,
2017-02-13,66.84,55.59,80.3,28.99,22.73,60.71,13.99,,,
2017-02-14,66.92,55.97,80.4,28.97,22.86,59.81,14.04,,,
2017-02-15,66.78,55.75,81.5,29.05,22.96,59.79,13.84,,,
2017-02-16,66.87,55.65,81.6,29.09,23.23,60.03,13.63,,,
2017-02-17,67.16,55.81,81.85,29.37,23.06,59.21,13.59,,,
2017-02-20,67.07,,,29.63,23.24,59.7,13.69,,,
2017-02-21,66.96,56.66,82.35,29.22,22.97,59.57,13.9,,,
2017-02-22,66.97,55.84,82.2,29.43,23.32,58.68,13.81,,,
2017-02-23,66.91,56.58,82.35,29.65,22.97,59.52,13.89,,,
2017-02-24,66.68,55.99,82.25,29.2,23.2,58.73,13.85,,,
2017-02-27,66.64,55.93,82.26,28.81,22.86,59.93,14.17,,,
2017-02-28,66.69,55.59,82.26,29.25,23.2,59.04,13.99,,,
2017-03-01,66.71,55.6,78.9,29.02,23.18,58.67,13.92,,,
2017-03-02,66.86,55.08,77.7,28.74,23.07,59.56,13.91,,,
2017-03-03,66.85,55.9,76.75,28.77,23.13,59.95,14.12,,,
2017-03-06,66.77,56.01,76.8,29.37,22.81,59.33,13.79,,,
2017-03-07,66.66,55.92,75.9,29.56,23.0,59.19,13.58,,,
2017-03-08,66.62,53.11,76.15,29.12,22.66,58.49,13.51,,,
2017-03-09,66.76,52.19,74.9,28.94,22.49,57.62,13.31,,,
2017-03-10,66.68,51.37,75.4,28.75,22.83,57.21,13.11,,,
2017-03-13,66.49,51.35,75.75,28.91,22.71,59.01,12.99,,,
2017-03-14,66.17,50.92,74.8,29.1,22.86,59.16,13.03,,,
2017-03-15,65.78,51.81,75.1,29.15,23.06,58.53,12.89,,,
2017-03-16,65.62,51.74,74.75,29.57,23.4,59.42,13.08,,,
2017-03-17,65.4,51.76,74.8,30.02,23.34,59.6,13.08,,,
2017-03-20,65.47,51.62,74.1,30.73,23.59,60.39,12.95,,,
2017-03-21,65.34,50.96,73.9,30.68,23.66,61.3,13.06,,,
2017-03-22,65.5,50.64,73.7,30.51,23.32,61.56,13.02,,,
2017-03-23,65.36,50.56,74.05,30.21,23.23,60.87,12.86,,,
2017-03-24,65.44,50.8,74.05,29.96,23.28,60.83,12.66,,,
2017-03-27,65.39,50.75,73.25,29.05,23.25,62.09,12.92,,,
2017-03-28,65.04,51.33,73.5,29.12,23.6,62.98,12.84,,,
2017-03-29,65.11,52.42,73.5,29.11,23.87,62.41,12.67,,,
2017-03-30,64.78,52.96,73.5,29.16,23.86,61.48,12.66,,,
2017-03-31,64.79,52.83,73.35,28.98,23.6,61.46,12.47,,,
2017-04-03,64.8,53.12,76.75,29.42,22.86,60.94,12.36,,,
2017-04-04,64.88,54.17,76.7,29.51,22.57,61.82,12.46,,,
2017-04-05,65.05,54.36,77.05,29.29,22.23,62.75,12.65,,,
2017-04-06,65.04,54.89,77.75,28.94,22.57,62.76,12.78,,,
2017-04-07,64.58,55.24,76.75,28.51,22.75,62.81,12.84,,,
2017-04-10,64.26,55.98,75.5,28.76,23.21,61.33,12.48,,,
2017-04-11,64.57,56.23,75.35,29.11,23.56,62.26,12.49,,,
2017-04-12,64.63,55.86,74.9,29.55,23.38,62.2,12.43,,,
2017-04-13,64.5,55.89,75.55,29.25,23.41,61.27,12.32,,,
2017-04-14,64.45,,,29.42,23.64,61.5,12.32,,,
2017-04-17,64.45,55.36,75.55,29.21,23.65,63.14,12.42,,,
2017-04-18,64.41,54.89,75.55,29.65,23.7,63.83,12.53,,,
2017-04-19,64.57,52.93,75.3,29.73,24.05,62.9,12.67,,,
2017-04-20,64.65,52.99,75.6,29.96,24.34,62.42,12.65,,,
2017-04-21,64.66,51.96,75.5,29.67,24.36,62.63,12.73,,,
2017-04-24,64.64,51.6,75.25,29.0,23.86,61.07,12.66,,,
2017-04-25,64.39,52.1,75.2,28.63,24.03,61.95,12.51,,,
2017-04-26,64.35,51.82,75.35,28.63,24.17,62.75,12.51,,,
2017-04-27,64.02,51.44,75.45,28.2,24.53,63.19,12.46,,,
2017-04-28,64.06,51.73,75.45,27.83,24.49,62.6,12.65,,,
2017-05-01,64.26,51.52,74.55,28.13,24.83,61.42,13.09,,,
2017-05-02,64.18,50.46,74.3,27.79,25.13,61.13,13.09,,,
2017-05-03,64.07,50.79,74.05,27.45,25.07,61.74,13.03,,,
2017-05-04,64.21,48.38,73.5,27.33,25.42,61.78,12.83,,,
2017-05-05,64.17,49.1,73.45,27.54,25.8,62.71,12.7,,,
2017-05-08,64.31,49.34,72.65,27.31,25.26,63.03,12.81,,,
2017-05-09,64.41,48.73,72.75,27.4,25.47,62.79,12.62,,,
2017-05-10,64.64,50.22,73.05,27.13,25.09,61.86,12.69,,,
2017-05-11,64.55,50.77,72.75,26.96,25.15,61.71,12.86,,,
2017-05-12,64.36,50.84,72.75,27.37,25.27,61.11,12.67,,,
2017-05-15,64.17,51.82,73.0,27.29,26.34,62.12,13.11,,,
2017-05-16,64.04,51.65,73.4,27.36,25.95,63.01,13.03,,,
2017-05-17,63.9,52.21,74.0,27.71,26.26,62.07,13.16,,,
2017-05-18,64.23,52.51,74.1,27.59,26.5,62.13,13.36,,,
2017-05-19,64.87,53.61,74.25,28.0,26.59,62.98,13.42,,,
2017-05-22,64.45,53.87,74.45,28.96,25.55,62.67,13.68,,,
2017-05-23,64.5,54.15,74.4,29.17,25.17,63.59,13.58,,,
2017-05-24,64.89,53.96,74.35,29.61,25.17,63.42,13.56,,,
2017-05-25,64.76,51.46,74.3,29.77,24.91,62.62,13.63,,,
2017-05-26,64.55,52.15,74.55,29.59,25.29,61.69,13.51,,,
2017-05-29,64.51,,,29.08,25.23,60.03,13.81,,,
2017-05-30,64.51,51.84,77.8,29.03,25.06,60.79,13.6,,,
2017-05-31,64.62,50.31,76.8,29.42,25.09,59.88,13.81,,,
2017-06-01,64.5,50.33,77.25,28.98,24.8,60.1,13.76,,,
2017-06-02,64.37,49.95,77.3,29.42,24.66,60.82,13.93,,,
2017-06-05,64.4,49.47,78.25,29.85,24.89,60.25,14.21,,,
2017-06-06,64.34,50.12,77.8,29.86,25.02,60.2,14.17,,,
2017-06-07,64.42,48.06,77.9,30.3,25.17,60.08,14.16,,,
2017-06-08,64.42,47.86,78.65,30.66,25.35,59.62,14.1,,,
2017-06-09,64.24,48.15,78.6,30.21,25.55,59.7,14.32,,,
2017-06-12,64.38,48.29,78.5,30.38,25.48,61.14,13.98,,,
2017-06-13,64.47,48.72,78.45,30.12,25.86,62.06,13.78,,,
2017-06-14,64.36,47.0,78.0,30.57,26.25,62.38,13.74,,,
2017-06-15,64.17,46.92,78.4,30.96,26.17,62.29,13.85,,,
2017-06-16,64.56,47.37,78.6,30.69,26.43,62.43,13.74,,,
2017-06-19,64.39,46.91,79.1,30.25,26.22,60.84,13.66,,,
2017-06-20,64.49,46.02,79.0,30.34,26.16,60.12,13.74,,,
2017-06-21,64.53,44.82,79.05,30.8,26.55,60.21,13.88,,,
2017-06-22,64.54,45.22,78.85,31.09,26.58,61.12,14.09,,,
2017-06-23,64.59,45.54,78.9,31.46,26.63,62.05,14.11,,,
2017-06-26,64.5,45.83,79.0,31.04,26.05,62.85,13.96,,,
2017-06-27,64.42,46.65,79.0,31.44,25.77,61.91,13.91,,,
2017-06-28,64.52,47.31,79.0,31.42,25.78,62.27,13.74,,,
2017-06-29,64.51,47.42,79.0,31.61,25.64,61.56,13.66,,,
2017-06-30,64.79,47.92,79.15,31.49,25.67,61.41,13.64,,,
2017-07-03,64.61,49.68,80.65,31.18,25.26,61.88,13.85,,,
2017-07-04,64.84,,,30.94,25.29,62.66,14.06,,,
2017-07-05,64.77,47.79,84.05,30.85,25.67,62.97,14.27,,,
2017-07-06,64.79,48.11,85.65,30.51,25.76,63.12,14.16,,,
2017-07-07,64.71,46.71,85.4,30.92,25.54,64.08,14.17,,,
2017-07-10,64.61,46.88,84.55,31.75,26.37,63.82,13.9,,,
2017-07-11,,47.52,84.65,31.72,26.56,64.34,13.83,,,
2017-07-12,64.53,47.74,84.3,31.34,26.81,64.05,13.89,,,
2017-07-13,64.36,48.42,83.3,30.88,27.22,63.42,13.95,,,
2017-07-14,64.43,48.91,83.3,30.42,27.6,63.86,13.99,,,
2017-07-17,64.27,48.42,83.45,30.46,27.81,64.75,14.08,,,
2017-07-18,64.33,48.84,83.55,30.61,27.39,65.73,14.3,,,
2017-07-19,64.31,49.7,83.05,30.15,27.45,66.72,14.08,,,
2017-07-20,64.26,49.3,83.4,29.72,27.47,67.6,14.19,,,
2017-07-21,64.32,48.06,83.6,30.04,27.28,67.27,14.28,,,
2017-07-24,64.46,48.6,83.35,30.3,26.98,67.44,14.18,,,
2017-07-25,64.37,50.2,83.55,30.76,26.81,66.51,14.34,,,
2017-07-26,64.45,50.97,83.5,30.68,26.41,65.53,14.13,,,
2017-07-27,64.34,51.49,83.5,30.71,26.81,66.03,14.23,,,
2017-07-28,64.18,52.52,83.45,30.78,26.41,66.33,14.16,,,
2017-07-31,64.12,52.65,83.3,31.03,26.75,65.62,14.35,,,
2017-08-01,64.19,52.63,82.05,30.99,26.37,65.95,14.2,,,
2017-08-02,64.06,52.36,82.2,31.21,26.6,64.97,14.41,,,
2017-08-03,63.64,52.01,82.9,30.96,26.7,64.01,14.4,,,
2017-08-04,63.7,52.42,83.55,30.95,27.11,63.69,14.26,,,
2017-08-07,63.67,52.37,84.0,31.99,26.9,65.87,14.27,,,
2017-08-08,63.83,52.14,83.5,31.67,26.65,64.89,14.39,,,
2017-08-09,63.7,52.7,84.05,31.51,26.36,65.1,14.39,,,
2017-08-10,63.89,51.9,84.4,31.34,26.76,66.08,14.49,,,
2017-08-11,64.14,52.1,85.1,30.88,26.77,67.08,14.49,,,
2017-08-14,64.08,50.73,85.4,30.57,26.97,69.03,14.32,,,
2017-08-15,64.17,50.8,84.6,30.96,27.37,70.05,14.43,,,
2017-08-16,64.26,50.27,85.3,31.14,27.39,70.1,14.55,,,
2017-08-17,64.16,51.03,85.95,30.87,27.55,69.34,14.62,,,
2017-08-18,64.19,52.72,85.55,30.82,27.26,68.5,14.79,,,
2017-08-21,64.08,51.66,85.2,31.57,27.58,67.46,14.57,,,
2017-08-22,64.16,51.87,85.25,31.48,27.94,66.5,14.79,,,
2017-08-23,64.06,52.57,85.25,31.51,28.36,66.21,14.57,,,
2017-08-24,64.0,52.04,85.15,31.32,28.29,66.89,14.38,,,
2017-08-25,64.04,52.41,85.3,30.85,28.07,66.88,14.33,,,
2017-08-28,64.0,51.89,88.5,31.53,27.2,65.93,13.9,,,
2017-08-29,63.79,52.0,89.55,31.51,26.95,66.93,13.86,,,
2017-08-30,63.99,50.86,89.2,31.23,26.76,67.08,13.91,,,
2017-08-31,63.98,52.38,87.8,31.16,26.7,66.08,13.85,,,
2017-09-01,63.91,52.32,88.1,30.7,26.74,65.09,13.78,,,
2017-09-04,64.02,,,30.33,26.66,65.37,14.21,,,
2017-09-05,64.03,53.38,89.2,30.17,26.27,64.82,14.18,,,
2017-09-06,64.1,54.2,89.2,30.63,26.07,65.28,14.39,,,
2017-09-07,64.02,54.49,89.15,30.64,25.75,65.01,14.54,,,
2017-09-08,63.95,53.78,89.85,30.19,25.9,64.84,14.33,,,
2017-09-11,63.93,53.84,90.05,31.12,26.8,64.72,14.23,,,
2017-09-12,63.98,54.27,90.2,31.39,26.75,65.27,14.15,,,
2017-09-13,63.99,55.16,91.2,31.86,26.57,64.3,13.94,,,
2017-09-14,64.12,55.47,91.75,32.34,26.32,65.27,13.9,,,
2017-09-15,64.15,55.62,91.7,32.08,25.93,66.26,13.69,,,
2017-09-18,64.12,55.48,91.65,32.91,25.82,64.99,13.45,,,
2017-09-19,64.21,55.14,92.35,32.42,25.54,64.02,13.62,,,
2017-09-20,64.3,56.29,92.25,32.36,25.26,63.9,13.73,,,
2017-09-21,64.28,56.43,91.75,32.05,25.27,64.29,13.54,,,
2017-09-22,64.8,56.86,91.8,32.37,25.62,64.13,13.48,,,
2017-09-25,64.89,59.02,91.9,32.29,25.07,63.04,13.41,,,
2017-09-26,65.27,58.44,91.65,32.73,25.02,63.92,13.21,,,
2017-09-27,65.35,57.9,91.45,32.66,24.95,64.8,13.03,,,
2017-09-28,65.53,57.41,91.4,32.95,24.75,65.78,12.96,,,
2017-09-29,65.36,57.54,91.35,33.09,24.82,64.8,12.77,,,
2017-10-02,65.29,56.12,90.8,32.64,24.97,65.49,12.78,,,
2017-10-03,65.57,56.0,91.9,32.21,24.83,65.95,12.88,,,
2017-10-04,65.44,55.8,92.65,32.48,24.67,65.08,12.79,,,
2017-10-05,65.02,57.0,92.3,32.49,25.05,65.8,12.95,,,
2017-10-06,65.21,55.62,90.95,32.44,25.23,65.29,13.06,,,
2017-10-09,65.41,55.79,90.55,32.57,26.07,66.76,13.12,,,
2017-10-10,65.41,56.61,90.9,32.44,26.38,67.77,13.16,,,
2017-10-11,65.24,56.94,90.5,31.96,25.99,67.21,13.33,,,
2017-10-12,65.21,56.25,91.3,32.25,26.06,68.21,13.13,,,
2017-10-13,65.05,57.17,91.25,32.17,26.0,68.56,13.14,,,
2017-10-16,64.67,57.82,92.0,32.66,26.5,67.9,13.06,,,
2017-10-17,64.69,57.88,92.2,32.78,26.63,68.24,13.25,,,
2017-10-18,64.93,58.15,92.5,32.32,26.69,69.21,13.11,,,
2017-10-19,65.04,57.23,91.9,32.24,26.85,69.01,13.02,,,
2017-10-20,64.9,57.75,92.0,32.47,26.49,68.49,13.01,,,
2017-10-23,65.1,57.37,91.85,32.11,26.64,67.25,13.0,,,
2017-10-24,65.03,58.33,91.95,32.13,26.39,66.32,13.02,,,
2017-10-25,65.08,58.44,91.95,32.53,26.19,66.99,13.12,,,
2017-10-26,64.84,59.3,92.1,32.66,26.59,66.63,13.11,,,
2017-10-27,64.6,60.44,92.0,33.16,26.23,66.66,12.98,,,
2017-10-30,64.87,60.9,92.95,32.86,25.63,68.2,12.85,,,
2017-10-31,64.84,61.37,94.8,32.44,25.33,67.18,13.01,,,
2017-11-01,64.67,61.29,95.25,32.81,25.37,67.72,12.83,,,
2017-11-02,64.56,60.62,95.05,33.31,24.99,68.45,12.64,,,
2017-11-03,64.5,62.07,94.0,33.31,24.67,69.4,12.64,,,
2017-11-06,64.69,64.27,94.95,33.26,24.95,69.66,12.58,,,
2017-11-07,64.59,63.69,94.9,32.77,25.09,69.56,12.39,,,
2017-11-08,65.16,63.49,94.65,32.49,25.27,70.04,12.5,,,
2017-11-09,64.91,63.93,94.7,32.01,25.6,70.81,12.32,,,
2017-11-10,64.97,63.52,94.8,32.49,25.56,69.81,12.32,,,
2017-11-13,65.16,63.16,94.85,32.66,25.16,71.89,12.33,,,
2017-11-14,65.44,62.21,94.15,32.23,25.21,70.82,12.38,,,
2017-11-15,65.41,61.87,93.85,31.93,25.32,71.62,12.51,,,
2017-11-16,,61.36,93.95,31.96,25.02,72.13,12.53,,,
2017-11-17,65.21,62.72,93.65,32.36,25.11,73.22,12.63,,,
2017-11-20,64.9,62.22,93.95,32.69,25.15,71.23,12.9,,,
2017-11-21,65.03,62.57,93.8,32.85,25.45,70.73,12.93,,,
2017-11-22,64.76,63.32,93.85,32.93,25.12,69.68,13.12,,,
2017-11-23,64.77,,,32.53,24.78,70.73,13.27,,,
2017-11-24,64.58,63.86,93.95,32.55,24.65,71.8,13.09,,,
2017-11-27,64.54,63.84,91.95,31.98,24.77,70.16,13.14,,,
2017-11-28,64.43,63.61,92.05,32.46,24.88,70.85,13.25,,,
2017-11-29,64.47,63.11,93.0,32.45,25.01,71.92,13.37,,,
2017-11-30,64.41,63.57,92.75,31.97,24.64,71.29,13.17,,,
2017-12-01,64.5,63.49,92.7,31.92,25.01,71.18,13.37,,,
2017-12-04,64.51,62.45,93.6,32.38,25.22,72.91,13.11,,,
2017-12-05,64.35,62.86,93.5,31.89,25.08,73.11,13.23,,,
2017-12-06,64.36,61.22,93.65,32.21,25.46,73.3,13.19,,,
2017-12-07,64.52,62.2,93.7,31.73,25.44,72.21,13.09,,,
2017-12-08,64.54,63.4,94.35,31.57,25.46,71.13,13.02,,,
2017-12-11,64.47,64.69,94.75,31.71,26.35,71.01,12.51,,,
2017-12-12,64.35,63.34,95.3,31.45,26.59,70.49,12.47,,,
2017-12-13,64.55,62.44,95.0,31.35,26.28,69.96,12.57,,,
2017-12-14,64.32,63.31,95.15,31.34,26.33,69.83,12.66,,,
2017-12-15,64.28,63.23,95.1,31.4,26.05,70.89,12.85,,,
2017-12-18,64.07,63.41,95.1,31.93,26.0,70.0,12.93,,,
2017-12-19,64.2,63.8,94.85,32.08,26.03,71.06,12.93,,,
2017-12-20,64.05,64.56,94.85,32.26,25.75,70.56,12.73,,,
2017-12-21,63.97,64.9,94.8,31.78,25.8,69.51,12.55,,,
2017-12-22,64.01,65.25,94.8,31.8,25.51,69.03,12.52,,,
2017-12-25,64.01,,,32.0,25.76,70.83,12.65,,,
2017-12-26,64.01,67.02,94.8,31.75,25.63,69.8,12.46,,,
2017-12-27,64.03,66.44,94.75,31.54,25.7,68.88,12.54,,,
2017-12-28,64.11,66.72,94.8,31.74,25.93,68.58,12.56,,,
2017-12-29,64.06,66.6,94.5,32.14,25.56,69.24,12.66,,,
2018-01-01,63.84,,,32.39,26.23,67.08,12.99,,,
2018-01-02,63.87,66.57,96.9,32.34,26.25,67.98,12.86,,,
2018-01-03,63.46,67.84,96.6,32.26,26.47,68.49,12.71,,,
2018-01-04,63.42,68.07,96.1,32.55,26.63,69.36,12.78,,,
2018-01-05,63.37,67.62,96.4,32.68,26.89,70.41,12.72,,,
2018-01-08,63.26,67.78,96.4,33.04,26.44,68.04,13.02,,,
2018-01-09,63.45,68.82,96.1,32.84,26.05,67.03,13.05,,,
2018-01-10,63.64,69.2,95.65,32.5,26.19,66.6,12.91,,,
2018-01-11,63.76,69.26,95.4,32.49,26.07,66.25,12.72,,,
2018-01-12,63.67,69.87,95.65,32.55,25.74,66.99,12.71,,,
2018-01-15,63.59,,,32.53,26.31,66.45,12.89,,,
2018-01-16,63.52,69.15,95.35,32.64,26.1,65.49,13.08,,,
2018-01-17,63.99,69.38,95.15,32.15,26.5,66.44,13.28,,,
2018-01-18,63.83,69.31,95.0,32.12,26.62,65.72,13.35,,,
2018-01-19,63.87,68.61,95.25,32.12,26.39,64.74,13.38,,,
2018-01-22,63.83,69.03,95.35,32.62,26.88,65.04,13.04,,,
2018-01-23,63.88,69.96,95.25,32.56,26.97,65.83,12.9,,,
2018-01-24,63.75,70.53,95.2,32.27,26.77,65.15,12.94,,,
2018-01-25,63.58,70.42,95.25,31.83,26.48,64.82,13.14,,,
2018-01-26,63.57,70.52,95.25,31.95,26.75,64.99,13.34,,,
2018-01-29,63.57,69.46,91.25,30.95,26.74,65.9,13.39,,,
2018-01-30,63.67,69.02,90.9,31.16,26.83,65.52,13.59,,,
2018-01-31,63.77,69.05,89.6,31.63,26.44,65.9,13.39,,,
2018-02-01,63.67,69.08,87.85,31.16,26.83,65.79,13.53,,,
2018-02-02,63.97,68.58,88.45,30.7,26.88,66.79,13.61,,,
2018-02-05,64.13,67.62,87.1,30.74,27.04,66.04,13.28,,,
2018-02-06,64.31,66.86,85.65,30.58,27.32,66.09,13.1,,,
2018-02-07,63.98,65.51,85.85,30.51,27.51,67.09,12.91,,,
2018-02-08,64.2,64.81,83.85,30.64,27.77,68.1,13.03,,,
2018-02-09,64.44,62.79,82.4,31.03,28.19,67.73,13.22,,,
2018-02-12,64.21,62.59,82.6,30.51,28.05,66.11,13.22,,,
2018-02-13,64.28,62.72,84.5,30.18,28.47,67.11,13.26,,,
2018-02-14,64.25,64.36,85.0,30.64,28.38,67.62,13.07,,,
2018-02-15,64.03,64.33,84.8,30.41,28.21,66.62,13.26,,,
2018-02-16,63.89,64.84,84.7,30.39,27.79,65.95,13.3,,,
2018-02-19,64.38,,,29.93,27.55,64.29,13.89,,,
2018-02-20,64.5,65.25,85.6,29.78,27.72,64.62,13.78,,,
2018-02-21,64.86,65.42,85.65,30.15,27.54,65.25,13.75,,,
2018-02-22,64.89,66.39,86.05,30.03,27.95,66.23,13.65,,,
2018-02-23,64.95,67.31,85.75,29.73,27.75,66.73,13.79,,,
2018-02-26,64.7,67.5,83.5,29.76,27.7,64.63,14.22,,,
2018-02-27,64.78,66.63,82.0,29.82,27.56,64.77,14.01,,,
2018-02-28,64.91,65.78,81.55,30.1,27.3,65.56,14.22,,,
2018-03-01,65.24,65.71,79.35,30.55,27.56,65.6,14.38,,,
2018-03-02,65.15,64.37,78.95,30.86,27.15,65.65,14.32,,,
2018-03-05,65.19,65.54,80.0,30.72,27.99,65.73,14.46,,,
2018-03-06,65.0,65.79,81.1,30.75,28.22,66.72,14.4,,,
2018-03-07,64.89,64.34,81.3,30.79,28.55,66.65,14.48,,,
2018-03-08,64.89,63.61,81.1,30.4,28.98,66.62,14.5,,,
2018-03-09,65.09,65.49,81.3,30.33,29.42,66.59,14.42,,,
2018-03-12,64.96,64.95,80.85,30.8,29.6,67.6,14.55,,,
2018-03-13,64.95,64.64,81.25,30.91,29.9,66.59,14.51,,,
2018-03-14,64.83,64.89,81.0,30.72,29.51,65.99,14.39,,,
2018-03-15,64.84,65.12,80.95,30.54,29.37,66.69,14.3,,,
2018-03-16,65.01,66.21,79.9,30.1,28.93,67.66,14.44,,,
2018-03-19,65.07,66.05,79.5,30.48,29.27,65.92,14.74,,,
2018-03-20,65.21,67.42,80.4,30.15,29.42,66.92,14.89,,,
2018-03-21,65.23,69.47,80.05,30.6,29.85,67.93,14.86,,,
2018-03-22,65.07,68.91,79.95,30.21,29.43,67.7,14.64,,,
2018-03-23,65.16,70.45,79.85,30.06,29.83,66.69,14.78,,,
2018-03-26,65.01,70.12,79.65,30.78,30.91,66.76,14.74,,,
2018-03-27,64.69,70.11,79.7,31.25,30.98,65.97,14.87,,,
2018-03-28,64.9,69.53,79.55,31.44,30.77,66.12,14.93,,,
2018-03-29,65.15,70.27,79.45,31.05,31.07,65.26,14.89,,,
2018-03-30,65.03,,,30.95,30.61,66.25,14.67,,,
2018-04-02,65.11,67.64,79.2,31.07,29.72,67.96,15.02,,,
2018-04-03,65.14,68.12,80.1,31.52,29.97,67.34,14.79,,,
2018-04-04,64.9,68.02,79.9,31.59,30.17,67.33,14.79,,,
2018-04-05,65.0,68.33,80.65,31.91,30.19,68.34,14.75,,,
2018-04-06,64.86,67.11,81.1,31.88,30.26,69.18,14.64,,,
2018-04-09,64.9,68.65,82.1,32.1,29.41,70.84,14.98,,,
2018-04-10,64.87,71.04,82.0,32.47,29.16,71.24,15.16,,,
2018-04-11,64.93,72.06,82.1,32.47,29.39,72.22,14.98,,,
2018-04-12,65.19,72.02,81.9,32.24,29.06,72.75,14.9,,,
2018-04-13,65.28,72.58,81.9,31.76,28.83,73.64,14.91,,,
2018-04-16,65.2,71.42,81.9,31.87,27.9,72.99,14.84,,,
2018-04-17,65.43,71.58,81.25,31.67,27.93,72.32,15.06,,,
2018-04-18,65.68,73.48,81.15,31.49,27.59,71.24,14.9,,,
2018-04-19,66.01,73.78,81.8,31.02,27.63,70.34,15.12,,,
2018-04-20,66.11,74.06,81.8,30.72,27.58,69.43,15.35,,,
2018-04-23,66.2,74.71,81.75,29.89,27.76,69.83,15.47,,,
2018-04-24,66.54,73.86,81.6,29.45,27.34,70.07,15.66,,,
2018-04-25,66.41,74.0,81.65,29.89,27.36,70.34,15.63,,,
2018-04-26,66.91,74.74,81.7,30.35,27.04,71.41,15.4,,,
2018-04-27,66.9,74.64,81.8,30.07,26.63,70.84,15.17,,,
2018-04-30,66.61,75.17,85.25,30.76,27.48,71.59,15.4,,,
2018-05-01,66.45,75.17,85.55,30.46,27.26,72.67,15.41,,,
2018-05-02,66.79,73.36,84.9,30.86,27.42,73.16,15.59,,,
2018-05-03,67.08,73.62,85.1,30.66,27.17,74.26,15.51,,,
2018-05-04,66.66,74.87,85.25,30.2,27.24,74.45,15.45,,,
2018-05-07,66.81,76.17,85.25,31.4,26.92,75.92,15.42,,,
2018-05-08,67.12,74.85,86.1,30.95,27.32,75.15,15.34,,,
2018-05-09,67.16,77.21,87.1,31.21,27.34,76.21,15.57,,,
2018-05-10,67.62,77.47,87.75,31.06,27.17,75.99,15.48,,,
2018-05-11,67.39,77.12,88.4,31.35,27.23,75.65,15.57,,,
2018-05-14,67.38,78.23,89.55,30.15,28.02,76.93,15.49,,,
2018-05-15,67.68,78.43,89.45,30.18,27.7,77.65,15.41,,,
2018-05-16,68.46,79.28,89.6,29.95,27.72,76.81,15.58,,,
2018-05-17,68.06,79.3,89.95,30.19,28.14,77.23,15.71,,,
2018-05-18,68.14,78.51,89.6,30.56,28.56,78.4,15.67,,,
2018-05-21,67.97,79.22,89.6,31.41,29.47,76.96,15.65,,,
2018-05-22,68.4,79.57,89.6,30.95,29.92,78.07,15.42,,,
2018-05-23,68.43,79.8,89.55,31.42,29.74,79.19,15.19,,,
2018-05-24,68.65,78.79,89.6,31.2,29.3,78.81,15.27,,,
2018-05-25,68.26,76.44,89.45,31.54,29.33,80.0,15.04,,,
2018-05-28,67.72,,,31.72,28.36,82.77,15.1,,,
2018-05-29,67.4,75.39,94.1,31.37,28.79,83.93,15.13,,,
2018-05-30,68.13,77.5,95.7,31.84,28.84,82.77,15.0,,,
2018-05-31,67.43,77.59,95.0,31.78,28.98,83.0,14.78,,,
2018-06-01,67.43,77.59,95.35,31.81,28.55,83.45,14.81,,,
2018-06-04,66.93,75.29,95.8,32.49,28.24,84.8,14.68,,,
2018-06-05,67.06,75.38,94.9,32.41,28.37,84.31,14.72,,,
2018-06-06,67.09,75.36,94.8,32.29,28.59,84.25,14.95,,,
2018-06-07,66.83,77.32,95.4,32.62,28.87,83.29,14.85,,,
2018-06-08,67.41,76.46,95.5,32.84,28.65,82.05,14.77,,,
2018-06-11,67.51,76.46,96.15,33.12,29.28,82.99,14.59,,,
2018-06-12,67.49,75.88,96.8,32.79,29.45,81.86,14.5,,,
2018-06-13,67.91,76.74,96.75,32.49,29.01,81.65,14.57,,,
2018-06-14,67.78,75.94,96.75,32.11,28.73,82.88,14.54,,,
2018-06-15,68.13,73.44,96.65,32.01,28.3,82.89,14.33,,,
2018-06-18,68.05,75.34,96.8,32.25,28.3,81.93,14.37,,,
2018-06-19,68.01,75.08,97.0,32.0,28.44,82.66,14.27,,,
2018-06-20,68.05,74.74,96.45,31.9,28.24,81.43,14.16,,,
2018-06-21,68.35,73.05,96.0,31.43,27.82,80.37,14.19,,,
2018-06-22,67.83,75.55,96.0,31.35,28.24,79.2,14.15,,,
2018-06-25,67.85,74.73,96.0,31.57,28.03,78.63,14.6,,,
2018-06-26,68.34,76.31,96.0,31.12,27.61,77.65,14.57,,,
2018-06-27,68.36,77.62,96.0,31.53,27.2,78.75,14.35,,,
2018-06-28,69.24,77.85,96.05,31.61,27.61,79.68,14.21,,,
2018-06-29,68.8,79.44,96.45,31.68,27.44,79.49,14.1,,,
2018-07-02,68.43,77.3,98.85,31.57,26.64,78.0,14.16,,,
2018-07-03,68.69,77.76,99.45,31.75,26.85,76.84,14.21,,,
2018-07-04,68.83,,,31.28,26.99,75.82,14.41,,,
2018-07-05,68.98,77.39,100.4,31.08,27.39,76.74,14.35,,,
2018-07-06,69.07,77.11,100.1,30.99,27.81,77.07,14.4,,,
2018-07-09,68.75,78.07,101.95,31.25,27.78,77.52,14.72,,,
2018-07-10,68.66,78.86,102.25,31.06,28.2,77.09,14.87,,,
2018-07-11,68.9,73.4,102.4,30.87,28.63,76.75,14.64,,,
2018-07-12,68.72,74.45,101.6,30.58,28.69,76.05,14.62,,,
2018-07-13,68.54,75.33,101.2,30.45,28.77,76.34,14.62,,,
2018-07-16,68.49,71.84,100.7,30.51,29.87,76.98,14.61,,,
2018-07-17,68.72,72.16,101.05,30.06,29.43,78.15,14.69,,,
2018-07-18,68.36,72.9,101.65,29.86,29.61,79.33,14.78,,,
2018-07-19,68.62,72.58,101.0,29.74,29.41,79.95,14.77,,,
2018-07-20,68.94,73.07,100.45,30.19,29.85,80.82,14.73,,,
2018-07-23,68.73,73.06,101.25,29.2,30.78,82.25,14.68,,,
2018-07-24,69.2,73.44,101.2,29.22,31.24,82.71,14.59,,,
2018-07-25,68.81,73.93,100.9,29.43,31.27,83.44,14.79,,,
2018-07-26,68.84,74.54,101.0,29.57,31.75,82.29,14.84,,,
2018-07-27,68.74,74.29,100.8,29.63,31.73,81.97,14.65,,,
2018-07-30,68.61,74.97,94.85,30.18,31.86,80.75,14.89,,,
2018-07-31,68.68,74.25,95.1,29.73,31.9,80.55,15.05,,,
2018-08-01,68.5,74.25,95.1,29.41,32.38,80.96,15.05,,,
2018-08-02,68.31,73.45,94.7,28.97,32.39,79.75,15.28,,,
2018-08-03,68.62,73.21,94.45,28.88,31.91,79.62,15.07,,,
2018-08-06,68.5,73.75,96.15,28.93,32.13,81.98,15.09,,,
2018-08-07,68.81,74.65,96.75,28.61,32.43,81.31,15.22,,,
2018-08-08,68.6,72.28,96.45,28.54,32.92,80.39,15.19,,,
2018-08-09,68.46,72.07,96.35,28.12,33.31,81.36,15.12,,,
2018-08-10,69.1,72.81,97.0,28.54,33.79,81.79,15.03,,,
2018-08-13,69.08,72.61,97.7,28.7,34.36,80.88,14.76,,,
2018-08-14,69.95,72.46,98.15,28.28,34.06,79.85,14.98,,,
2018-08-15,69.95,70.76,97.6,27.9,34.57,80.9,14.93,,,
2018-08-16,70.66,71.43,97.8,27.54,34.33,80.37,15.16,,,
2018-08-17,70.0,71.83,98.2,27.52,33.95,80.37,14.93,,,
2018-08-20,69.79,72.21,98.3,28.33,34.81,78.32,15.47,,,
2018-08-21,69.74,72.63,97.65,27.91,34.38,78.42,15.24,,,
2018-08-22,69.81,74.78,96.85,28.12,34.58,77.63,15.12,,,
2018-08-23,69.79,74.73,96.95,27.93,34.27,78.73,15.22,,,
2018-08-24,70.28,75.82,97.0,27.74,33.76,77.56,15.25,,,
2018-08-27,69.76,76.21,97.0,27.65,33.26,76.64,15.47,,,
2018-08-28,69.94,75.95,97.65,27.93,33.76,75.51,15.7,,,
2018-08-29,70.54,77.14,97.7,27.94,33.26,76.65,15.72,,,
2018-08-30,70.91,77.77,97.7,28.36,33.42,75.51,15.81,,,
2018-08-31,71.4,77.42,97.65,27.94,32.92,75.38,15.82,,,
2018-09-03,71.0,,,26.89,32.48,75.81,16.01,,,
2018-09-04,71.07,78.17,100.85,26.94,32.82,75.96,15.9,,,
2018-09-05,71.75,77.27,101.55,26.97,32.57,77.11,15.71,,,
2018-09-06,71.89,76.5,101.0,27.02,32.44,77.28,15.94,,,
2018-09-07,71.94,76.83,99.8,26.62,31.96,77.52,16.07,,,
2018-09-10,72.1,77.37,100.2,27.2,32.7,77.75,15.98,,,
2018-09-11,72.44,79.06,100.95,26.79,32.22,77.53,16.15,,,
2018-09-12,72.99,79.74,100.5,26.9,32.7,78.41,16.31,,,
2018-09-13,71.93,78.18,100.4,26.52,32.42,78.72,16.23,,,
2018-09-14,72.03,78.09,99.55,26.39,32.23,78.6,16.29,,,
2018-09-17,72.1,78.05,99.35,26.32,32.74,77.88,15.95,,,
2018-09-18,72.53,79.03,98.65,26.33,32.98,78.97,16.03,,,
2018-09-19,73.12,79.4,100.3,25.94,33.15,79.17,16.07,,,
2018-09-20,72.35,78.7,99.6,26.3,33.27,77.99,16.17,,,
2018-09-21,71.72,78.8,100.2,26.23,33.44,79.17,16.33,,,
2018-09-24,72.23,81.2,100.35,26.26,34.04,80.46,16.55,,,
2018-09-25,73.3,81.87,100.35,26.02,33.54,81.26,16.7,,,
2018-09-26,73.09,81.34,100.35,26.3,33.99,80.05,16.64,,,
2018-09-27,72.77,81.72,100.2,26.08,34.35,79.5,16.66,,,
2018-09-28,72.95,82.72,100.45,26.28,34.67,78.31,16.6,,,
2018-10-01,72.5,84.98,101.9,25.6,34.61,77.77,16.97,,,
2018-10-02,73.75,84.8,101.2,25.24,34.58,78.72,16.92,,,
2018-10-03,73.28,86.29,100.1,25.25,34.14,77.79,16.82,,,
2018-10-04,73.85,84.58,100.8,24.89,33.82,78.76,16.57,,,
2018-10-05,74.22,84.16,101.25,25.17,33.31,79.96,16.79,,,
2018-10-08,73.76,83.91,101.2,25.29,32.37,79.52,16.7,,,
2018-10-09,73.89,85.0,100.8,25.59,32.66,80.17,16.74,,,
2018-10-10,74.55,83.09,99.9,25.58,33.16,80.04,16.64,,,
2018-10-11,74.6,80.26,99.2,25.35,33.42,78.95,16.6,,,
2018-10-12,74.16,80.43,99.15,24.97,33.33,78.34,16.35,,,
2018-10-15,73.68,80.78,99.0,24.62,33.17,78.86,16.66,,,
2018-10-16,74.08,81.41,99.05,24.52,33.16,79.11,16.63,,,
2018-10-17,73.46,80.05,99.3,24.72,32.8,78.72,16.56,,,
2018-10-18,73.92,79.29,99.8,24.54,33.29,79.44,16.32,,,
2018-10-19,74.16,79.78,100.4,24.53,32.8,80.64,16.53,,,
2018-10-22,73.46,79.83,100.4,24.97,33.56,80.75,16.47,,,
2018-10-23,73.86,76.44,100.45,24.79,33.71,81.8,16.23,,,
2018-10-24,73.22,76.17,100.4,24.6,33.56,81.66,16.13,,,
2018-10-25,73.22,76.89,100.4,24.35,33.45,81.31,16.32,,,
2018-10-26,73.22,77.62,100.3,24.2,33.47,80.1,16.37,,,
2018-10-29,73.12,77.34,99.15,23.99,32.17,78.81,16.05,,,
2018-10-30,73.59,75.91,98.7,24.36,31.78,78.55,15.95,,,
2018-10-31,73.65,75.47,97.45,24.45,31.82,78.24,16.13,,,
2018-11-01,74.07,75.5,95.35,24.09,31.95,78.24,16.28,,,
2018-11-02,73.31,72.83,96.1,23.96,31.47,77.3,16.5,,,
2018-11-05,72.9,73.17,94.9,24.04,31.59,80.85,16.55,,,
2018-11-06,72.86,72.13,93.25,24.32,31.33,81.64,16.5,,,
2018-11-07,73.23,72.07,94.0,24.69,31.16,81.61,16.44,,,
2018-11-08,72.38,70.65,92.3,24.5,30.94,82.84,16.44,,,
2018-11-09,72.9,70.18,91.75,24.42,30.69,82.06,16.2,,,
2018-11-12,72.47,70.12,92.8,24.06,30.93,80.99,16.19,,,
2018-11-13,73.18,65.47,91.45,24.25,30.8,80.14,15.95,,,
2018-11-14,72.55,66.12,90.3,24.57,30.78,79.97,15.71,,,
2018-11-15,72.4,66.62,90.1,24.35,30.51,78.78,15.95,,,
2018-11-16,71.89,66.76,89.6,23.99,30.95,79.31,16.04,,,
2018-11-19,71.78,66.79,88.8,24.14,30.6,78.29,16.04,,,
2018-11-20,71.69,62.53,88.15,24.05,30.49,79.47,15.92,,,
2018-11-21,71.42,63.48,88.05,24.09,30.17,79.9,15.82,,,
2018-11-22,71.29,,,24.45,30.34,80.21,15.79,,,
2018-11-23,70.83,58.8,88.25,24.56,30.7,79.62,15.66,,,
2018-11-26,70.67,60.48,88.35,24.26,30.65,77.21,15.46,,,
2018-11-27,70.81,60.21,88.4,24.63,30.49,77.49,15.7,,,
2018-11-28,70.88,58.76,88.4,24.57,30.79,77.54,15.84,,,
2018-11-29,70.6,59.51,88.45,24.57,31.26,76.54,15.61,,,
2018-11-30,69.92,58.71,88.5,24.43,30.79,77.7,15.37,,,
2018-12-03,69.76,61.69,85.65,25.27,30.84,78.6,15.46,,,
2018-12-04,70.49,62.08,85.85,25.29,30.65,78.6,15.44,,,
2018-12-05,70.63,,,25.31,30.95,79.3,15.33,,,
2018-12-06,70.87,60.06,86.5,24.93,30.94,79.48,15.17,,,
2018-12-07,70.75,61.67,86.55,25.15,30.62,80.68,15.1,,,
2018-12-10,71.36,59.97,86.55,25.11,31.1,80.61,15.07,,,
2018-12-11,72.73,60.2,86.95,25.0,31.57,79.41,14.93,,,
2018-12-12,72.62,60.15,87.7,24.88,31.59,80.45,15.04,,,
2018-12-13,72.15,61.45,87.9,25.18,31.71,79.25,15.18,,,
2018-12-14,71.55,60.28,88.5,25.07,31.6,79.97,14.98,,,
2018-12-17,71.91,59.61,88.85,25.2,31.1,80.81,14.86,,,
2018-12-18,71.59,56.26,88.45,25.17,30.78,80.99,14.85,,,
2018-12-19,70.57,57.24,88.4,24.97,30.96,79.78,15.07,,,
2018-12-20,70.69,54.35,88.25,24.6,31.03,78.79,15.25,,,
2018-12-21,70.3,53.82,88.05,24.97,31.15,77.99,15.27,,,
2018-12-24,70.14,50.47,88.05,25.4,31.92,78.12,15.6,,,
2018-12-25,70.24,,,25.02,32.4,76.96,15.37,,,
2018-12-26,70.24,54.47,88.05,24.88,32.89,78.12,15.35,,,
2018-12-27,70.15,52.16,87.65,25.13,33.39,77.36,15.12,,,
2018-12-28,69.99,52.2,87.45,24.82,33.26,77.64,15.15,,,
2018-12-31,69.92,53.8,86.65,24.34,33.08,74.48,15.47,,,
2019-01-01,69.71,,,24.38,33.2,74.02,15.37,,,
2019-01-02,69.71,54.91,85.45,24.6,33.21,74.96,15.3,,,
2019-01-03,69.96,55.95,83.7,24.79,33.65,75.33,15.37,,,
2019-01-04,70.3,57.06,83.35,24.87,33.15,75.48,15.26,,,
2019-01-07,69.53,57.33,81.6,25.0,34.02,75.72,15.33,,,
2019-01-08,69.81,58.72,82.15,25.19,33.96,75.6,15.25,,,
2019-01-09,70.33,61.44,82.15,24.82,34.17,76.75,15.2,,,
2019-01-10,70.55,61.68,82.3,24.45,34.69,77.9,15.43,,,
2019-01-11,70.72,60.48,82.55,24.24,34.74,79.08,15.54,,,
2019-01-14,70.37,58.99,82.0,24.09,35.34,78.81,16.06,,,
2019-01-15,71.08,60.64,82.5,23.84,35.17,77.63,16.15,,,
2019-01-16,71.09,61.32,83.0,23.67,35.16,78.81,16.22,,,
2019-01-17,71.36,61.18,83.4,23.99,35.69,78.84,15.98,,,
2019-01-18,71.03,62.7,83.2,24.0,35.76,77.69,16.05,,,
2019-01-21,71.23,,,24.28,35.77,75.54,16.12,,,
2019-01-22,71.5,61.5,82.0,24.06,36.31,75.54,16.27,,,
2019-01-23,71.23,61.14,82.0,24.42,36.0,74.42,16.46,,,
2019-01-24,71.16,61.09,81.85,24.49,35.93,74.05,16.21,,,
2019-01-25,70.99,61.64,81.8,24.44,36.05,72.95,16.13,,,
2019-01-28,70.97,59.93,79.0,24.4,35.45,73.12,15.88,,,
2019-01-29,71.09,61.32,79.75,24.04,35.48,72.03,16.12,,,
2019-01-30,71.62,61.65,79.95,24.32,36.01,71.73,16.16,,,
2019-01-31,71.12,61.89,79.15,24.69,36.56,71.32,16.06,,,
2019-02-01,71.2,61.87,77.5,25.06,36.15,71.64,16.25,,,
2019-02-04,71.45,62.51,76.6,25.26,37.08,72.14,16.17,,,
2019-02-05,71.68,61.98,75.65,24.89,37.43,71.06,16.41,,,
2019-02-06,71.77,62.69,76.1,25.26,37.57,72.06,16.58,,,
2019-02-07,71.54,61.63,75.2,25.41,37.9,71.12,16.69,,,
2019-02-08,71.58,62.1,74.15,25.26,38.24,70.07,16.95,,,
2019-02-11,71.15,61.51,73.6,25.47,38.45,69.81,16.68,,,
2019-02-12,71.23,62.42,73.3,25.42,38.35,69.29,16.93,,,
2019-02-13,70.81,63.61,74.0,25.61,38.41,68.92,16.74,,,
2019-02-14,70.87,64.57,73.85,25.6,38.29,69.96,16.99,,,
2019-02-15,71.01,66.25,74.15,25.21,37.72,69.96,16.74,,,
2019-02-18,71.32,,,25.55,37.63,67.87,16.57,,,
2019-02-19,71.7,66.45,74.15,25.79,37.08,68.1,16.45,,,
2019-02-20,71.6,67.08,74.35,25.47,36.66,68.57,16.61,,,
2019-02-21,71.3,67.07,74.25,25.46,37.02,68.69,16.86,,,
2019-02-22,71.18,67.12,74.45,25.28,37.58,67.89,16.61,,,
2019-02-25,71.03,64.76,73.4,25.73,38.0,67.18,16.65,,,
2019-02-26,71.09,65.21,74.05,26.07,37.68,66.75,16.58,,,
2019-02-27,70.94,66.39,75.25,26.29,37.4,67.31,16.34,,,
2019-02-28,71.19,66.03,75.0,26.37,37.17,68.15,16.58,,,
2019-03-01,70.82,65.07,74.7,26.06,37.52,67.97,16.82,,,
2019-03-04,70.99,65.67,75.25,25.79,37.91,67.07,16.58,,,
2019-03-05,70.9,65.86,74.5,25.68,38.14,68.09,16.33,,,
2019-03-06,70.74,65.99,73.6,25.38,38.42,69.11,16.4,,,
2019-03-07,70.36,66.3,73.25,25.0,39.0,69.49,16.55,,,
2019-03-08,70.49,65.74,72.35,24.8,38.42,69.45,16.58,,,
2019-03-11,69.99,66.58,72.4,24.5,37.88,67.71,16.42,,,
2019-03-12,69.79,66.67,72.65,24.87,37.77,68.74,16.33,,,
2019-03-13,69.85,67.55,71.8,25.18,37.75,69.78,16.29,,,
2019-03-14,69.73,67.23,72.0,25.56,37.36,70.83,16.43,,,
2019-03-15,69.34,67.16,71.45,25.68,36.8,71.08,16.68,,,
2019-03-18,68.95,67.54,71.45,25.62,35.99,71.14,16.44,,,
2019-03-19,68.62,67.61,71.25,25.24,35.68,70.57,16.68,,,
2019-03-20,69.32,68.5,71.2,25.6,36.22,69.88,16.49,,,
2019-03-21,68.82,67.86,70.9,25.99,35.82,69.57,16.67,,,
2019-03-22,68.93,67.03,70.75,25.82,36.36,69.23,16.92,,,
2019-03-25,69.16,67.21,70.7,25.63,36.41,68.03,16.83,,,
2019-03-26,68.92,67.97,70.4,25.98,36.22,68.13,16.9,,,
2019-03-27,69.43,67.83,70.15,25.59,35.68,67.11,17.04,,,
2019-03-28,69.37,67.82,70.25,25.72,35.15,66.92,17.3,,,
2019-03-29,69.5,68.39,69.55,25.63,35.51,65.92,17.33,,,
2019-04-01,69.43,69.01,58.75,25.76,36.62,64.5,17.15,,,
2019-04-02,69.2,69.37,56.35,25.73,36.62,63.76,17.41,,,
2019-04-03,68.91,69.31,54.7,25.66,37.17,64.27,17.37,,,
2019-04-04,68.85,69.4,56.15,25.96,37.73,63.32,17.29,,,
2019-04-05,68.97,70.34,57.0,26.1,37.45,64.27,17.03,,,
2019-04-08,69.16,71.1,58.7,25.66,36.89,64.09,17.35,,,
2019-04-09,69.55,70.61,59.05,25.94,36.87,64.28,17.45,,,
2019-04-10,69.26,71.73,59.65,25.95,36.96,63.32,17.34,,,
2019-04-11,69.14,70.83,59.75,26.16,36.41,62.38,17.08,,,
2019-04-12,69.43,71.55,59.75,26.56,36.05,61.98,17.17,,,
2019-04-15,69.16,71.18,59.4,26.76,35.83,61.43,17.17,,,
2019-04-16,69.81,71.72,59.4,26.36,35.35,62.36,17.26,,,
2019-04-17,69.89,71.62,59.7,26.31,34.99,61.43,17.28,,,
2019-04-18,69.4,71.97,59.5,26.21,35.52,60.51,17.19,,,
2019-04-19,69.38,,,26.33,35.64,60.93,17.27,,,
2019-04-22,69.36,74.04,59.5,25.8,34.98,59.24,17.68,,,
2019-04-23,70.06,74.51,59.6,25.51,34.74,58.37,17.94,,,
2019-04-24,69.76,74.57,59.35,25.65,34.36,58.27,18.22,,,
2019-04-25,70.1,74.35,59.4,26.04,34.51,57.7,18.03,,,
2019-04-26,70.16,72.15,58.3,26.01,35.03,57.01,17.91,,,
2019-04-29,69.84,72.04,59.0,26.16,36.16,55.44,17.69,,,
2019-04-30,69.81,72.8,59.0,26.28,35.86,55.31,17.79,,,
2019-05-01,69.56,72.18,58.5,26.05,36.03,54.92,17.99,,,
2019-05-02,69.63,70.75,59.35,26.32,36.57,54.77,18.26,,,
2019-05-03,69.42,70.85,60.85,26.37,37.12,54.66,18.22,,,
2019-05-06,69.17,71.24,60.85,26.45,36.42,55.07,18.38,,,
2019-05-07,69.4,69.88,59.95,26.85,36.82,54.25,18.2,,,
2019-05-08,69.91,70.37,60.4,26.52,37.37,54.09,17.99,,,
2019-05-09,70.01,70.39,59.2,26.42,37.39,54.73,18.14,,,
2019-05-10,70.41,70.62,59.25,26.49,37.07,55.1,17.96,,,
2019-05-13,69.92,70.23,58.45,26.17,37.49,52.99,17.95,,,
2019-05-14,70.62,71.24,59.25,26.57,37.58,53.44,17.69,,,
2019-05-15,70.31,71.77,58.9,26.81,37.5,52.9,17.63,,,
2019-05-16,70.21,72.62,58.45,26.41,37.99,53.09,17.77,,,
2019-05-17,70.24,72.21,58.4,26.22,38.35,53.29,17.51,,,
2019-05-20,70.28,71.97,58.2,27.33,37.25,53.73,17.02,,,
2019-05-21,70.13,72.18,58.2,27.27,37.61,52.93,16.94,,,
2019-05-22,,70.99,58.0,27.3,37.69,52.72,16.71,,,
2019-05-23,69.97,67.76,57.75,27.26,37.38,52.64,16.47,,,
2019-05-24,69.94,68.69,57.6,27.63,37.5,51.86,16.46,,,
2019-05-27,69.36,,,27.42,37.94,51.18,17.07,,,
2019-05-28,69.72,70.11,57.1,27.4,37.79,51.88,17.23,,,
2019-05-29,69.88,69.45,56.9,27.82,37.9,51.11,17.09,,,
2019-05-30,69.82,66.87,56.8,27.59,38.48,51.6,17.15,,,
2019-05-31,69.98,64.49,56.45,27.58,38.19,52.27,17.38,,,
2019-06-03,69.57,61.28,51.7,26.87,38.58,52.42,17.71,,,
2019-06-04,69.16,61.97,52.35,26.72,38.25,51.94,17.98,,,
2019-06-05,69.56,60.63,51.6,26.32,38.31,51.16,18.16,,,
2019-06-06,69.62,61.67,51.9,26.54,38.87,50.87,18.09,,,
2019-06-07,69.36,63.29,52.45,26.77,38.4,50.23,18.07,,,
2019-06-10,69.35,62.29,53.0,27.18,36.71,50.49,18.39,,,
2019-06-11,69.52,62.29,51.3,27.19,36.99,49.99,18.41,,,
2019-06-12,69.39,59.97,50.5,26.99,36.44,49.72,18.69,,,
2019-06-13,69.7,61.31,50.3,27.39,36.3,49.68,18.83,,,
2019-06-14,69.8,62.01,49.85,26.99,36.6,50.39,18.73,,,
2019-06-17,69.77,60.94,49.35,27.46,36.71,50.74,19.22,,,
2019-06-18,70.11,62.14,48.75,27.58,36.76,49.98,18.94,,,
2019-06-19,69.76,61.82,48.7,27.42,36.66,50.74,18.76,,,
2019-06-20,69.87,64.45,48.8,27.11,36.56,50.42,19.04,,,
2019-06-21,69.78,65.2,48.9,27.0,37.11,51.18,19.33,,,
2019-06-24,69.57,64.86,49.05,26.51,37.83,52.55,20.05,,,
2019-06-25,69.6,65.05,48.95,26.12,37.79,51.77,20.18,,,
2019-06-26,69.64,66.49,48.95,26.51,37.22,51.33,19.96,,,
2019-06-27,69.6,66.55,49.1,26.36,36.84,51.21,19.82,,,
2019-06-28,69.32,66.55,48.9,25.97,37.39,50.59,19.53,,,
2019-07-01,68.94,65.06,50.6,25.55,37.14,49.58,19.41,,,
2019-07-02,69.17,62.4,51.4,25.65,36.64,49.75,19.5,,,
2019-07-03,69.08,63.82,52.8,25.33,36.48,49.06,19.21,,,
2019-07-04,69.01,,,25.72,36.45,49.8,19.17,,,
2019-07-05,68.74,64.23,56.3,25.88,36.89,49.85,19.46,,,
2019-07-08,68.44,64.11,57.05,25.5,36.85,48.6,18.91,,,
2019-07-09,68.85,64.16,56.45,25.69,36.69,48.42,18.63,,,
2019-07-10,68.76,67.01,57.9,25.68,36.26,48.96,18.75,,,
2019-07-11,68.37,66.52,58.1,25.62,35.85,48.86,18.66,,,
2019-07-12,68.67,66.72,57.85,25.64,36.33,48.14,18.58,,,
2019-07-15,68.55,66.48,57.75,24.97,36.17,48.99,18.18,,,
2019-07-16,68.75,64.35,57.3,25.27,35.81,49.11,18.25,,,
2019-07-17,68.89,63.66,57.9,25.36,36.16,49.44,17.98,,,
2019-07-18,68.79,61.93,57.7,25.13,36.71,48.7,17.82,,,
2019-07-19,68.85,62.47,58.35,25.51,37.24,48.81,18.04,,,
2019-07-22,68.83,63.26,58.2,25.48,37.46,48.36,18.55,,,
2019-07-23,69.16,63.83,58.2,25.6,37.21,47.95,18.53,,,
2019-07-24,69.02,63.18,58.2,25.73,36.77,48.68,18.54,,,
2019-07-25,69.18,63.39,58.2,25.6,37.33,49.41,18.48,,,
2019-07-26,69.15,63.46,58.35,25.74,37.14,48.68,18.38,,,
2019-07-29,68.87,63.71,58.0,25.45,37.4,48.88,18.26,,,
2019-07-30,68.95,64.72,57.9,25.32,37.11,48.2,18.35,,,
2019-07-31,69.08,65.17,57.9,25.7,37.68,47.57,18.36,,,
2019-08-01,69.4,60.5,58.85,25.46,37.3,47.12,18.57,,,
2019-08-02,69.3,61.89,58.0,25.28,37.36,46.42,18.58,,,
2019-08-05,69.66,59.81,57.0,24.41,36.81,45.27,18.01,,,
2019-08-06,71.52,58.94,56.05,24.35,36.44,45.31,18.28,,,
2019-08-07,71.23,56.23,56.1,24.39,35.99,45.67,18.13,,,
2019-08-08,71.17,57.38,56.4,24.38,36.13,45.63,17.93,,,
2019-08-09,70.47,58.53,56.25,24.33,35.74,44.95,17.84,,,
2019-08-12,71.04,58.57,56.3,24.6,34.9,45.04,17.98,,,
2019-08-13,71.58,61.3,56.45,24.43,35.33,44.37,18.25,,,
2019-08-14,71.08,59.48,56.25,24.35,35.87,43.95,18.27,,,
2019-08-15,71.64,58.23,56.0,24.52,35.53,43.73,18.54,,,
2019-08-16,71.72,58.64,55.9,24.89,36.07,44.15,18.74,,,
2019-08-19,71.13,59.74,55.8,24.83,35.77,44.94,19.37,,,
2019-08-20,72.0,60.03,55.65,24.54,35.37,44.27,19.52,,,
2019-08-21,71.81,60.3,55.3,24.55,35.03,43.64,19.81,,,
2019-08-22,71.44,59.92,55.2,24.18,35.01,42.99,19.7,,,
2019-08-23,71.92,59.34,55.3,23.82,35.28,42.35,19.46,,,
2019-08-26,71.5,58.7,55.3,23.88,34.7,41.99,19.89,,,
2019-08-27,72.16,59.51,55.05,23.88,34.29,41.79,19.77,,,
2019-08-28,71.54,60.49,54.65,23.6,34.25,41.17,19.48,,,
2019-08-29,72.08,61.08,54.7,23.59,34.15,40.72,19.43,,,
2019-08-30,71.68,60.43,54.25,23.24,33.74,40.46,19.19,,,
2019-09-02,71.73,,,23.19,34.14,39.96,18.56,,,
2019-09-03,71.96,58.26,56.95,22.9,33.95,40.57,18.84,,,
2019-09-04,72.46,60.7,56.9,23.06,34.2,40.32,18.69,,,
2019-09-05,71.96,60.95,57.4,22.97,33.96,39.72,18.97,,,
2019-09-06,72.22,61.54,57.65,22.83,34.26,40.32,18.92,,,
2019-09-09,71.67,62.59,58.4,23.22,34.61,40.63,18.69,,,
2019-09-10,72.09,62.38,60.65,22.95,34.33,41.24,18.65,,,
2019-09-11,71.86,60.81,60.5,22.61,34.07,40.8,18.68,,,
2019-09-12,71.56,60.38,60.85,22.64,33.84,40.51,18.5,,,
2019-09-13,71.29,60.22,60.95,22.55,34.36,40.12,18.23,,,
2019-09-16,71.02,69.02,61.75,22.76,33.31,40.83,18.23,,,
2019-09-17,71.75,64.55,61.55,22.42,33.31,40.88,18.26,,,
2019-09-18,71.71,63.6,60.95,22.76,33.19,40.83,18.54,,,
2019-09-19,71.54,64.4,60.95,22.72,32.7,40.29,18.52,,,
2019-09-20,71.72,64.28,61.25,22.91,32.53,40.9,18.54,,,
2019-09-23,71.19,64.77,60.8,22.43,32.51,40.74,18.18,,,
2019-09-24,70.79,63.1,60.6,22.55,32.91,41.36,17.97,,,
2019-09-25,71.29,62.39,60.25,22.45,32.87,41.98,18.05,,,
2019-09-26,71.31,62.74,60.55,22.46,32.97,41.91,18.22,,,
2019-09-27,71.21,61.91,60.35,22.65,32.48,42.22,18.39,,,
2019-09-30,70.5,60.78,59.55,22.26,32.55,42.19,18.62,,,
2019-10-01,70.92,58.89,60.0,22.6,32.25,41.97,18.64,,,
2019-10-02,71.1,57.69,59.45,22.56,32.73,41.34,18.36,,,
2019-10-03,71.14,57.71,59.25,22.73,33.23,41.56,18.18,,,
2019-10-04,71.02,58.37,59.7,22.7,33.43,42.19,17.91,,,
2019-10-07,70.82,58.35,60.3,22.72,33.09,42.09,17.84,,,
2019-10-08,71.36,58.24,61.4,22.39,32.89,41.46,17.9,,,
2019-10-09,71.21,58.32,60.85,22.05,32.79,40.85,17.64,,,
2019-10-10,71.41,59.1,60.75,22.13,32.58,40.75,17.42,,,
2019-10-11,70.98,60.51,60.7,22.17,32.1,40.89,17.27,,,
2019-10-14,70.91,59.35,60.8,22.4,32.98,41.72,17.52,,,
2019-10-15,71.45,58.74,60.5,22.33,32.64,41.76,17.79,,,
2019-10-16,71.76,59.42,60.3,22.47,32.28,42.38,17.8,,,
2019-10-17,71.62,59.91,60.25,22.3,31.8,42.85,17.85,,,
2019-10-18,71.42,59.42,60.15,22.38,31.68,42.21,17.84,,,
2019-10-21,71.03,58.96,60.2,22.54,32.28,42.45,18.05,,,
2019-10-22,71.11,59.7,60.05,22.87,32.17,42.05,17.86,,,
2019-10-23,71.07,61.17,59.95,22.9,32.24,42.16,17.82,,,
2019-10-24,70.71,61.67,59.95,22.56,31.76,41.88,18.09,,,
2019-10-25,71.19,62.02,59.8,22.47,31.88,41.42,18.13,,,
2019-10-28,70.83,61.57,56.35,23.05,31.99,41.69,18.34,,,
2019-10-29,70.74,61.59,56.4,23.4,32.47,41.07,18.33,,,
2019-10-30,70.88,60.61,56.3,23.46,32.05,40.46,18.51,,,
2019-10-31,70.99,60.23,56.5,23.23,32.11,41.07,18.79,,,
2019-11-01,70.97,61.69,57.05,22.88,32.35,40.94,18.51,,,
2019-11-04,70.51,62.13,56.8,22.9,31.7,40.94,18.1,,,
2019-11-05,71.0,62.96,56.85,22.56,31.84,41.56,17.91,,,
2019-11-06,70.89,61.74,55.8,22.49,31.78,41.19,18.05,,,
2019-11-07,71.0,62.29,56.15,22.5,31.55,41.45,18.09,,,
2019-11-08,71.38,62.51,55.75,22.57,31.87,40.84,18.28,,,
2019-11-11,71.38,62.18,55.2,22.43,30.91,41.38,18.57,,,
2019-11-12,71.57,62.06,55.4,22.1,30.46,41.21,18.59,,,
2019-11-13,71.78,62.37,55.65,22.07,30.92,40.92,18.49,,,
2019-11-14,72.14,62.28,56.05,22.08,31.21,40.66,18.22,,,
2019-11-15,71.96,63.3,55.9,22.13,31.29,40.05,18.43,,,
2019-11-18,71.71,62.44,55.05,22.37,31.59,40.2,18.25,,,
2019-11-19,71.94,60.91,55.25,22.07,31.39,39.91,18.2,,,
2019-11-20,71.85,62.4,55.75,22.29,31.63,39.48,17.93,,,
2019-11-21,71.77,63.97,55.9,22.34,31.48,39.48,17.67,,,
2019-11-22,71.74,63.39,56.0,22.23,31.96,38.89,17.52,,,
2019-11-25,71.78,63.65,55.95,21.91,32.51,38.97,17.89,,,
2019-11-26,71.68,64.27,56.0,21.75,32.96,39.35,18.02,,,
2019-11-27,71.43,64.06,55.95,21.85,32.83,38.85,18.02,,,
2019-11-28,71.23,,,21.54,32.88,39.21,18.29,,,
2019-11-29,71.55,62.43,56.05,21.22,33.38,39.27,18.44,,,
2019-12-02,71.72,60.92,57.35,20.95,33.21,38.32,18.53,,,
2019-12-03,71.62,60.82,56.4,21.27,33.43,37.9,18.52,,,
2019-12-04,71.96,63.0,56.15,21.01,33.24,38.47,18.24,,,
2019-12-05,71.48,63.39,54.9,20.78,33.74,38.48,18.16,,,
2019-12-06,71.39,64.39,54.2,20.64,33.24,38.11,18.43,,,
2019-12-09,71.29,64.25,53.85,20.74,34.77,38.42,18.72,,,
2019-12-10,70.96,64.34,53.8,20.5,34.25,38.16,18.8,,,
2019-12-11,71.01,63.72,53.5,20.2,33.87,37.59,18.62,,,
2019-12-12,70.73,64.2,54.0,19.9,34.38,37.18,18.63,,,
2019-12-13,70.56,65.22,53.65,19.6,33.87,37.1,18.37,,,
2019-12-16,70.69,65.34,53.45,19.26,33.24,37.99,18.44,,,
2019-12-17,70.92,66.1,53.65,19.56,33.74,38.34,18.32,,,
2019-12-18,71.21,66.17,53.55,19.85,33.66,38.65,18.14,,,
2019-12-19,70.99,66.54,53.55,19.77,33.4,38.76,18.12,,,
2019-12-20,71.22,66.14,53.35,19.47,33.53,39.35,18.2,,,
2019-12-23,71.02,66.39,53.4,19.06,33.86,38.44,17.85,,,
2019-12-24,71.21,67.2,53.4,18.9,33.36,39.01,18.12,,,
2019-12-25,71.46,,,18.75,32.96,38.97,17.85,,,
2019-12-26,71.54,67.92,53.4,18.66,33.46,39.56,17.98,,,
2019-12-27,71.3,68.16,53.65,18.52,33.54,39.34,17.9,,,
2019-12-30,71.31,68.44,52.8,18.45,33.4,39.1,17.58,,,
2019-12-31,71.31,66.0,53.15,18.73,33.3,39.3,17.71,,,
2020-01-01,71.28,,,18.51,33.36,39.32,17.59,,,
2020-01-02,71.03,66.25,52.55,18.24,33.18,39.16,17.86,,,
2020-01-03,71.42,68.6,52.85,18.32,33.22,39.75,18.0,,,
2020-01-06,71.73,68.91,52.5,17.94,32.73,40.0,18.26,,,
2020-01-07,71.79,68.27,52.65,18.21,32.24,39.61,18.54,,,
2020-01-08,72.16,65.44,52.5,18.36,32.31,39.45,18.28,,,
2020-01-09,71.41,65.37,52.5,18.09,32.8,40.05,18.13,,,
2020-01-10,71.19,64.98,53.0,17.82,32.68,40.32,18.27,,,
2020-01-13,70.95,64.2,53.3,17.75,31.8,40.17,18.25,,,
2020-01-14,70.72,64.49,52.2,17.49,32.04,39.57,18.27,,,
2020-01-15,70.85,64.0,51.75,17.42,31.98,40.17,18.54,,,
2020-01-16,70.72,64.62,50.85,17.37,32.47,39.57,18.55,,,
2020-01-17,70.95,64.85,50.6,17.52,32.96,40.17,18.28,,,
2020-01-20,71.03,,,17.09,33.03,39.9,18.45,,,
2020-01-21,71.03,64.59,50.25,17.3,33.05,40.48,18.73,,,
2020-01-22,71.17,63.21,50.25,17.05,32.9,40.76,18.93,,,
2020-01-23,71.08,62.04,50.3,17.27,33.23,41.25,18.91,,,
2020-01-24,71.32,60.69,50.25,17.28,33.73,41.81,18.92,,,
2020-01-27,71.32,59.32,50.35,17.23,34.91,40.88,18.84,,,
2020-01-28,71.44,59.51,50.35,17.2,35.17,41.01,18.75,,,
2020-01-29,71.23,59.81,50.4,17.42,34.65,40.74,18.63,,,
2020-01-30,71.3,58.29,50.4,17.24,35.17,40.9,18.73,,,
2020-01-31,71.64,58.16,50.4,17.16,35.71,41.1,18.48,,,
2020-02-03,71.5,54.45,47.75,17.12,35.71,40.66,18.12,,,
2020-02-04,71.31,53.96,48.8,16.94,35.97,40.26,18.19,,,
2020-02-05,71.1,55.28,49.45,17.04,35.88,40.71,18.06,,,
2020-02-06,71.18,54.93,49.0,17.03,35.34,40.27,18.33,,,
2020-02-07,71.47,54.47,48.25,17.28,35.49,40.02,18.49,,,
2020-02-10,71.52,53.27,47.55,17.14,36.25,40.78,18.79,,,
2020-02-11,71.28,54.01,48.15,17.3,36.12,41.08,18.69,,,
2020-02-12,71.28,55.79,48.75,17.05,36.59,40.92,18.53,,,
2020-02-13,71.3,56.34,50.0,17.18,36.63,40.87,18.69,,,
2020-02-14,71.27,57.32,50.5,16.96,36.41,40.85,18.73,,,
2020-02-17,71.51,,,17.38,35.7,41.47,19.05,,,
2020-02-18,71.35,57.75,49.4,17.4,36.02,41.25,19.05,,,
2020-02-19,71.57,59.12,49.2,17.14,36.18,40.64,19.34,,,
2020-02-20,71.83,59.31,48.45,16.96,36.73,41.25,19.53,,,
2020-02-21,72.11,58.5,48.35,17.1,36.61,41.07,19.53,,,
2020-02-24,71.89,56.3,48.0,17.47,37.79,42.89,20.13,,,
2020-02-25,72.05,54.95,48.05,17.27,37.86,42.77,20.04,,,
2020-02-26,71.87,53.43,48.0,17.1,37.35,42.94,20.05,,,
2020-02-27,71.66,52.18,48.15,17.13,37.77,42.3,19.95,,,
2020-02-28,71.93,50.52,48.3,16.87,38.34,42.94,20.25,,,
2020-03-02,72.15,51.9,46.85,17.47,39.18,42.35,20.04,,,
2020-03-03,72.82,51.86,47.0,17.21,39.7,42.29,20.03,,,
2020-03-04,73.34,51.13,47.1,17.47,39.77,41.9,19.96,,,
2020-03-05,74.04,49.99,47.6,17.74,39.41,42.54,19.84,,,
2020-03-06,73.86,45.27,47.1,17.47,39.37,43.11,20.0,,,
2020-03-09,74.0,34.36,46.45,17.38,40.26,43.72,19.88,,,
2020-03-10,74.41,37.22,46.4,17.48,40.06,43.44,19.71,,,
2020-03-11,74.21,35.79,46.45,17.66,40.35,44.09,19.59,,,
2020-03-12,74.76,33.22,46.2,17.53,40.81,44.16,19.3,,,
2020-03-13,75.3,33.85,46.6,17.78,41.01,44.83,19.19,,,
2020-03-16,73.9,30.05,46.55,17.28,40.98,45.49,19.61,,,
2020-03-17,75.15,28.73,47.05,17.29,40.37,46.18,19.9,,,
2020-03-18,74.01,24.88,47.3,17.14,39.77,46.87,19.79,,,
2020-03-19,74.98,28.47,47.0,17.31,40.37,47.46,19.6,,,
2020-03-20,75.16,26.98,47.45,17.42,40.64,47.85,19.87,,,
2020-03-23,75.62,27.03,47.5,17.71,40.79,47.11,20.32,,,
2020-03-24,76.51,27.15,47.85,17.61,40.94,47.36,20.27,,,
2020-03-25,77.26,27.39,48.05,17.88,40.33,47.66,20.23,,,
2020-03-26,75.85,26.34,47.95,17.71,40.94,46.95,20.33,,,
2020-03-27,74.73,24.93,47.9,17.97,41.02,46.98,20.28,,,
2020-03-30,75.46,22.76,50.95,17.98,40.01,47.44,20.57,,,
2020-03-31,75.4,22.74,49.5,18.01,40.32,46.74,20.27,,,
2020-04-01,75.32,24.74,48.0,18.2,40.46,46.23,20.3,,,
2020-04-02,77.57,29.94,47.55,18.47,40.36,46.91,20.22,,,
2020-04-03,77.14,34.11,46.45,18.54,40.97,46.91,19.92,,,
2020-04-06,76.23,33.05,46.2,18.63,39.61,46.8,19.38,,,
2020-04-07,75.96,31.87,47.05,18.78,39.47,46.1,19.24,,,
2020-04-08,76.66,32.84,46.5,18.5,39.51,46.66,19.0,,,
2020-04-09,75.96,31.48,46.75,18.61,39.73,47.36,19.29,,,
2020-04-10,76.65,,,18.46,39.55,46.66,19.01,,,
2020-04-13,76.17,31.74,46.75,18.94,40.3,47.04,18.71,,,
2020-04-14,76.91,29.6,45.7,19.05,40.37,47.04,18.57,,,
2020-04-15,75.93,27.69,45.4,18.83,39.98,46.34,18.71,,,
2020-04-16,77.21,27.82,45.5,19.11,40.58,46.21,18.43,,,
2020-04-17,77.57,28.08,45.6,19.4,39.98,45.55,18.5,,,
2020-04-20,76.56,25.57,45.6,19.65,38.86,44.36,18.21,,,
2020-04-21,77.21,19.33,45.1,19.47,38.72,43.89,18.48,,,
2020-04-22,76.97,20.37,45.2,19.48,38.29,43.93,18.28,,,
2020-04-23,76.4,21.33,44.95,19.58,38.3,44.07,18.44,,,
2020-04-24,76.42,21.44,44.95,19.49,38.31,43.41,18.37,,,
2020-04-27,76.27,19.99,39.1,19.46,37.71,43.87,18.32,,,
2020-04-28,76.19,20.46,38.7,19.58,38.11,44.36,18.07,,,
2020-04-29,76.46,22.54,38.95,19.78,38.04,44.02,18.17,,,
2020-04-30,75.26,25.27,39.95,19.83,38.45,44.4,18.44,,,
2020-05-01,75.72,26.44,39.75,20.1,38.75,43.89,18.61,,,
2020-05-04,75.6,27.2,39.0,19.65,39.06,44.28,18.41,,,
2020-05-05,75.85,30.97,39.7,19.39,38.82,44.17,18.69,,,
2020-05-06,76.17,29.72,40.0,19.24,39.41,43.54,18.74,,,
2020-05-07,76.15,29.46,40.05,19.03,39.28,44.1,18.61,,,
2020-05-08,76.08,30.97,40.05,18.9,38.69,43.73,18.9,,,
2020-05-11,75.53,29.63,39.85,18.97,38.09,41.92,18.57,,,
2020-05-12,76.31,29.98,39.35,18.69,38.66,42.55,18.31,,,
2020-05-13,75.68,29.19,39.3,18.95,38.31,43.2,18.58,,,
2020-05-14,75.43,31.13,39.15,18.76,38.47,42.77,18.86,,,
2020-05-15,75.49,32.5,39.0,18.75,38.36,42.54,18.72,,,
2020-05-18,75.82,34.81,39.2,19.15,36.82,41.09,19.23,,,
2020-05-19,75.6,34.65,38.9,19.26,37.35,41.67,19.07,,,
2020-05-20,76.0,35.75,38.75,19.06,37.28,41.96,18.95,,,
2020-05-21,75.78,36.06,38.75,19.35,37.02,42.13,18.94,,,
2020-05-22,75.62,35.13,38.65,19.4,36.58,41.5,18.66,,,
2020-05-25,75.99,,,19.65,38.26,41.43,18.83,,,
2020-05-26,76.11,36.17,38.7,19.74,38.51,41.58,18.69,,,
2020-05-27,75.82,34.74,38.7,20.04,38.66,40.96,18.88,,,
2020-05-28,76.13,35.29,38.7,19.98,38.08,41.58,18.6,,,
2020-05-29,75.96,35.33,38.6,19.9,37.96,40.96,18.86,,,
2020-06-01,75.51,38.32,44.7,19.89,37.58,40.98,18.78,,,
2020-06-02,75.73,39.57,46.65,19.59,37.24,40.96,18.83,,,
2020-06-03,75.07,39.79,46.4,19.46,37.81,40.35,18.8,,,
2020-06-04,75.54,39.99,45.75,19.17,38.24,39.75,18.53,,,
2020-06-05,75.49,42.3,46.15,19.07,38.52,39.16,18.33,,,
2020-06-08,75.52,40.8,45.8,18.7,39.11,39.22,18.4,,,
2020-06-09,75.62,41.18,45.3,18.72,39.13,39.27,18.12,,,
2020-06-10,75.51,41.73,44.75,18.91,39.29,38.72,18.31,,,
2020-06-11,75.88,38.55,44.35,18.63,38.96,38.44,18.04,,,
2020-06-12,76.39,38.73,44.7,18.82,38.49,37.94,18.24,,,
2020-06-15,75.96,39.72,45.05,19.51,38.45,37.11,18.23,,,
2020-06-16,75.98,40.96,44.85,19.8,37.88,36.82,18.11,,,
2020-06-17,76.65,40.71,44.7,19.72,37.31,36.65,18.38,,,
2020-06-18,76.55,41.51,44.8,19.75,37.88,37.01,18.37,,,
2020-06-19,76.4,42.19,45.0,19.65,37.58,36.76,18.29,,,
2020-06-22,76.25,43.08,45.15,19.65,37.43,36.64,17.95,,,
2020-06-23,75.79,42.63,45.4,19.45,37.08,36.81,18.2,,,
2020-06-24,75.61,40.31,45.5,19.74,36.71,37.13,18.02,,,
2020-06-25,75.97,41.05,45.5,19.99,37.27,37.37,18.2,,,
2020-06-26,75.54,41.02,45.6,19.9,37.83,37.39,18.22,,,
2020-06-29,75.62,41.71,49.9,20.5,38.31,37.09,18.01,,,
2020-06-30,75.7,41.15,49.65,20.52,38.89,37.6,17.78,,,
2020-07-01,75.75,42.03,50.25,20.77,39.02,37.67,17.55,,,
2020-07-02,75.45,43.14,50.85,21.08,39.46,38.08,17.29,,,
2020-07-03,74.72,,,21.24,39.41,38.17,17.38,,,
2020-07-06,74.68,43.1,51.2,21.34,40.15,38.78,17.14,,,
2020-07-07,74.61,43.08,50.65,21.67,40.75,39.37,16.95,,,
2020-07-08,75.12,43.29,49.55,21.72,40.89,38.78,16.7,,,
2020-07-09,74.94,42.35,49.2,21.65,40.44,39.13,16.95,,,
2020-07-10,75.34,43.24,48.85,21.43,40.14,39.11,16.94,,,
2020-07-13,75.16,42.72,48.75,21.81,39.3,37.67,17.37,,,
2020-07-14,75.45,42.9,48.55,21.97,39.9,38.05,17.41,,,
2020-07-15,75.57,43.79,49.0,21.64,39.62,38.49,17.44,,,
2020-07-16,75.12,43.37,49.0,21.69,39.69,38.37,17.7,,,
2020-07-17,75.17,43.14,49.3,21.81,39.84,38.82,17.88,,,
2020-07-20,74.9,43.28,49.05,21.61,39.56,39.03,17.96,,,
2020-07-21,74.99,44.32,49.6,21.38,39.7,39.27,17.71,,,
2020-07-22,74.77,44.29,49.8,21.06,39.83,39.55,17.81,,,
2020-07-23,74.82,43.31,49.7,21.38,39.8,39.92,18.08,,,
2020-07-24,74.81,43.34,49.55,21.7,39.21,40.41,17.9,,,
2020-07-27,74.76,43.41,49.5,22.15,39.7,38.94,17.92,,,
2020-07-28,75.0,43.22,49.6,22.12,40.06,39.35,17.71,,,
2020-07-29,75.09,43.75,49.65,22.03,40.26,39.24,17.9,,,
2020-07-30,74.83,42.94,49.75,21.95,39.66,39.48,18.02,,,
2020-07-31,74.99,43.3,49.9,21.63,39.23,38.89,18.04,,,
2020-08-03,74.92,44.15,51.7,21.88,39.68,39.32,18.54,,,
2020-08-04,75.33,44.43,51.6,21.91,39.24,39.38,18.82,,,
2020-08-05,75.25,45.17,51.0,21.87,38.98,39.28,19.1,,,
2020-08-06,74.88,45.09,50.3,21.64,38.76,39.14,18.82,,,
2020-08-07,74.9,44.4,50.85,21.66,38.34,38.79,18.59,,,
2020-08-10,75.02,44.99,50.55,21.58,38.82,38.8,17.98,,,
2020-08-11,75.1,44.5,50.3,21.64,38.24,38.59,17.8,,,
2020-08-12,74.9,45.43,49.65,21.46,38.31,38.67,18.04,,,
2020-08-13,74.77,44.96,49.55,21.31,37.87,39.16,17.77,,,
2020-08-14,75.03,44.8,49.4,21.37,37.74,38.83,17.8,,,
2020-08-17,74.9,45.37,49.55,20.95,37.93,39.03,17.84,,,
2020-08-18,75.0,45.46,49.35,21.22,37.72,38.45,17.57,,,
2020-08-19,74.79,45.37,49.2,21.54,37.32,38.73,17.4,,,
2020-08-20,74.97,44.9,48.85,21.32,36.96,38.48,17.66,,,
2020-08-21,75.0,44.35,48.75,21.45,37.46,38.31,17.41,,,
2020-08-24,74.92,45.13,48.8,21.22,37.1,39.19,17.15,,,
2020-08-25,74.4,45.86,48.95,21.34,37.21,39.59,16.96,,,
2020-08-26,74.45,45.64,48.95,21.12,37.31,39.0,17.19,,,
2020-08-27,74.24,45.09,49.0,21.07,37.87,38.42,17.08,,,
2020-08-28,73.77,45.05,49.05,20.81,38.0,38.87,17.15,,,
2020-08-31,73.13,45.28,52.15,20.95,36.96,38.27,17.41,,,
2020-09-01,73.67,45.58,52.6,20.86,37.52,37.73,17.58,,,
2020-09-02,73.27,44.43,51.55,20.83,37.81,37.33,17.34,,,
2020-09-03,73.25,44.07,51.6,20.87,38.36,37.89,17.28,,,
2020-09-04,73.45,42.66,51.5,20.68,38.94,37.33,17.54,,,
2020-09-07,73.29,,,20.86,38.24,36.42,17.09,,,
2020-09-08,73.65,39.78,51.25,21.15,37.81,35.96,17.27,,,
2020-09-09,73.79,40.79,51.4,21.47,37.89,35.43,17.42,,,
2020-09-10,73.55,40.06,51.7,21.26,38.46,35.96,17.23,,,
2020-09-11,73.53,39.83,51.75,20.95,38.37,36.1,17.39,,,
2020-09-14,73.48,39.61,51.85,21.2,38.81,36.48,18.19,,,
2020-09-15,73.61,40.53,51.9,21.21,38.48,36.96,18.31,,,
2020-09-16,73.8,42.22,52.05,21.01,37.9,36.45,18.27,,,
2020-09-17,73.55,43.3,51.95,20.72,38.14,36.59,18.18,,,
2020-09-18,73.58,43.15,52.05,21.0,38.63,36.95,18.18,,,
2020-09-21,73.53,41.44,52.05,21.11,37.98,38.12,18.18,,,
2020-09-22,73.58,41.72,52.1,20.99,38.22,38.69,17.91,,,
2020-09-23,73.5,41.77,52.2,20.98,38.29,38.12,17.65,,,
2020-09-24,73.78,41.94,52.45,20.98,38.23,38.69,17.82,,,
2020-09-25,73.68,41.92,52.3,21.15,38.81,38.3,17.75,,,
2020-09-28,73.7,42.43,57.3,21.26,38.93,38.33,17.43,,,
2020-09-29,73.97,41.03,56.75,21.17,38.35,38.44,17.34,,,
2020-09-30,73.85,40.95,57.25,20.85,38.27,39.02,17.48,,,
2020-10-01,73.71,40.93,57.25,20.92,38.75,38.82,17.22,,,
2020-10-02,73.22,39.27,56.4,21.24,38.57,38.24,17.23,,,
2020-10-05,73.32,41.29,57.6,20.6,37.49,39.7,16.94,,,
2020-10-06,73.11,42.65,57.75,20.79,37.74,40.18,16.83,,,
2020-10-07,73.82,41.99,57.65,20.9,38.12,39.58,16.84,,,
2020-10-08,73.54,43.34,57.7,20.86,37.6,39.95,16.95,,,
2020-10-09,73.28,42.85,57.6,20.63,37.26,39.4,17.2,,,
2020-10-12,73.01,41.72,56.85,20.38,36.69,38.78,17.73,,,
2020-10-13,73.35,42.45,56.5,20.6,36.15,38.35,17.67,,,
2020-10-14,73.62,43.32,56.65,20.29,36.31,38.93,17.93,,,
2020-10-15,73.3,43.16,56.55,19.99,36.46,39.06,18.18,,,
2020-10-16,73.37,42.93,56.9,20.29,36.14,38.96,18.08,,,
2020-10-19,73.44,42.62,57.1,20.39,36.23,39.29,18.73,,,
2020-10-20,73.57,43.16,57.0,20.35,35.69,39.84,18.8,,,
2020-10-21,73.65,41.73,56.5,20.46,35.9,39.62,18.67,,,
2020-10-22,73.68,42.46,56.85,20.24,35.85,39.21,18.5,,,
2020-10-23,73.72,41.77,56.8,20.28,35.53,38.63,18.43,,,
2020-10-26,73.82,40.46,56.6,19.97,35.69,37.71,18.57,,,
2020-10-27,73.95,41.2,56.5,19.9,35.39,37.39,18.29,,,
2020-10-28,73.81,39.12,56.3,19.87,35.92,37.96,18.34,,,
2020-10-29,74.44,37.65,56.15,19.58,36.2,37.4,18.37,,,
2020-10-30,74.26,37.46,56.35,19.88,36.52,37.97,18.27,,,
2020-11-02,74.55,38.97,50.7,20.25,37.47,38.93,18.46,,,
2020-11-03,74.46,39.71,51.1,19.95,37.82,38.35,18.59,,,
2020-11-04,74.66,41.23,50.85,20.25,38.09,38.35,18.67,,,
2020-11-05,74.38,40.93,51.45,20.24,37.93,38.21,18.39,,,
2020-11-06,74.12,39.45,50.9,20.06,38.01,37.64,18.67,,,
2020-11-09,73.98,42.4,51.05,20.44,37.17,37.88,18.12,,,
2020-11-10,73.95,43.61,51.35,20.75,36.79,37.6,18.21,,,
2020-11-11,74.28,43.8,51.45,21.02,36.66,37.04,18.24,,,
2020-11-12,74.57,43.53,52.5,20.75,36.22,37.08,18.2,,,
2020-11-13,74.86,42.78,52.8,20.59,35.98,36.92,18.48,,,
2020-11-16,74.49,43.82,53.0,20.48,36.54,37.52,18.84,,,
2020-11-17,74.42,43.75,52.85,20.17,36.33,38.09,19.12,,,
2020-11-18,74.48,44.34,52.9,20.06,36.87,37.7,19.38,,,
2020-11-19,74.42,44.2,52.85,19.99,37.33,37.14,19.35,,,
2020-11-20,74.1,44.96,52.9,19.9,37.58,37.43,19.06,,,
2020-11-23,74.16,46.06,53.2,19.81,38.38,39.02,19.11,,,
2020-11-24,74.24,47.86,53.25,20.11,38.96,38.9,19.12,,,
2020-11-25,73.96,48.61,53.6,19.83,39.55,38.57,19.1,,,
2020-11-26,73.78,,,20.13,39.57,38.63,19.39,,,
2020-11-27,74.05,48.18,53.8,20.04,39.86,38.46,19.68,,,
2020-11-30,73.94,47.59,61.0,19.9,39.97,39.94,20.22,,,
2020-12-01,74.03,47.42,61.35,20.13,39.98,40.22,20.37,,,
2020-12-02,73.65,48.25,62.0,20.17,40.46,40.37,20.36,,,
2020-12-03,73.66,48.71,61.8,20.05,40.94,40.82,20.66,,,
2020-12-04,73.86,49.25,63.1,19.75,40.82,40.21,20.48,,,
2020-12-07,73.79,48.79,62.9,19.26,39.87,40.49,20.77,,,
2020-12-08,74.02,48.84,62.95,18.98,39.27,40.44,20.91,,,
2020-12-09,73.73,48.86,63.2,18.92,38.69,40.69,21.15,,,
2020-12-10,73.93,50.25,64.0,19.21,38.85,40.36,21.21,,,
2020-12-11,73.73,49.97,65.15,19.49,39.44,40.97,21.34,,,
2020-12-14,73.74,50.29,65.45,19.76,40.17,40.94,21.51,,,
2020-12-15,73.86,50.76,66.1,19.88,39.57,41.41,21.43,,,
2020-12-16,73.76,51.08,65.75,19.81,39.84,41.54,21.44,,,
2020-12-17,73.62,51.5,65.75,19.51,39.84,41.1,21.74,,,
2020-12-18,73.53,52.26,66.0,19.6,40.14,41.07,21.42,,,
2020-12-21,73.6,50.91,66.2,19.72,39.54,42.05,21.58,,,
2020-12-22,73.94,50.08,66.15,19.64,40.14,42.11,21.48,,,
2020-12-23,74.27,51.2,66.1,19.59,40.59,42.72,21.68,,,
2020-12-24,73.84,51.29,66.2,19.3,40.32,43.36,21.48,,,
2020-12-25,73.56,,,19.25,39.72,43.82,21.16,,,
2020-12-28,73.69,50.86,66.22,19.35,39.24,42.5,21.09,,,
2020-12-29,73.54,51.09,66.22,19.17,39.07,43.14,21.18,,,
2020-12-30,73.45,51.34,,19.26,39.66,43.32,21.21,,,
2020-12-31,73.13,51.8,,19.21,39.07,43.97,20.9,,,
2021-01-01,73.09,,,18.99,39.66,43.9,20.9,,,
2021-01-04,73.09,51.09,69.35,19.36,38.82,43.65,20.4,,,
2021-01-05,73.32,53.6,65.0,19.47,38.46,43.18,20.14,,,
2021-01-06,73.37,54.3,64.4,19.6,38.69,42.54,20.32,,,
2021-01-07,73.36,54.38,66.6,19.75,38.36,42.84,20.02,,,
2021-01-08,73.45,55.99,68.5,19.46,37.79,43.48,20.22,,,
2021-01-11,73.37,55.66,68.45,19.48,37.22,43.66,19.95,,,
2021-01-12,73.51,56.58,70.75,19.78,36.67,43.19,19.76,,,
2021-01-13,73.17,56.06,70.25,19.85,36.44,43.84,19.95,,,
2021-01-14,73.17,56.42,69.75,19.76,36.53,44.35,20.25,,,
2021-01-15,73.09,55.1,68.4,19.46,36.43,43.81,20.0,,,
2021-01-18,73.16,,,19.23,36.33,44.09,20.44,,,
2021-01-19,73.19,55.9,67.55,19.16,36.3,44.56,20.26,,,
2021-01-20,73.19,56.08,67.5,19.45,35.76,44.01,20.12,,,
2021-01-21,72.91,56.1,67.55,19.63,35.87,43.36,20.43,,,
2021-01-22,72.95,55.41,67.55,19.59,35.73,42.83,20.47,,,
2021-01-25,73.0,55.88,67.4,19.56,35.96,43.64,20.73,,,
2021-01-26,72.97,55.91,67.6,19.58,35.74,44.3,20.88,,,
2021-01-27,72.92,55.81,67.65,19.81,35.31,44.82,21.19,,,
2021-01-28,73.04,55.53,67.75,20.04,35.39,44.16,21.03,,,
2021-01-29,72.94,55.88,67.8,20.16,34.86,44.29,21.26,,,
2021-02-01,72.91,56.35,65.2,20.23,35.11,44.57,20.68,,,
2021-02-02,73.12,57.46,65.55,19.97,34.59,45.24,20.57,,,
2021-02-03,72.92,58.46,63.7,19.88,34.08,45.5,20.66,,,
2021-02-04,72.86,58.84,64.9,19.9,34.15,45.46,20.88,,,
2021-02-05,72.95,59.34,66.5,20.12,34.54,45.35,20.57,,,
2021-02-08,72.78,60.56,68.3,19.8,34.74,44.11,20.7,,,
2021-02-09,72.93,61.09,68.55,19.83,35.27,43.86,20.85,,,
2021-02-10,72.85,61.47,68.05,19.87,35.42,43.93,21.16,,,
2021-02-11,72.81,61.14,67.15,20.1,35.65,43.59,21.24,,,
2021-02-12,72.71,62.43,67.0,20.34,35.12,43.07,20.92,,,
2021-02-15,72.59,,,19.8,34.96,43.43,21.32,,,
2021-02-16,72.64,63.35,65.55,19.97,34.85,43.75,21.49,,,
2021-02-17,72.93,64.34,65.35,20.27,35.38,43.47,21.36,,,
2021-02-18,72.8,63.93,65.35,20.2,35.91,43.51,21.04,,,
2021-02-19,72.61,62.91,66.0,20.14,35.97,44.11,21.19,,,
2021-02-22,72.55,65.24,66.0,20.68,35.98,43.01,21.24,,,
2021-02-23,72.44,65.37,65.85,20.39,36.52,42.37,21.12,,,
2021-02-24,72.38,67.04,65.75,20.56,36.23,42.21,21.09,,,
2021-02-25,72.4,66.88,65.8,20.33,36.78,42.04,21.14,,,
2021-02-26,73.15,66.13,65.9,20.05,37.33,41.42,20.99,,,
2021-03-01,73.6,63.69,65.5,19.78,38.78,42.25,20.68,,,
2021-03-02,73.31,62.7,66.15,19.49,38.69,42.38,21.0,,,
2021-03-03,73.28,64.07,65.8,19.71,38.29,42.83,20.8,,,
2021-03-04,72.88,66.74,65.15,19.98,37.72,43.47,21.07,,,
2021-03-05,73.13,69.36,65.1,19.69,38.29,43.4,20.78,,,
2021-03-08,73.13,68.24,65.55,19.93,38.27,43.4,20.17,,,
2021-03-09,73.33,67.52,66.0,19.92,38.85,43.31,19.87,,,
2021-03-10,72.78,67.9,66.05,19.92,38.5,42.71,20.17,,,
2021-03-11,72.71,69.63,65.95,19.88,37.93,43.16,20.06,,,
2021-03-12,72.64,69.22,66.1,20.17,37.82,42.51,20.37,,,
2021-03-15,72.68,68.88,66.35,20.29,37.84,42.55,20.13,,,
2021-03-16,72.52,68.39,66.35,20.47,38.15,42.12,19.95,,,
2021-03-17,72.52,68.0,67.55,20.78,38.0,41.88,19.98,,,
2021-03-18,72.3,63.28,68.1,20.65,37.68,41.26,19.69,,,
2021-03-19,72.67,64.53,68.25,20.89,37.4,41.67,19.68,,,
2021-03-22,72.4,64.62,68.5,21.17,37.51,41.3,19.26,,,
2021-03-23,72.38,60.79,68.45,21.07,37.26,41.31,19.31,,,
2021-03-24,72.61,64.41,68.4,21.39,37.3,41.69,19.46,,,
2021-03-25,72.65,61.95,68.4,21.27,37.87,41.66,19.52,,,
2021-03-26,72.61,64.57,68.45,20.95,38.38,41.04,19.62,,,
2021-03-29,72.45,64.98,70.5,21.3,38.48,41.79,19.61,,,
2021-03-30,72.74,64.14,70.0,21.33,39.06,42.42,19.58,,,
2021-03-31,73.45,63.54,70.1,21.65,38.48,42.44,19.57,,,
2021-04-01,73.2,64.86,70.25,21.33,37.91,43.08,19.66,,,
2021-04-02,73.29,,,21.21,37.35,43.74,19.42,,,
2021-04-05,73.38,62.15,70.25,21.14,37.45,43.56,19.68,,,
2021-04-06,73.28,62.74,70.4,21.31,37.01,44.22,19.67,,,
2021-04-07,73.49,63.16,68.8,21.2,37.23,43.56,19.83,,,
2021-04-08,74.4,63.2,67.05,21.24,37.32,43.33,19.91,,,
2021-04-09,74.54,62.95,67.55,21.23,37.62,43.12,19.9,,,
2021-04-12,74.73,63.28,68.45,20.93,37.62,43.36,20.2,,,
2021-04-13,74.99,63.67,69.0,20.89,38.03,42.94,20.42,,,
2021-04-14,75.18,66.58,69.3,20.9,38.43,43.3,20.12,,,
2021-04-15,75.03,66.94,71.6,20.92,38.48,43.21,20.35,,,
2021-04-16,74.73,66.77,71.7,20.81,39.06,42.68,20.61,,,
2021-04-19,74.56,67.05,71.5,20.65,38.6,43.08,20.61,,,
2021-04-20,74.88,66.57,71.35,20.97,38.26,42.79,20.86,,,
2021-04-21,75.45,65.32,71.6,20.71,38.51,43.12,20.71,,,
2021-04-22,75.43,65.4,71.65,20.4,38.1,43.77,20.83,,,
2021-04-23,75.09,66.11,71.5,20.58,37.9,43.12,20.74,,,
2021-04-26,74.87,65.65,71.65,20.52,37.88,43.79,20.74,,,
2021-04-27,74.81,66.42,71.75,20.22,38.45,44.46,20.73,,,
2021-04-28,74.57,67.27,71.7,19.92,37.93,45.13,20.42,,,
2021-04-29,74.31,68.56,71.9,19.62,37.6,45.35,20.39,,,
2021-04-30,74.11,67.25,71.75,19.83,37.88,45.2,20.48,,,
2021-05-03,74.09,67.56,77.6,20.15,38.55,45.68,20.45,,,
2021-05-04,73.84,68.88,78.55,20.45,38.85,45.68,20.75,,,
2021-05-05,73.78,68.96,79.95,20.76,38.62,45.44,21.07,,,
2021-05-06,73.8,68.09,81.7,20.7,38.32,45.69,21.1,,,
2021-05-07,73.62,68.28,82.4,20.39,38.9,45.57,20.91,,,
2021-05-10,73.29,68.32,83.85,20.03,38.84,45.44,20.8,,,
2021-05-11,73.5,68.55,84.7,19.99,38.31,46.13,20.72,,,
2021-05-12,73.38,69.32,85.85,20.26,38.79,45.59,20.51,,,
2021-05-13,73.68,67.05,85.8,20.56,39.08,44.91,20.76,,,
2021-05-14,73.44,68.71,85.45,20.52,38.5,44.92,20.83,,,
2021-05-17,73.28,69.46,84.75,20.9,38.8,44.91,20.68,,,
2021-05-18,73.27,68.71,84.6,21.13,38.23,44.57,20.5,,,
2021-05-19,73.13,66.66,84.0,21.15,38.05,43.91,20.8,,,
2021-05-20,73.22,65.11,84.65,21.47,38.23,44.57,20.83,,,
2021-05-21,73.02,66.44,85.25,21.15,38.26,44.73,20.78,,,
2021-05-24,72.91,68.46,85.45,21.11,38.64,43.13,20.85,,,
2021-05-25,72.84,68.65,85.7,21.42,38.91,43.39,20.84,,,
2021-05-26,72.8,68.87,85.9,21.42,39.5,42.74,21.1,,,
2021-05-27,72.67,69.46,85.9,21.1,39.95,42.81,20.79,,,
2021-05-28,72.68,69.63,86.1,21.32,39.95,43.45,20.48,,,
2021-05-31,72.39,,,21.19,39.66,42.9,21.21,,,
2021-06-01,72.49,70.25,95.9,20.87,40.26,42.26,21.53,,,
2021-06-02,72.86,71.35,96.0,20.71,39.93,42.9,21.42,,,
2021-06-03,72.97,71.31,100.45,20.49,39.34,43.55,21.25,,,
2021-06-04,73.04,71.89,101.25,20.69,39.23,43.45,21.37,,,
2021-06-07,72.91,71.49,105.95,20.63,39.23,42.49,21.24,,,
2021-06-08,72.81,72.22,105.85,20.32,39.68,42.72,21.24,,,
2021-06-09,72.98,72.22,108.25,20.4,40.2,43.35,21.07,,,
2021-06-10,72.99,72.52,110.0,20.21,40.44,42.72,20.92,,,
2021-06-11,73.01,72.69,110.1,20.12,39.83,43.34,21.14,,,
2021-06-14,73.23,72.86,108.85,20.68,40.46,42.76,21.55,,,
2021-06-15,73.18,73.99,108.0,20.66,40.65,42.83,21.33,,,
2021-06-16,73.34,74.39,107.9,20.73,40.84,42.21,21.44,,,
2021-06-17,73.82,73.08,107.8,20.63,41.07,42.82,21.19,,,
2021-06-18,74.25,73.51,107.75,20.67,40.45,42.18,21.11,,,
2021-06-21,74.14,74.9,107.35,20.45,40.92,42.13,20.73,,,
2021-06-22,74.14,74.81,107.45,20.53,40.95,42.07,20.61,,,
2021-06-23,74.33,75.19,107.35,20.62,40.34,42.71,20.4,,,
2021-06-24,74.25,75.56,107.95,20.46,40.57,42.07,20.68,,,
2021-06-25,74.19,76.18,108.4,20.15,40.15,41.83,20.65,,,
2021-06-28,74.21,74.68,112.05,20.52,39.4,40.99,19.95,,,
2021-06-29,74.29,74.76,115.1,20.25,40.0,40.38,19.9,,,
2021-06-30,74.29,75.13,120.75,20.05,40.25,39.79,19.6,,,
2021-07-01,74.37,75.84,122.3,20.35,40.59,40.39,19.77,,,
2021-07-02,74.54,76.17,123.6,20.39,40.84,40.53,19.78,,,
2021-07-05,74.48,,,20.18,40.65,40.47,19.96,,,
2021-07-06,74.32,74.53,123.65,20.49,40.71,40.23,19.66,,,
2021-07-07,74.76,73.43,124.6,20.8,40.16,40.53,19.85,,,
2021-07-08,74.82,74.12,125.55,20.68,40.77,40.59,19.56,,,
2021-07-09,74.72,75.55,126.8,20.53,40.7,39.98,19.46,,,
2021-07-12,74.49,75.16,127.0,19.62,40.64,39.76,20.0,,,
2021-07-13,74.54,76.49,131.5,19.66,40.98,39.17,20.23,,,
2021-07-14,74.66,74.76,131.35,19.58,41.28,39.12,20.45,,,
2021-07-15,74.47,73.47,131.9,19.29,40.84,38.54,20.76,,,
2021-07-16,74.54,73.59,132.65,19.23,40.44,38.54,20.61,,,
2021-07-19,74.63,68.62,133.2,19.18,40.42,38.86,20.28,,,
2021-07-20,74.99,69.35,132.2,19.15,39.82,39.39,20.25,,,
2021-07-21,74.53,72.23,132.85,18.86,39.57,39.47,19.95,,,
2021-07-22,74.44,73.79,132.2,19.07,40.17,39.22,19.79,,,
2021-07-23,74.45,74.1,132.45,19.25,40.4,39.65,20.09,,,
2021-07-26,74.45,74.5,132.4,18.77,40.49,39.37,20.3,,,
2021-07-27,74.29,74.48,132.75,18.49,40.06,39.02,20.0,,,
2021-07-28,74.5,74.74,132.9,18.57,39.86,39.55,19.97,,,
2021-07-29,74.39,76.05,132.35,18.51,40.31,40.14,20.22,,,
2021-07-30,74.25,76.33,132.8,18.72,40.77,40.13,19.93,,,
2021-08-02,74.38,72.89,139.85,18.07,40.63,39.44,19.82,,,
2021-08-03,74.33,72.41,140.1,17.85,41.25,39.32,19.95,,,
2021-08-04,74.21,70.38,141.1,17.6,40.7,39.5,19.88,,,
2021-08-05,74.18,71.29,141.6,17.82,40.63,39.24,20.18,,,
2021-08-06,74.08,70.7,143.75,17.67,40.38,39.71,20.06,,,
2021-08-09,74.49,69.04,144.7,17.35,40.64,40.31,19.79,,,
2021-08-10,74.47,70.63,146.1,17.32,40.91,39.8,19.5,,,
2021-08-11,74.44,71.44,148.1,17.45,41.2,39.3,19.24,,,
2021-08-12,74.1,71.31,148.95,17.2,41.68,39.53,19.42,,,
2021-08-13,74.26,70.59,149.65,17.36,41.8,38.94,19.35,,,
2021-08-16,74.22,69.51,151.8,17.2,41.4,39.67,19.7,,,
2021-08-17,74.14,69.03,150.05,17.07,41.54,40.27,19.83,,,
2021-08-18,74.36,68.23,150.15,17.07,41.46,40.36,19.72,,,
2021-08-19,74.27,66.45,144.25,17.01,41.47,40.02,19.51,,,
2021-08-20,74.43,65.18,146.5,17.04,40.86,40.05,19.22,,,
2021-08-23,74.3,68.75,148.35,16.66,41.86,39.89,19.34,,,
2021-08-24,74.11,71.05,149.0,16.87,41.86,39.37,19.25,,,
2021-08-25,74.14,72.25,148.9,16.68,41.23,39.53,19.1,,,
2021-08-26,74.1,71.07,149.0,16.64,41.04,38.94,19.23,,,
2021-08-27,74.16,72.7,148.85,16.7,40.94,38.56,19.15,,,
2021-08-30,73.5,73.41,149.15,16.41,40.75,38.33,19.07,,,
2021-08-31,73.41,72.99,154.6,16.35,41.02,37.76,18.96,,,
2021-09-01,73.0,71.59,157.9,16.49,40.67,38.12,18.88,,,
2021-09-02,72.99,73.03,162.15,16.74,40.71,37.55,19.0,,,
2021-09-03,73.05,72.61,165.25,16.69,40.38,37.34,18.92,,,
2021-09-06,72.99,,,16.77,39.43,38.25,18.77,,,
2021-09-07,73.11,71.69,168.8,16.79,39.78,37.68,18.6,,,
2021-09-08,73.39,72.6,168.8,16.61,39.41,38.19,18.41,,,
2021-09-09,73.79,71.45,169.65,16.81,38.95,38.07,18.69,,,
2021-09-10,73.54,72.92,170.95,16.94,39.54,38.11,18.53,,,
2021-09-13,73.52,73.51,172.0,17.02,39.05,37.84,18.86,,,
2021-09-14,73.54,73.6,171.35,17.26,39.17,37.63,19.14,,,
2021-09-15,73.65,75.46,169.35,17.25,39.34,38.2,19.25,,,
2021-09-16,73.44,75.67,167.2,17.17,38.76,38.59,19.11,,,
2021-09-17,73.56,75.34,168.75,17.43,39.34,38.02,19.4,,,
2021-09-20,73.7,73.92,171.1,17.01,40.62,38.26,19.52,,,
2021-09-21,73.66,74.36,171.15,17.23,40.87,38.29,19.56,,,
2021-09-22,73.79,76.19,171.95,17.18,41.11,38.85,19.51,,,
2021-09-23,73.87,77.25,172.5,17.44,41.73,38.27,19.22,,,
2021-09-24,73.84,78.09,173.05,17.54,42.33,38.85,19.51,,,
2021-09-27,73.81,79.53,201.35,17.82,41.86,37.36,19.84,,,
2021-09-28,73.83,79.09,201.35,18.01,42.13,37.92,19.68,,,
2021-09-29,74.16,78.64,210.0,17.84,42.4,37.67,19.84,,,
2021-09-30,74.32,78.52,218.1,17.78,41.77,37.11,19.65,,,
2021-10-01,74.25,79.28,233.6,17.81,41.7,37.34,19.72,,,
2021-10-04,74.15,81.26,246.5,17.96,41.79,37.9,20.25,,,
2021-10-05,74.57,82.56,274.0,17.69,42.23,38.04,20.11,,,
2021-10-06,74.56,81.08,237.15,17.77,42.21,37.7,20.42,,,
2021-10-07,74.76,81.95,237.1,17.69,42.34,38.27,20.73,,,
2021-10-08,74.83,82.39,230.0,17.68,42.98,38.85,20.67,,,
2021-10-11,75.31,83.65,240.15,18.02,42.82,40.17,20.47,,,
2021-10-12,75.4,83.42,243.15,18.08,43.2,39.57,20.18,,,
2021-10-13,75.48,83.18,244.95,18.01,43.39,39.93,20.37,,,
2021-10-14,75.31,84.0,243.75,18.0,44.04,39.99,20.06,,,
2021-10-15,75.0,84.86,240.0,18.0,44.07,40.6,19.9,,,
2021-10-18,75.01,84.33,238.65,18.06,43.18,40.77,20.05,,,
2021-10-19,75.24,85.08,237.0,18.33,42.87,40.72,20.16,,,
2021-10-20,75.12,85.82,232.5,18.61,43.11,40.4,20.14,,,
2021-10-21,74.81,84.61,228.5,18.45,43.18,40.55,20.37,,,
2021-10-22,74.87,85.53,229.75,18.64,43.09,40.32,20.46,,,
2021-10-25,74.99,85.99,234.15,18.47,42.55,40.18,20.28,,,
2021-10-26,75.09,86.4,234.0,18.24,42.23,40.25,20.37,,,
2021-10-27,74.89,84.58,232.85,18.31,42.02,39.66,20.26,,,
2021-10-28,75.05,84.32,234.55,18.03,41.85,39.2,20.26,,,
2021-10-29,74.8,84.38,231.35,17.77,41.73,39.56,20.34,,,
2021-11-01,74.93,84.71,138.75,17.67,42.73,40.11,20.68,,,
2021-11-02,74.83,84.72,139.85,17.41,43.38,39.96,20.39,,,
2021-11-03,74.71,81.99,149.5,17.24,43.86,40.56,20.7,,,
2021-11-04,74.44,80.54,148.0,17.32,44.17,41.18,20.39,,,
2021-11-05,74.48,82.74,148.0,17.44,44.36,40.64,20.28,,,
2021-11-08,74.19,83.43,158.0,17.77,45.5,40.66,20.71,,,
2021-11-09,73.92,84.78,152.0,17.61,45.86,40.06,20.71,,,
2021-11-10,74.17,82.64,142.5,17.55,45.65,40.63,20.5,,,
2021-11-11,74.4,82.87,141.5,17.29,46.19,40.29,20.53,,,
2021-11-12,74.32,82.17,139.5,17.27,46.25,40.23,20.25,,,
2021-11-15,74.34,82.05,139.5,17.92,46.0,39.24,20.15,,,
2021-11-16,74.44,82.43,141.7,17.85,46.6,39.46,20.37,,,
2021-11-17,74.46,80.28,142.5,18.12,47.15,38.87,20.33,,,
2021-11-18,74.26,81.24,144.75,18.08,47.37,38.88,20.03,,,
2021-11-19,74.17,78.89,145.25,18.35,47.74,38.48,20.32,,,
2021-11-22,74.3,79.7,146.35,18.79,47.67,39.46,19.82,,,
2021-11-23,74.43,82.31,150.0,18.74,48.39,38.87,20.06,,,
2021-11-24,74.45,82.25,149.4,18.79,48.06,38.93,19.94,,,
2021-11-25,74.62,,,19.08,47.64,38.83,19.72,,,
2021-11-26,74.51,72.72,144.8,19.05,46.93,39.41,19.76,,,
2021-11-29,74.98,73.44,121.55,18.94,46.12,40.17,19.65,,,
2021-11-30,75.05,70.57,111.75,18.98,46.48,40.55,19.37,,,
2021-12-01,75.05,68.87,125.15,19.25,46.92,40.71,19.08,,,
2021-12-02,75.02,69.67,124.25,19.11,46.53,40.85,19.37,,,
2021-12-03,74.98,69.88,121.0,18.88,46.45,40.24,19.39,,,
2021-12-06,75.23,73.08,122.0,18.59,45.76,40.85,19.46,,,
2021-12-07,75.39,75.44,129.05,18.65,45.46,40.51,19.34,,,
2021-12-08,75.41,75.82,134.5,18.59,45.32,40.07,19.05,,,
2021-12-09,75.38,74.42,134.9,18.31,44.65,40.25,18.92,,,
2021-12-10,75.6,75.15,135.7,18.59,45.31,39.65,18.86,,,
2021-12-13,75.71,74.39,137.3,18.83,46.79,38.92,18.63,,,
2021-12-14,75.83,73.7,141.0,18.64,46.29,39.51,18.47,,,
2021-12-15,76.05,73.88,141.5,18.7,46.08,39.04,18.4,,,
2021-12-16,76.21,75.02,147.25,18.65,45.39,38.65,18.13,,,
2021-12-17,76.17,73.52,146.0,18.39,46.08,39.23,17.86,,,
2021-12-20,76.01,71.52,148.75,18.25,45.92,38.71,18.1,,,
2021-12-21,75.76,73.98,147.4,18.53,46.52,38.24,18.04,,,
2021-12-22,75.69,75.29,147.35,18.42,47.22,38.75,17.78,,,
2021-12-23,75.46,76.85,143.5,18.29,47.19,39.33,17.52,,,
2021-12-24,75.07,,,18.01,46.58,38.75,17.33,,,
2021-12-27,75.32,78.6,143.5,18.03,45.78,39.13,17.7,,,
2021-12-28,74.98,78.94,143.0,18.23,46.27,38.55,17.44,,,
2021-12-29,74.75,79.23,138.75,18.32,46.25,38.49,17.26,,,
2021-12-30,74.57,79.32,138.5,18.31,46.08,38.43,17.09,,,
2021-12-31,74.43,77.78,136.75,18.04,46.4,38.26,17.0,,,
2022-01-03,74.51,78.98,119.0,17.74,46.13,37.47,17.45,,,
2022-01-04,74.4,80.0,130.05,17.78,46.83,37.7,17.49,,,
2022-01-05,74.53,80.8,137.4,17.93,46.13,38.27,17.32,,,
2022-01-06,74.43,81.99,143.15,18.14,46.08,38.26,17.06,,,
2022-01-07,74.42,81.75,138.5,17.87,46.78,38.54,17.32,,,
2022-01-10,74.27,80.87,138.75,18.31,47.27,38.89,17.06,,,
2022-01-11,74.06,83.72,135.0,18.55,47.27,38.47,17.07,,,
2022-01-12,73.82,84.67,139.0,18.83,46.82,38.1,16.84,,,
2022-01-13,73.8,84.47,148.6,18.55,46.77,38.68,16.98,,,
2022-01-14,73.97,86.06,154.35,18.5,46.6,38.96,17.14,,,
2022-01-17,74.38,,,18.35,45.54,38.83,16.95,,,
2022-01-18,74.26,87.51,162.0,18.35,45.51,39.41,16.79,,,
2022-01-19,74.62,88.44,161.75,18.2,46.2,39.68,16.85,,,
2022-01-20,74.45,88.38,160.0,17.93,46.25,40.09,17.1,,,
2022-01-21,74.45,87.89,162.0,18.01,46.06,39.49,16.85,,,
2022-01-24,74.41,86.27,163.35,18.25,47.12,39.14,16.58,,,
2022-01-25,74.64,88.2,164.25,17.98,47.12,38.62,16.47,,,
2022-01-26,74.78,89.96,165.7,18.08,47.55,38.05,16.68,,,
2022-01-27,74.89,89.34,165.65,18.0,47.09,37.48,16.54,,,
2022-01-28,75.21,90.03,167.2,17.84,47.4,37.52,16.3,,,
2022-01-31,75.04,91.21,178.25,17.67,47.23,38.06,16.6,,,
2022-02-01,74.56,89.16,174.5,17.41,46.84,37.99,16.58,,,
2022-02-02,74.75,89.47,177.4,17.33,47.02,37.43,16.78,,,
2022-02-03,74.82,91.11,177.65,17.32,47.4,37.3,16.84,,,
2022-02-04,74.64,93.27,183.0,17.09,47.33,37.87,16.97,,,
2022-02-07,74.64,92.69,182.15,17.04,47.55,38.64,16.71,,,
2022-02-08,74.66,90.78,186.0,16.84,47.43,38.07,16.93,,,
2022-02-09,74.7,91.55,187.5,17.1,47.44,38.13,16.89,,,
2022-02-10,74.81,91.41,188.0,17.21,48.16,38.29,17.07,,,
2022-02-11,75.54,94.44,189.5,17.02,48.35,38.87,17.0,,,
2022-02-14,75.34,96.48,191.5,17.35,48.88,40.21,17.18,,,
2022-02-15,75.69,93.28,186.75,17.27,49.62,40.6,17.11,,,
2022-02-16,75.17,94.81,183.65,17.12,49.43,40.5,16.85,,,
2022-02-17,75.04,92.97,184.0,17.19,50.12,39.9,16.99,,,
2022-02-18,75.06,93.54,185.0,17.08,49.9,39.92,16.85,,,
2022-02-21,74.68,,,17.34,48.82,40.13,16.73,,,
2022-02-22,74.52,96.84,189.0,17.32,49.16,40.7,16.7,,,
2022-02-23,74.62,96.84,190.75,17.38,48.43,40.1,16.7,,,
2022-02-24,74.63,99.08,192.0,17.55,48.23,40.7,16.93,,,
2022-02-25,75.41,97.93,194.5,17.42,47.51,40.53,17.19,,,
2022-02-28,75.07,100.99,254.65,17.2,47.52,40.67,17.77,,,
2022-03-01,75.28,104.97,321.0,17.01,48.23,41.29,17.88,,,
2022-03-02,75.8,112.93,436.0,16.75,48.89,40.8,18.15,,,
2022-03-03,75.63,110.46,352.5,16.71,49.43,40.19,17.88,,,
2022-03-04,75.89,118.11,433.35,16.79,49.23,40.04,17.73,,,
2022-03-07,76.42,123.21,416.0,16.85,50.72,39.37,17.64,,,
2022-03-08,77.08,127.98,438.35,16.92,50.88,39.5,17.4,,,
2022-03-09,76.91,111.14,412.5,16.95,50.68,38.91,17.51,,,
2022-03-10,76.13,109.33,363.35,17.14,50.09,39.08,17.39,,,
2022-03-11,76.31,112.67,362.5,17.3,50.84,38.9,17.32,,,
2022-03-14,76.75,106.9,356.0,16.99,50.92,39.17,17.47,,,
2022-03-15,76.49,99.91,341.0,16.88,50.83,39.07,17.46,,,
2022-03-16,76.27,98.02,310.0,16.82,50.81,39.49,17.23,,,
2022-03-17,76.02,106.64,310.0,16.87,50.86,40.03,17.08,,,
2022-03-18,75.98,107.93,330.0,17.02,51.49,39.43,16.86,,,
2022-03-21,75.95,115.62,315.0,17.05,51.2,38.75,17.14,,,
2022-03-22,76.31,115.48,323.0,16.94,50.89,39.33,16.99,,,
2022-03-23,76.1,121.6,326.0,16.75,50.14,39.93,17.09,,,
2022-03-24,76.55,119.03,325.0,16.51,49.82,40.53,17.11,,,
2022-03-25,76.32,120.65,325.25,16.37,49.61,40.32,17.1,,,
2022-03-28,76.28,112.48,270.0,16.28,51.74,40.68,16.92,,,
2022-03-29,76.03,110.23,268.5,16.37,52.3,40.26,16.94,,,
2022-03-30,75.67,113.45,271.5,16.48,52.95,39.76,17.02,,,
2022-03-31,75.83,107.91,273.35,16.26,52.48,39.88,17.17,,,
2022-04-01,75.91,104.39,265.0,16.46,52.34,39.29,16.94,,,
2022-04-04,75.99,107.53,263.65,16.3,52.0,38.88,16.95,,,
2022-04-05,75.48,106.64,294.35,16.54,52.09,39.39,17.15,,,
2022-04-06,75.45,101.07,291.35,16.51,52.88,39.16,17.17,,,
2022-04-07,75.95,100.58,282.4,16.26,52.1,38.84,16.91,,,
2022-04-08,75.91,102.78,292.65,16.02,52.45,39.08,17.08,,,
2022-04-11,75.92,98.48,300.0,15.68,52.23,37.96,16.75,,,
2022-04-12,75.84,104.64,319.65,15.68,52.09,37.85,16.51,,,
2022-04-13,76.15,108.78,321.35,15.92,52.47,38.42,16.66,,,
2022-04-14,76.12,111.7,321.35,15.86,51.82,37.85,16.65,,,
2022-04-15,76.31,,,16.07,51.05,38.42,16.47,,,
2022-04-18,76.33,113.16,321.35,16.62,51.53,40.01,16.67,,,
2022-04-19,76.28,107.25,322.35,16.37,52.31,40.61,16.43,,,
2022-04-20,76.45,106.8,327.65,16.46,52.34,41.14,16.26,,,
2022-04-21,76.28,108.33,326.6,16.67,51.56,40.53,16.1,,,
2022-04-22,76.29,106.65,326.75,16.66,50.81,39.93,16.24,,,
2022-04-25,76.46,102.32,325.5,17.2,49.8,39.88,15.94,,,
2022-04-26,76.53,104.99,324.65,17.43,49.06,39.28,16.14,,,
2022-04-27,76.79,105.32,324.35,17.5,48.53,39.88,16.19,,,
2022-04-28,76.47,107.59,322.65,17.24,48.65,39.7,16.29,,,
2022-04-29,76.59,109.34,319.25,17.14,48.65,39.77,16.19,,,
2022-05-02,76.52,107.58,259.15,17.17,49.13,39.36,16.04,,,
2022-05-03,76.52,104.97,283.0,16.96,49.38,39.96,16.19,,,
2022-05-04,76.47,110.14,311.65,17.22,49.3,39.76,16.11,,,
2022-05-05,76.0,110.9,320.0,17.48,49.9,40.14,15.94,,,
2022-05-06,76.54,112.39,319.0,17.29,49.29,39.92,15.74,,,
2022-05-09,76.96,105.94,310.85,17.31,48.29,40.83,15.98,,,
2022-05-10,77.37,102.46,313.0,17.42,48.03,41.45,16.01,,,
2022-05-11,77.27,107.51,318.5,17.59,47.31,41.75,16.13,,,
2022-05-12,77.42,107.45,325.35,17.66,48.03,41.77,15.98,,,
2022-05-13,77.44,111.55,318.35,17.93,47.45,41.33,15.98,,,
2022-05-16,77.49,114.24,325.15,17.37,48.55,40.91,15.98,,,
2022-05-17,77.81,111.93,329.5,17.11,48.24,41.53,16.01,,,
2022-05-18,77.37,109.11,329.0,16.85,48.38,41.37,16.1,,,
2022-05-19,77.82,112.04,332.0,16.65,48.79,40.9,16.33,,,
2022-05-20,77.42,112.55,335.0,16.47,49.21,40.29,16.08,,,
2022-05-23,77.82,113.42,331.75,16.29,49.17,41.28,16.12,,,
2022-05-24,77.53,113.56,331.0,16.25,48.44,40.67,16.36,,,
2022-05-25,77.48,114.03,330.0,16.43,48.77,40.34,16.35,,,
2022-05-26,77.5,117.4,330.5,16.28,49.47,40.29,16.39,,,
2022-05-27,77.63,119.43,328.15,16.23,50.21,39.87,16.33,,,
2022-05-30,77.69,,,15.82,49.17,40.34,16.4,,,
2022-05-31,77.52,122.84,328.35,15.89,49.85,40.95,16.38,,,
2022-06-01,77.6,116.29,323.5,15.98,49.1,40.34,16.16,,,
2022-06-02,77.58,117.61,323.5,16.22,48.89,40.53,16.14,,,
2022-06-03,77.36,119.72,323.5,16.25,48.75,40.17,16.06,,,
2022-06-06,77.69,119.51,330.0,16.44,48.82,40.1,15.91,,,
2022-06-07,77.82,120.57,326.25,16.68,48.09,39.6,15.91,,,
2022-06-08,77.67,123.58,324.5,16.44,48.1,39.89,15.93,,,
2022-06-09,77.72,123.07,321.65,16.52,47.39,39.91,15.98,,,
2022-06-10,77.82,122.01,317.5,16.77,47.84,39.79,15.95,,,
2022-06-13,78.18,122.27,317.5,16.95,46.3,40.28,15.78,,,
2022-06-14,78.16,121.17,324.0,16.95,45.96,39.8,15.97,,,
2022-06-15,77.99,118.51,328.0,16.95,46.66,39.21,16.2,,,
2022-06-16,77.9,119.81,331.35,16.7,46.78,39.23,15.96,,,
2022-06-17,77.98,113.12,335.5,16.47,46.99,38.64,16.08,,,
2022-06-20,77.96,,,16.59,48.12,39.09,16.1,,,
2022-06-21,77.93,114.65,345.5,16.66,48.55,38.8,16.28,,,
2022-06-22,78.13,111.74,345.0,16.82,47.82,39.39,16.1,,,
2022-06-23,78.19,110.05,347.0,16.79,48.55,39.99,16.05,,,
2022-06-24,78.14,113.12,352.9,17.04,47.82,39.56,16.09,,,
2022-06-27,78.25,115.09,369.5,17.0,48.06,39.94,16.23,,,
2022-06-28,78.44,117.98,365.5,17.14,48.78,40.55,15.99,,,
2022-06-29,79.07,116.26,364.5,17.05,48.65,40.6,16.23,,,
2022-06-30,78.9,114.81,370.35,17.26,48.49,40.74,16.34,,,
2022-07-01,78.96,111.63,367.0,17.02,48.88,41.13,16.22,,,
2022-07-04,78.95,,,16.92,49.53,42.63,16.21,,,
2022-07-05,78.94,102.77,379.5,16.83,49.33,42.0,16.25,,,
2022-07-06,79.37,100.69,385.5,17.01,48.98,41.71,16.3,,,
2022-07-07,79.04,104.65,385.0,16.89,48.4,42.2,16.14,,,
2022-07-08,79.22,107.02,388.5,16.85,48.0,42.35,16.04,,,
2022-07-11,79.33,107.1,390.0,17.63,47.09,42.84,15.98,,,
2022-07-12,79.48,99.49,394.5,17.57,47.8,43.49,15.86,,,
2022-07-13,79.48,99.57,394.5,17.83,47.16,43.29,16.06,,,
2022-07-14,79.81,99.1,392.0,17.63,47.25,43.87,16.3,,,
2022-07-15,79.88,101.16,384.5,17.44,47.62,43.84,16.24,,,
2022-07-18,79.72,106.27,374.65,17.26,47.83,44.19,16.2,,,
2022-07-19,80.03,107.35,371.0,17.24,48.12,44.46,16.12,,,
2022-07-20,79.86,106.92,376.0,17.05,48.29,44.66,16.13,,,
2022-07-21,80.0,103.86,375.0,17.19,48.12,45.34,15.89,,,
2022-07-22,79.78,103.2,376.5,17.12,47.41,45.62,16.01,,,
2022-07-25,79.88,105.15,387.0,16.7,46.03,46.18,16.34,,,
2022-07-26,79.72,104.4,388.35,16.53,46.05,45.8,16.37,,,
2022-07-27,79.84,106.62,389.35,16.29,46.27,45.85,16.3,,,
2022-07-28,79.85,107.14,390.0,16.05,46.97,46.01,16.54,,,
2022-07-29,79.57,110.01,389.0,16.08,46.64,46.19,16.79,,,
2022-08-01,79.19,100.03,365.5,15.61,48.02,45.29,16.79,,,
2022-08-02,78.96,100.54,363.65,15.51,48.38,45.05,16.68,,,
2022-08-03,78.6,96.78,352.85,15.74,47.75,45.73,16.6,,,
2022-08-04,79.12,94.12,327.35,15.98,47.04,46.42,16.74,,,
2022-08-05,79.15,94.92,313.65,15.81,47.24,46.38,16.52,,,
2022-08-08,79.41,96.65,313.5,15.95,45.63,46.41,17.1,,,
2022-08-09,79.6,96.31,327.65,15.71,45.73,47.07,17.04,,,
2022-08-10,79.58,97.4,343.35,15.71,46.42,47.44,17.21,,,
2022-08-11,79.1,99.6,344.35,15.68,46.18,48.08,16.95,,,
2022-08-12,79.61,98.15,348.0,15.6,46.53,48.81,17.05,,,
2022-08-15,79.63,95.1,353.35,15.33,46.22,47.47,16.91,,,
2022-08-16,79.55,92.34,355.35,15.35,45.57,47.87,17.03,,,
2022-08-17,79.15,93.65,361.0,15.42,45.59,47.98,16.77,,,
2022-08-18,79.36,96.59,364.35,15.21,45.39,48.49,16.54,,,
2022-08-19,79.77,96.72,373.35,15.38,45.92,48.15,16.79,,,
2022-08-22,79.92,96.48,376.75,15.0,45.03,49.32,17.18,,,
2022-08-23,79.88,100.22,376.0,14.89,44.74,50.06,17.26,,,
2022-08-24,79.85,101.22,369.0,14.79,44.07,50.82,17.47,,,
2022-08-25,79.8,99.34,366.35,15.01,44.74,51.08,17.21,,,
2022-08-26,79.88,100.99,364.85,14.86,45.06,51.67,17.17,,,
2022-08-29,79.96,105.09,383.0,15.18,43.69,52.3,16.55,,,
2022-08-30,79.97,99.31,362.1,15.27,44.1,52.73,16.42,,,
2022-08-31,79.68,96.49,364.55,15.5,43.44,52.71,16.43,,,
2022-09-01,79.55,92.36,369.0,15.32,43.36,51.92,16.43,,,
2022-09-02,79.72,93.02,373.9,15.11,44.02,52.26,16.45,,,
2022-09-05,79.72,,,14.76,44.08,52.59,16.36,,,
2022-09-06,79.78,92.83,381.0,14.76,44.45,51.81,16.22,,,
2022-09-07,79.9,88.0,360.0,14.99,44.52,51.93,16.22,,,
2022-09-08,79.65,89.15,348.0,15.02,44.82,52.21,16.21,,,
2022-09-09,79.71,92.84,338.0,14.96,44.59,52.28,16.0,,,
2022-09-12,79.66,94.0,329.0,14.87,44.36,51.43,16.19,,,
2022-09-13,79.36,93.17,336.0,15.09,44.13,51.19,16.15,,,
2022-09-14,79.6,94.1,336.0,15.32,43.58,51.96,16.39,,,
2022-09-15,79.45,90.84,337.0,15.37,43.43,52.24,16.42,,,
2022-09-16,79.85,91.35,332.5,15.37,43.28,52.04,16.5,,,
2022-09-19,79.69,92.0,334.0,15.62,44.49,53.05,16.57,,,
2022-09-20,79.71,90.62,327.65,15.52,44.49,52.93,16.59,,,
2022-09-21,79.76,89.83,327.5,15.29,43.88,53.73,16.58,,,
2022-09-22,80.05,90.46,323.0,15.36,43.23,53.79,16.58,,,
2022-09-23,81.06,86.15,327.0,15.49,43.3,53.88,16.83,,,
2022-09-26,81.25,84.06,326.0,14.95,43.39,54.75,16.54,,,
2022-09-27,81.62,86.27,327.5,14.79,43.65,55.4,16.7,,,
2022-09-28,81.72,89.32,327.5,14.89,43.61,55.43,16.45,,,
2022-09-29,81.43,88.49,328.25,14.76,44.27,56.27,16.54,,,
2022-09-30,81.48,87.96,328.5,14.71,44.93,56.96,16.4,,,
2022-10-03,81.52,88.86,314.0,14.51,45.27,55.45,15.97,,,
2022-10-04,81.5,91.8,300.0,14.39,45.66,55.78,16.21,,,
2022-10-05,81.47,93.37,293.75,14.36,45.89,56.25,16.39,,,
2022-10-06,81.65,94.42,265.5,14.39,46.25,57.1,16.33,,,
2022-10-07,82.35,97.92,262.0,14.25,46.55,56.25,16.53,,,
2022-10-10,82.83,96.19,262.5,14.14,47.49,54.26,16.22,,,
2022-10-11,82.42,94.29,266.15,14.12,48.07,53.79,15.98,,,
2022-10-12,82.27,92.45,280.0,14.3,47.78,54.07,16.13,,,
2022-10-13,82.2,94.57,273.5,14.51,48.28,54.66,16.29,,,
2022-10-14,82.19,91.63,274.5,14.3,48.87,53.94,16.11,,,
2022-10-17,82.41,91.62,269.5,14.17,49.28,52.7,16.34,,,
2022-10-18,82.19,90.03,266.65,14.04,48.97,52.17,16.1,,,
2022-10-19,82.29,92.41,267.0,13.86,49.11,52.96,16.22,,,
2022-10-20,83.0,92.38,270.0,13.85,49.68,53.26,15.97,,,
2022-10-21,82.83,93.5,269.75,13.64,49.8,53.14,16.12,,,
2022-10-24,82.54,93.26,267.5,13.88,49.38,51.11,16.44,,,
2022-10-25,82.76,93.52,269.25,13.8,49.58,50.67,16.2,,,
2022-10-26,82.45,95.69,269.0,13.74,49.53,50.18,16.41,,,
2022-10-27,82.05,96.96,268.35,13.79,49.89,49.49,16.66,,,
2022-10-28,82.44,95.77,275.08,13.6,49.87,49.75,16.73,,,
2022-10-31,82.24,94.83,221.0,13.26,49.63,50.55,16.63,,,
2022-11-01,82.73,94.65,225.5,13.07,49.43,49.8,16.88,,,
2022-11-02,82.68,96.16,231.25,13.26,49.3,49.84,16.77,,,
2022-11-03,82.89,94.67,222.0,13.16,49.05,49.69,17.02,,,
2022-11-04,82.68,98.57,215.65,13.34,49.6,49.31,16.87,,,
2022-11-07,81.97,97.92,203.0,13.14,50.59,48.68,17.47,,,
2022-11-08,81.83,95.36,192.75,13.34,50.23,48.42,17.53,,,
2022-11-09,81.41,92.65,188.0,13.54,50.99,47.7,17.33,,,
2022-11-10,81.34,93.67,194.65,13.54,51.26,46.99,17.1,,,
2022-11-11,80.48,95.99,193.0,13.58,51.93,46.8,17.17,,,
2022-11-14,80.5,93.14,195.0,13.43,53.13,46.35,17.57,,,
2022-11-15,80.99,93.86,203.0,13.23,52.38,46.01,17.45,,,
2022-11-16,81.07,92.86,198.0,13.04,52.63,45.88,17.49,,,
2022-11-17,81.5,89.78,202.5,13.04,51.85,45.34,17.54,,,
2022-11-18,81.52,87.62,210.0,12.87,51.73,46.02,17.52,,,
2022-11-21,81.52,87.45,217.5,12.57,51.72,44.83,17.18,,,
2022-11-22,81.73,88.36,213.15,12.7,52.04,44.37,17.16,,,
2022-11-23,81.71,85.41,213.75,12.74,52.24,44.38,17.29,,,
2022-11-24,81.63,,,12.74,51.83,44.32,17.45,,,
2022-11-25,81.66,83.63,213.65,12.88,51.66,44.04,17.4,,,
2022-11-28,81.67,83.19,249.5,13.08,52.23,43.68,17.2,,,
2022-11-29,81.65,83.03,259.5,13.01,51.45,44.34,17.08,,,
2022-11-30,81.63,85.43,276.0,12.82,50.97,43.8,16.9,,,
2022-12-01,81.31,86.88,265.5,12.75,51.67,44.05,17.06,,,
2022-12-02,81.16,85.57,270.65,12.9,52.45,44.08,17.31,,,
2022-12-05,81.42,82.68,263.0,13.05,52.82,45.07,17.42,,,
2022-12-06,81.9,79.35,266.5,13.22,53.11,45.04,17.68,,,
2022-12-07,82.37,77.17,263.0,13.02,53.91,44.77,17.42,,,
2022-12-08,82.25,76.15,256.4,13.17,54.62,44.3,17.57,,,
2022-12-09,82.28,76.1,260.0,13.11,53.98,44.24,17.65,,,
2022-12-12,82.41,77.99,251.5,13.21,53.95,43.88,17.8,,,
2022-12-13,82.64,80.68,248.0,13.01,54.6,43.94,17.93,,,
2022-12-14,82.4,82.7,239.5,12.91,54.89,44.5,18.2,,,
2022-12-15,82.51,81.21,238.5,12.76,54.08,45.17,18.23,,,
2022-12-16,82.86,79.04,230.35,12.57,53.27,45.06,18.24,,,
2022-12-19,82.73,79.8,231.0,12.96,52.77,44.5,18.31,,,
2022-12-20,82.58,79.99,228.65,12.98,52.96,43.91,18.31,,,
2022-12-21,82.64,82.2,229.0,13.16,52.31,44.44,18.32,,,
2022-12-22,82.88,80.98,229.0,13.19,52.77,44.57,18.29,,,
2022-12-23,82.87,83.92,229.0,13.27,53.27,45.24,18.16,,,
2022-12-26,82.6,,,13.34,51.69,45.94,18.32,,,
2022-12-27,82.9,84.33,229.0,13.25,52.48,45.75,18.35,,,
2022-12-28,82.78,83.26,227.85,13.23,53.27,46.44,18.26,,,
2022-12-29,82.85,82.26,227.5,13.22,53.66,46.13,18.54,,,
2022-12-30,82.84,85.91,227.9,13.36,53.16,45.46,18.52,,,
2023-01-02,82.75,,,13.38,52.93,43.97,18.23,,,
2023-01-03,82.71,82.1,184.65,13.57,52.15,43.62,18.1,,,
2023-01-04,82.79,77.84,178.5,13.77,52.22,44.15,17.83,,,
2023-01-05,82.67,78.69,177.25,13.78,51.79,44.82,17.78,,,
2023-01-06,82.65,78.57,171.85,13.83,51.86,44.15,18.05,,,
2023-01-09,82.27,79.65,171.15,14.0,50.44,44.74,17.86,,,
2023-01-10,82.18,80.1,171.0,13.79,51.16,44.08,17.76,,,
2023-01-11,81.64,82.67,165.15,14.0,51.51,44.41,17.75,,,
2023-01-12,81.63,84.03,174.75,13.95,51.33,43.74,17.92,,,
2023-01-13,81.12,85.28,169.0,13.84,51.71,43.94,18.04,,,
2023-01-16,81.28,,,13.35,51.64,43.77,18.12,,,
2023-01-17,81.65,85.92,170.0,13.55,50.87,44.11,17.85,,,
2023-01-18,81.53,84.98,174.15,13.54,50.58,44.36,18.11,,,
2023-01-19,81.44,86.16,175.4,13.54,50.56,44.23,17.94,,,
2023-01-20,81.24,87.63,175.1,13.63,50.44,44.65,17.8,,,
2023-01-23,80.98,88.19,172.4,14.13,50.06,44.85,17.37,,,
2023-01-24,81.49,86.13,169.65,14.03,49.31,44.99,17.18,,,
2023-01-25,81.6,86.12,166.15,13.98,50.06,45.36,16.96,,,
2023-01-26,81.5,87.47,166.15,14.11,49.9,45.11,17.03,,,
2023-01-27,81.45,86.66,167.55,14.02,49.62,44.44,16.87,,,
2023-01-30,81.51,84.9,138.65,14.22,50.23,45.48,16.74,,,
2023-01-31,81.58,84.49,136.55,14.01,50.99,45.68,16.94,,,
2023-02-01,81.77,82.84,141.35,14.13,51.29,45.66,16.84,,,
2023-02-02,81.71,82.17,136.65,14.09,50.98,46.14,16.66,,,
2023-02-03,82.05,79.94,138.0,14.21,50.61,46.02,16.66,,,
2023-02-06,82.23,80.99,139.5,14.78,49.64,46.08,16.16,,,
2023-02-07,82.75,83.69,135.65,15.01,50.15,46.66,16.06,,,
2023-02-08,82.74,85.09,128.85,15.23,49.75,47.37,15.82,,,
2023-02-09,82.66,84.5,128.0,15.29,49.23,47.75,15.86,,,
2023-02-10,82.53,86.39,131.0,15.29,49.98,47.04,15.89,,,
2023-02-13,82.51,86.61,130.0,15.54,47.78,46.6,15.84,,,
2023-02-14,82.6,85.58,134.0,15.61,47.07,46.7,15.99,,,
2023-02-15,82.87,85.38,136.4,15.61,47.31,47.21,15.9,,,
2023-02-16,82.74,85.14,136.85,15.45,47.09,46.91,16.14,,,
2023-02-17,82.7,83.0,135.65,15.68,46.96,46.8,15.91,,,
2023-02-20,82.76,,,15.69,47.72,47.18,15.51,,,
2023-02-21,82.7,83.05,136.65,15.59,48.44,46.48,15.74,,,
2023-02-22,82.86,80.6,137.0,15.6,48.16,45.79,15.78,,,
2023-02-23,82.84,82.21,139.0,15.81,48.62,46.02,15.63,,,
2023-02-24,82.62,83.16,138.3,15.89,48.47,45.54,15.71,,,
2023-02-27,82.92,82.45,148.65,15.52,47.61,44.95,15.46,,,
2023-02-28,82.65,83.89,146.0,15.58,47.37,44.28,15.23,,,
2023-03-01,82.64,84.31,146.15,15.35,46.83,44.55,15.46,,,
2023-03-02,82.42,84.75,140.5,15.25,46.52,44.96,15.23,,,
2023-03-03,82.36,85.83,131.25,15.34,46.39,45.18,15.46,,,
2023-03-06,81.71,86.18,123.65,15.62,46.08,44.19,15.54,,,
2023-03-07,81.85,83.29,124.65,15.39,45.88,43.53,15.66,,,
2023-03-08,82.07,82.66,123.65,15.22,45.42,43.39,15.8,,,
2023-03-09,81.96,81.59,127.65,14.99,44.87,44.05,15.56,,,
2023-03-10,82.02,82.78,135.0,14.85,44.21,43.94,15.44,,,
2023-03-13,81.96,80.77,137.15,15.0,44.48,42.55,15.02,,,
2023-03-14,82.42,77.45,138.0,14.78,43.82,43.19,14.79,,,
2023-03-15,82.3,73.69,136.0,14.92,43.51,43.84,14.75,,,
2023-03-16,82.72,74.7,137.65,14.82,44.17,44.29,14.53,,,
2023-03-17,82.62,72.97,135.0,14.82,43.64,44.09,14.58,,,
2023-03-20,82.53,73.79,133.85,14.39,42.22,44.75,14.01,,,
2023-03-21,82.53,75.32,138.65,14.56,42.86,45.34,14.22,,,
2023-03-22,82.68,76.69,135.65,14.63,42.95,45.25,14.01,,,
2023-03-23,82.53,75.91,135.65,14.81,43.03,45.93,13.94,,,
2023-03-24,82.27,74.99,135.5,14.87,42.39,45.65,13.74,,,
2023-03-27,82.34,78.12,136.35,14.63,43.89,45.54,13.86,,,
2023-03-28,82.21,78.65,137.65,14.63,44.27,45.93,13.74,,,
2023-03-29,82.16,78.28,137.85,14.85,43.63,46.62,13.73,,,
2023-03-30,82.26,79.27,137.65,14.97,43.81,46.15,13.64,,,
2023-03-31,82.1,79.77,138.3,15.2,44.19,46.06,13.62,,,
2023-04-03,82.18,84.93,148.35,15.2,43.4,46.75,13.73,,,
2023-04-04,82.14,84.94,143.35,15.24,43.9,46.13,13.77,,,
2023-04-05,82.11,84.99,140.15,15.07,43.25,45.79,13.72,,,
2023-04-06,81.95,85.12,135.65,15.01,43.7,45.32,13.6,,,
2023-04-07,81.83,,,14.97,43.76,45.48,13.51,,,
2023-04-10,81.88,84.18,135.65,15.19,44.21,45.18,13.57,,,
2023-04-11,81.98,85.61,130.25,15.02,44.7,45.13,13.53,,,
2023-04-12,82.07,87.33,132.75,14.8,44.5,44.46,13.4,,,
2023-04-13,81.96,86.09,134.2,15.01,44.51,44.56,13.53,,,
2023-04-14,81.68,86.31,136.0,15.14,44.14,45.23,13.46,,,
2023-04-17,81.84,84.76,136.15,15.75,44.21,44.48,13.89,,,
2023-04-18,82.0,84.77,136.65,15.86,43.8,44.99,13.73,,,
2023-04-19,82.11,83.12,137.35,15.83,43.88,45.09,13.73,,,
2023-04-20,82.34,81.1,138.5,15.9,44.31,45.35,13.83,,,
2023-04-21,82.14,81.66,138.4,16.14,43.65,45.39,13.66,,,
2023-04-24,82.05,82.73,138.35,15.81,44.76,45.85,13.78,,,
2023-04-25,81.85,80.77,140.0,15.57,44.71,45.92,13.64,,,
2023-04-26,81.99,77.69,140.1,15.6,44.72,45.69,13.85,,,
2023-04-27,81.77,78.37,139.9,15.36,44.64,45.79,13.66,,,
2023-04-28,81.77,79.54,140.34,15.37,45.23,45.53,13.68,,,
2023-05-01,81.74,79.31,136.25,15.68,45.43,45.27,13.54,,,
2023-05-02,81.77,75.32,134.4,15.45,45.55,45.95,13.5,,,
2023-05-03,81.78,72.33,128.65,15.67,45.07,45.69,13.57,,,
2023-05-04,81.78,72.5,126.65,15.8,45.76,45.01,13.37,,,
2023-05-05,81.72,75.3,126.85,15.56,45.26,44.78,13.45,,,
2023-05-08,81.73,77.01,126.85,15.62,44.69,43.71,13.34,,,
2023-05-09,81.79,77.44,125.25,15.39,45.11,43.11,13.43,,,
2023-05-10,82.11,76.41,121.5,15.35,44.93,42.9,13.47,,,
2023-05-11,81.92,74.98,119.35,15.33,45.61,43.55,13.67,,,
2023-05-12,82.1,74.17,119.15,15.35,45.13,42.9,13.71,,,
2023-05-15,82.2,75.23,118.5,15.34,45.02,43.92,13.45,,,
2023-05-16,82.27,74.91,117.15,15.11,45.02,44.4,13.37,,,
2023-05-17,82.3,76.96,117.85,15.09,44.93,45.07,13.17,,,
2023-05-18,82.45,75.86,117.6,14.86,45.61,45.62,13.01,,,
2023-05-19,82.73,75.58,118.4,14.93,45.22,44.94,13.16,,,
2023-05-22,82.9,75.99,119.0,15.0,45.19,45.11,12.97,,,
2023-05-23,82.82,76.84,119.0,14.84,44.51,44.75,12.91,,,
2023-05-24,82.89,78.36,118.65,15.03,44.13,44.25,12.71,,,
2023-05-25,82.71,76.26,118.5,14.95,44.09,44.73,12.73,,,
2023-05-26,82.74,76.95,119.03,15.18,44.75,44.69,12.88,,,
2023-05-29,82.57,,,15.08,45.62,43.8,13.04,,,
2023-05-30,82.58,73.54,93.25,15.01,45.4,43.45,12.93,,,
2023-05-31,82.68,72.66,95.1,14.86,46.08,43.6,12.76,,,
2023-06-01,82.67,74.28,93.85,14.77,46.35,42.95,12.59,,,
2023-06-02,82.28,76.13,100.65,14.76,45.96,43.06,12.61,,,
2023-06-05,82.41,76.71,110.85,14.77,45.39,41.54,12.32,,,
2023-06-06,82.51,76.29,105.5,14.88,45.95,40.92,12.21,,,
2023-06-07,82.52,76.95,109.75,14.92,46.61,40.8,12.09,,,
2023-06-08,82.62,75.96,112.5,15.14,47.31,40.87,11.91,,,
2023-06-09,82.49,74.79,116.15,15.13,47.57,41.03,11.92,,,
2023-06-12,82.44,71.84,114.75,15.22,48.47,41.39,11.87,,,
2023-06-13,82.34,74.29,116.25,15.15,49.21,41.14,12.05,,,
2023-06-14,82.29,73.2,116.65,15.25,49.18,41.4,12.05,,,
2023-06-15,82.04,75.67,116.35,15.13,49.08,41.31,12.24,,,
2023-06-16,81.91,76.61,114.65,15.02,48.62,41.53,12.42,,,
2023-06-19,81.91,,,14.93,48.73,41.63,12.26,,,
2023-06-20,81.98,75.9,116.75,15.0,49.11,42.11,12.19,,,
2023-06-21,81.99,77.12,116.25,15.0,49.48,41.64,12.21,,,
2023-06-22,81.94,74.14,115.65,14.78,49.57,41.02,12.39,,,
2023-06-23,81.92,73.85,115.0,14.84,50.32,40.46,12.49,,,
2023-06-26,81.98,74.18,114.65,14.81,50.12,41.04,12.21,,,
2023-06-27,82.01,72.26,114.65,15.03,49.55,40.45,12.03,,,
2023-06-28,82.0,74.03,114.65,14.9,49.91,40.49,12.03,,,
2023-06-29,82.03,74.34,114.65,15.02,49.26,39.91,11.86,,,
2023-06-30,82.08,74.9,115.59,15.16,49.97,39.43,11.69,,,
2023-07-03,82.1,74.65,121.4,15.05,50.03,39.76,11.67,,,
2023-07-04,81.95,,,14.83,50.04,40.09,11.68,,,
2023-07-05,82.01,76.65,123.35,15.04,50.62,39.49,11.82,,,
2023-07-06,82.39,76.52,117.25,14.9,51.39,39.49,11.95,,,
2023-07-07,82.77,78.47,115.65,14.75,50.62,39.39,11.98,,,
2023-07-10,82.62,77.69,111.5,14.72,49.49,38.68,11.99,,,
2023-07-11,82.53,79.4,105.9,14.81,49.18,38.96,11.81,,,
2023-07-12,82.4,80.11,104.5,14.59,49.46,39.0,11.97,,,
2023-07-13,82.0,81.36,103.75,14.46,49.28,38.71,12.03,,,
2023-07-14,82.03,79.87,103.85,14.44,48.55,39.21,11.86,,,
2023-07-17,82.08,78.5,104.15,14.84,49.53,38.02,11.94,,,
2023-07-18,82.06,79.63,108.35,14.84,48.83,37.54,12.08,,,
2023-07-19,82.08,79.46,108.5,14.76,49.0,37.82,12.12,,,
2023-07-20,82.06,79.64,110.0,14.72,48.9,37.26,12.3,,,
2023-07-21,82.08,81.07,110.5,14.69,48.17,36.71,12.25,,,
2023-07-24,81.99,82.74,111.0,15.08,48.72,37.26,12.5,,,
2023-07-25,81.81,83.64,110.85,15.3,48.96,37.17,12.32,,,
2023-07-26,81.95,82.92,110.9,15.13,49.67,36.9,12.16,,,
2023-07-27,81.98,84.24,110.9,15.05,49.57,37.2,12.2,,,
2023-07-28,82.37,84.99,110.45,14.92,49.52,37.76,12.14,,,
2023-07-31,82.25,85.56,106.0,15.05,51.76,37.38,11.97,,,
2023-08-01,82.23,84.91,103.85,14.88,51.05,37.53,11.81,,,
2023-08-02,82.31,83.2,105.15,14.89,51.0,38.1,11.84,,,
2023-08-03,82.73,85.14,108.15,15.01,51.19,38.38,11.75,,,
2023-08-04,82.78,86.24,108.1,14.79,51.02,38.96,11.92,,,
2023-08-07,82.7,85.34,112.25,14.74,52.51,39.36,12.07,,,
2023-08-08,82.75,86.17,115.0,14.77,53.31,39.28,11.98,,,
2023-08-09,82.85,87.55,115.9,14.78,53.08,39.76,11.8,,,
2023-08-10,82.87,86.4,115.35,14.76,52.29,39.89,11.97,,,
2023-08-11,82.8,86.81,115.85,14.94,52.54,40.34,11.83,,,
2023-08-14,82.9,86.21,115.05,15.21,53.48,41.42,11.75,,,
2023-08-15,83.23,84.89,115.85,15.19,53.97,40.84,11.88,,,
2023-08-16,83.19,83.45,115.0,15.42,54.11,40.53,11.88,,,
2023-08-17,83.24,84.12,116.0,15.19,54.11,41.01,11.87,,,
2023-08-18,83.1,84.8,116.15,15.22,53.47,41.63,12.01,,,
2023-08-21,83.17,84.46,118.85,15.23,51.66,40.7,11.83,,,
2023-08-22,83.11,84.03,118.75,15.0,52.4,40.21,11.71,,,
2023-08-23,83.07,83.21,118.15,15.03,52.33,39.75,11.71,,,
2023-08-24,82.54,83.36,118.1,15.08,51.98,40.02,11.53,,,
2023-08-25,82.64,84.48,117.66,15.31,51.39,40.62,11.55,,,
2023-08-28,82.66,84.42,122.5,15.52,53.35,40.19,11.19,,,
2023-08-29,82.69,85.49,122.95,15.46,53.77,40.63,11.02,,,
2023-08-30,82.49,85.86,122.25,15.22,52.97,40.81,10.98,,,
2023-08-31,82.7,86.86,118.75,15.15,52.73,41.43,11.12,,,
2023-09-01,82.68,88.55,116.65,15.15,53.53,41.45,10.95,,,
2023-09-04,82.7,,,15.38,53.47,41.74,10.63,,,
2023-09-05,82.73,90.04,119.0,15.18,53.73,41.12,10.5,,,
2023-09-06,83.09,90.6,116.15,14.95,53.2,41.64,10.57,,,
2023-09-07,83.26,89.92,116.25,15.15,52.41,41.57,10.51,,,
2023-09-08,83.24,90.65,116.15,14.93,52.48,41.78,10.35,,,
2023-09-11,83.03,90.64,117.75,15.11,51.19,42.18,10.49,,,
2023-09-12,82.94,92.06,118.35,14.91,51.1,41.6,10.43,,,
2023-09-13,82.84,91.88,119.6,14.9,51.1,41.06,10.45,,,
2023-09-14,82.94,93.7,120.6,14.89,50.51,41.05,10.38,,,
2023-09-15,83.03,93.93,120.85,14.92,50.37,41.43,10.45,,,
2023-09-18,83.09,94.43,121.5,15.08,49.08,42.84,10.33,,,
2023-09-19,83.25,94.34,122.5,15.13,48.9,42.21,10.49,,,
2023-09-20,83.19,93.53,122.5,15.26,49.49,42.84,10.58,,,
2023-09-21,83.09,93.3,121.65,15.15,48.82,43.21,10.74,,,
2023-09-22,82.89,93.27,122.15,15.38,49.27,43.18,10.7,,,
2023-09-25,82.97,93.29,123.0,15.21,49.18,41.96,10.47,,,
2023-09-26,83.03,93.96,123.0,15.03,48.45,42.6,10.52,,,
2023-09-27,83.3,96.55,122.65,15.16,48.37,42.01,10.48,,,
2023-09-28,83.22,95.38,122.65,15.08,48.37,41.43,10.39,,,
2023-09-29,83.19,95.31,123.32,14.92,47.65,41.02,10.54,,,
2023-10-02,83.03,90.71,124.0,14.82,48.02,41.04,10.66,,,
2023-10-03,83.36,90.92,121.35,14.8,48.75,40.69,10.57,,,
2023-10-04,83.23,85.81,119.3,14.81,48.02,40.08,10.73,,,
2023-10-05,83.45,84.07,120.05,14.59,47.31,40.25,10.72,,,
2023-10-06,83.22,84.58,122.8,14.37,46.6,40.22,10.65,,,
2023-10-09,83.12,88.15,126.15,14.49,47.93,40.39,10.71,,,
2023-10-10,83.27,87.65,130.25,14.65,48.12,40.31,10.69,,,
2023-10-11,83.25,85.82,130.0,14.78,48.48,40.36,10.79,,,
2023-10-12,83.22,86.0,134.25,15.01,48.53,40.14,10.85,,,
2023-10-13,83.26,90.89,139.1,14.99,48.7,39.83,10.74,,,
2023-10-16,83.28,89.65,138.85,15.23,48.36,39.33,10.41,,,
2023-10-17,83.2,89.9,138.75,15.46,48.54,39.8,10.35,,,
2023-10-18,83.26,91.5,138.25,15.46,48.61,39.54,10.51,,,
2023-10-19,83.27,92.38,137.4,15.54,47.88,40.14,10.5,,,
2023-10-20,83.12,92.16,138.0,15.77,47.17,40.13,10.41,,,
2023-10-23,83.16,89.83,137.0,15.79,48.02,39.53,10.33,,,
2023-10-24,83.03,88.07,135.25,15.8,47.34,39.33,10.48,,,
2023-10-25,82.99,90.13,136.0,15.84,46.64,38.74,10.57,,,
2023-10-26,83.17,87.93,135.6,15.68,46.13,38.16,10.55,,,
2023-10-27,83.28,90.48,136.08,15.45,46.0,37.95,10.66,,,
2023-10-30,83.41,87.45,128.2,15.62,46.41,37.25,10.39,,,
2023-10-31,83.3,87.41,123.15,15.86,47.11,36.97,10.32,,,
2023-11-01,83.28,84.63,122.5,15.73,47.36,37.53,10.45,,,
2023-11-02,85.19,86.85,124.0,15.53,46.65,36.97,10.4,,,
2023-11-03,83.25,84.89,124.5,15.52,47.3,36.64,10.46,,,
2023-11-06,83.16,85.18,120.75,15.5,46.27,37.55,10.27,,,
2023-11-07,83.22,81.61,121.0,15.74,46.97,37.21,10.32,,,
2023-11-08,83.23,79.54,124.7,15.97,47.68,37.23,10.22,,,
2023-11-09,83.22,80.01,126.65,15.97,47.22,36.96,10.18,,,
2023-11-10,83.32,81.43,124.65,16.21,47.15,36.52,10.23,,,
2023-11-13,83.3,82.52,124.5,16.42,47.86,36.34,10.41,,,
2023-11-14,83.2,82.47,123.75,16.59,47.22,36.51,10.29,,,
2023-11-15,82.98,81.18,123.15,16.59,46.79,36.59,10.24,,,
2023-11-16,83.19,77.42,122.5,16.34,46.79,36.81,10.24,,,
2023-11-17,83.12,80.61,121.75,16.22,47.49,36.69,10.39,,,
2023-11-20,83.29,82.32,121.75,15.93,47.69,35.49,10.24,,,
2023-11-21,83.32,82.45,122.4,15.86,47.45,34.96,10.14,,,
2023-11-22,83.35,81.96,122.75,15.7,48.0,34.79,9.99,,,
2023-11-23,83.55,81.37,,15.5,48.73,34.27,9.99,,,
2023-11-24,83.34,80.58,123.55,15.37,48.5,33.76,10.11,,,
2023-11-27,83.31,79.98,116.75,15.36,48.47,34.15,10.19,,,
2023-11-28,83.36,81.68,114.35,15.28,48.5,34.67,10.28,,,
2023-11-29,83.42,83.1,114.7,15.34,48.38,34.15,10.2,,,
2023-11-30,83.33,82.83,118.45,15.43,49.11,34.63,10.06,,,
2023-12-01,83.35,78.88,119.8,15.2,48.91,34.57,9.94,,,
2023-12-04,83.22,78.03,119.0,15.42,48.83,34.49,10.0,,,
2023-12-05,83.42,77.2,118.0,15.25,49.56,34.54,10.15,,,
2023-12-06,83.32,74.3,120.4,15.17,49.23,34.7,10.02,,,
2023-12-07,83.29,74.05,122.0,15.03,48.49,34.19,10.14,,,
2023-12-08,83.35,75.84,122.75,15.07,48.47,34.7,10.3,,,
2023-12-11,83.43,76.03,121.3,14.87,49.68,34.67,10.13,,,
2023-12-12,83.34,73.24,117.65,14.71,49.44,35.0,10.09,,,
2023-12-13,83.4,74.26,117.9,14.93,48.9,35.53,10.23,,,
2023-12-14,83.29,76.61,118.0,14.99,48.17,35.66,10.08,,,
2023-12-15,83.3,76.55,117.0,14.77,48.29,35.66,9.93,,,
2023-12-18,83.04,77.95,116.85,14.78,48.75,34.87,10.2,,,
2023-12-19,83.11,79.23,116.75,14.83,49.05,35.15,10.04,,,
2023-12-20,83.09,79.7,116.25,14.91,49.08,34.73,10.03,,,
2023-12-21,83.27,79.39,116.0,15.04,48.51,35.01,10.17,,,
2023-12-22,83.13,79.07,115.85,15.25,48.21,34.61,10.18,,,
2023-12-25,83.17,,,15.02,47.65,34.44,10.19,,,
2023-12-26,83.17,81.07,115.85,15.24,47.77,34.76,10.29,,,
2023-12-27,83.18,79.65,117.5,15.38,48.09,35.03,10.14,,,
2023-12-28,83.27,78.39,117.25,15.61,48.33,34.9,9.99,,,
2023-12-29,82.3,77.04,117.55,15.85,48.27,35.43,9.95,,,
2024-01-01,83.25,,,15.95,47.22,36.55,9.67,,,
2024-01-02,83.2,75.89,106.15,15.71,47.25,36.43,9.7,,,
2024-01-03,83.26,78.25,109.25,15.71,46.81,36.76,9.72,,,
2024-01-04,83.32,77.59,112.4,15.94,47.33,36.44,9.72,,,
2024-01-05,83.24,78.76,115.25,15.83,46.93,35.92,9.77,,,
2024-01-08,83.19,76.12,113.2,15.9,47.6,34.83,9.91,,,
2024-01-09,83.05,77.59,111.15,15.81,48.16,35.12,9.95,,,
2024-01-10,83.13,76.8,109.0,15.62,48.6,34.87,10.05,,,
2024-01-11,83.03,77.41,107.25,15.47,47.88,35.22,10.18,,,
2024-01-12,83.08,78.29,108.55,15.24,48.6,35.37,10.26,,,
2024-01-15,82.87,,,15.14,49.18,36.72,10.43,,,
2024-01-16,82.86,78.29,108.0,15.16,48.62,36.93,10.35,,,
2024-01-17,83.09,77.88,107.0,15.07,47.9,37.09,10.32,,,
2024-01-18,83.18,79.1,106.9,15.29,47.44,37.65,10.23,,,
2024-01-19,83.16,78.56,106.25,15.52,47.11,38.01,10.32,,,
2024-01-22,83.12,80.06,105.55,15.7,45.88,38.53,10.28,,,
2024-01-23,83.1,79.55,105.5,15.47,45.87,38.17,10.3,,,
2024-01-24,83.22,80.04,105.9,15.71,45.42,37.79,10.19,,,
2024-01-25,83.1,82.43,105.7,15.57,45.74,38.36,10.28,,,
2024-01-26,83.15,83.55,106.07,15.69,46.15,38.94,10.27,,,
2024-01-29,83.12,82.4,94.4,15.99,47.69,38.66,10.15,,,
2024-01-30,83.15,82.87,96.0,16.14,47.31,38.95,10.3,,,
2024-01-31,83.11,81.71,99.55,16.38,47.49,39.33,10.37,,,
2024-02-01,83.05,78.7,97.45,16.29,47.7,39.83,10.46,,,
2024-02-02,82.93,77.33,98.5,16.05,47.38,39.69,10.37,,,
2024-02-05,83.0,77.99,98.2,16.0,47.01,39.55,10.54,,,
2024-02-06,83.1,78.59,98.5,15.93,47.35,39.73,10.55,,,
2024-02-07,83.07,79.21,98.5,15.69,47.18,40.33,10.53,,,
2024-02-08,83.01,81.63,97.4,15.78,47.05,40.14,10.68,,,
2024-02-09,82.99,82.19,96.0,16.02,46.97,40.23,10.82,,,
2024-02-12,83.01,82.0,94.4,16.34,46.55,40.57,10.87,,,
2024-02-13,82.99,82.77,94.0,16.42,46.74,40.19,10.96,,,
2024-02-14,83.07,81.6,94.15,16.6,47.0,40.8,10.82,,,
2024-02-15,83.04,82.86,94.5,16.68,46.42,41.16,10.7,,,
2024-02-16,83.01,83.47,94.5,16.62,46.47,40.63,10.54,,,
2024-02-19,83.02,,,16.48,45.94,40.93,10.66,,,
2024-02-20,83.02,82.34,94.75,16.42,45.55,41.55,10.65,,,
2024-02-21,82.83,83.03,95.15,16.48,44.87,41.84,10.81,,,
2024-02-22,82.94,83.67,95.65,16.57,44.2,41.21,10.87,,,
2024-02-23,82.87,81.62,95.77,16.74,44.87,40.91,10.7,,,
2024-02-26,82.88,82.53,98.7,16.75,44.89,40.52,10.78,,,
2024-02-27,82.85,83.65,100.9,16.69,45.43,40.61,10.69,,,
2024-02-28,82.95,83.68,103.65,16.69,44.94,40.0,10.72,,,
2024-02-29,82.91,83.62,103.85,16.45,45.41,40.16,10.74,,,
2024-03-01,82.91,83.55,107.0,16.69,44.9,40.16,10.66,,,
2024-03-04,82.85,82.8,111.0,17.06,45.48,40.56,10.45,,,
2024-03-05,82.91,82.04,112.5,16.93,45.84,40.4,10.3,,,
2024-03-06,82.88,82.96,112.15,17.05,45.22,40.29,10.45,,,
2024-03-07,82.82,82.96,110.75,17.02,44.96,40.7,10.49,,,
2024-03-08,82.75,82.08,111.15,16.99,45.05,40.59,10.43,,,
2024-03-11,82.75,82.21,109.0,17.01,44.56,39.81,10.39,,,
2024-03-12,82.78,81.92,109.25,17.15,44.11,39.59,10.55,,,
2024-03-13,82.84,84.03,109.5,16.9,43.82,40.19,10.7,,,
2024-03-14,82.83,85.42,111.15,17.14,43.17,40.12,10.59,,,
2024-03-15,82.97,85.34,112.35,17.36,42.53,40.12,10.53,,,
2024-03-18,82.89,86.89,112.4,17.42,43.54,40.18,10.24,,,
2024-03-19,82.86,87.38,112.65,17.68,44.2,40.15,10.2,,,
2024-03-20,83.04,85.95,112.25,17.42,44.45,40.17,10.35,,,
2024-03-21,83.05,85.78,112.4,17.58,44.64,40.33,10.2,,,
2024-03-22,83.23,85.43,113.0,17.39,44.68,40.49,10.19,,,
2024-03-25,83.59,86.75,113.75,17.25,43.41,41.06,9.93,,,
2024-03-26,83.42,86.25,113.9,17.25,43.76,41.68,10.06,,,
2024-03-27,83.35,86.09,114.05,17.02,43.93,41.97,10.03,,,
2024-03-28,83.36,87.48,114.44,17.23,43.43,41.59,9.88,,,
2024-03-29,83.39,,,16.97,43.96,42.22,9.73,,,
2024-04-01,83.36,87.42,119.75,16.78,45.76,41.82,9.7,,,
2024-04-02,83.41,88.92,121.65,16.82,45.43,41.61,9.64,,,
2024-04-03,83.35,89.35,118.9,16.57,46.07,42.23,9.75,,,
2024-04-04,83.37,90.65,116.25,16.58,46.16,41.61,9.61,,,
2024-04-05,83.48,91.17,117.95,16.33,46.47,40.99,9.47,,,
2024-04-08,83.3,90.38,118.0,16.16,46.11,40.8,9.79,,,
2024-04-09,83.27,89.42,117.9,16.22,46.06,40.52,9.65,,,
2024-04-10,83.22,90.48,118.25,16.07,46.66,41.14,9.59,,,
2024-04-11,83.41,89.74,120.75,16.06,46.39,41.76,9.67,,,
2024-04-12,83.35,90.45,122.0,15.82,46.94,41.52,9.6,,,
2024-04-15,83.61,90.1,120.7,16.43,47.92,40.43,9.4,,,
2024-04-16,83.51,90.02,121.65,16.44,47.7,40.81,9.3,,,
2024-04-17,83.67,87.29,120.15,16.6,48.42,40.84,9.41,,,
2024-04-18,83.6,87.11,120.4,16.35,48.7,40.81,9.41,,,
2024-04-19,83.54,87.29,119.9,16.6,48.69,40.35,9.56,,,
2024-04-22,83.39,87.0,119.15,16.91,47.95,40.73,9.86,,,
2024-04-23,83.39,88.42,119.0,16.86,47.24,40.68,9.95,,,
2024-04-24,83.28,88.02,118.35,16.77,47.11,40.14,9.93,,,
2024-04-25,83.34,89.01,118.65,16.87,46.62,39.54,10.08,,,
2024-04-26,83.3,89.5,118.78,16.65,46.98,38.95,10.1,,,
2024-04-29,83.4,88.4,101.35,16.44,47.69,39.98,9.86,,,
2024-04-30,83.45,87.86,103.15,16.26,47.61,39.99,9.98,,,
2024-05-01,83.5,83.44,105.5,16.41,47.01,39.39,10.07,,,
2024-05-02,83.41,83.67,107.75,16.29,47.48,39.26,10.05,,,
2024-05-03,83.41,82.96,107.0,16.05,47.21,38.68,9.94,,,
2024-05-06,83.38,83.33,107.0,15.7,46.42,38.52,9.98,,,
2024-05-07,83.47,83.16,108.75,15.49,46.86,38.84,10.05,,,
2024-05-08,83.47,83.58,106.3,15.72,46.69,38.65,10.2,,,
2024-05-09,83.46,83.88,107.25,15.56,45.99,39.09,10.14,,,
2024-05-10,83.46,82.79,106.9,15.5,46.33,38.86,10.11,,,
2024-05-13,83.52,83.36,105.75,15.48,45.64,39.53,10.2,,,
2024-05-14,83.51,82.38,105.25,15.65,44.96,39.65,10.17,,,
2024-05-15,83.52,82.75,105.5,15.6,44.29,39.64,10.32,,,
2024-05-16,83.41,83.27,106.4,15.37,44.65,40.24,10.39,,,
2024-05-17,83.47,83.98,105.0,15.6,44.48,40.38,10.33,,,
2024-05-20,83.3,83.71,106.25,15.58,44.31,40.73,10.38,,,
2024-05-21,83.32,82.88,106.5,15.62,43.88,41.14,10.38,,,
2024-05-22,83.32,81.9,105.25,15.86,44.54,40.99,10.3,,,
2024-05-23,83.27,81.36,105.65,15.79,43.88,40.38,10.3,,,
2024-05-24,83.29,82.12,105.4,15.75,44.14,39.87,10.22,,,
2024-05-27,83.05,,,15.64,43.49,40.23,10.44,,,
2024-05-28,83.15,84.22,105.5,15.58,44.07,39.9,10.42,,,
2024-05-29,83.21,83.6,105.5,15.46,43.51,39.31,10.43,,,
2024-05-30,83.37,81.86,105.5,15.69,43.17,39.9,10.43,,,
2024-05-31,83.32,81.62,106.04,15.78,43.67,40.22,10.31,,,
2024-06-03,83.45,78.36,118.95,15.94,43.69,41.14,10.04,,,
2024-06-04,83.09,77.52,116.5,15.79,43.4,41.19,9.96,,,
2024-06-05,83.63,78.41,111.4,15.68,43.17,41.81,10.05,,,
2024-06-06,83.38,79.87,109.65,15.68,43.32,41.92,10.03,,,
2024-06-07,83.47,79.62,108.65,15.48,43.67,42.27,10.18,,,
2024-06-10,83.53,81.63,109.55,15.52,44.15,43.1,10.09,,,
2024-06-11,83.53,81.92,108.8,15.29,44.58,43.09,10.15,,,
2024-06-12,83.6,82.6,109.65,15.26,44.5,43.56,10.28,,,
2024-06-13,83.53,82.75,110.3,15.49,44.96,44.04,10.35,,,
2024-06-14,83.52,82.62,109.8,15.52,45.51,44.71,10.2,,,
2024-06-17,83.55,84.25,109.0,15.55,44.83,45.15,10.1,,,
2024-06-18,83.51,85.33,109.15,15.32,44.18,44.79,10.19,,,
2024-06-19,83.37,,,15.36,44.03,45.29,10.05,,,
2024-06-20,83.42,85.71,110.65,15.22,44.69,44.93,10.19,,,
2024-06-21,83.6,85.24,109.4,15.07,44.52,44.92,10.15,,,
2024-06-24,83.56,86.01,109.0,15.44,45.0,46.48,10.47,,,
2024-06-25,83.46,85.01,108.9,15.48,44.33,46.29,10.62,,,
2024-06-26,83.41,85.25,108.65,15.4,44.09,46.22,10.54,,,
2024-06-27,83.58,86.39,108.5,15.18,44.76,46.78,10.38,,,
2024-06-28,83.45,86.41,109.66,15.27,44.8,46.76,10.4,,,
2024-07-01,83.37,86.6,103.7,15.22,45.54,47.23,10.45,,,
2024-07-02,83.44,86.24,103.25,15.35,45.57,46.85,10.41,,,
2024-07-03,83.48,87.34,103.6,15.53,45.07,47.17,10.26,,,
2024-07-04,83.49,,,15.3,44.68,47.81,10.31,,,
2024-07-05,83.49,86.54,104.45,15.33,45.35,47.15,10.17,,,
2024-07-08,83.47,85.75,104.5,15.26,46.11,47.16,10.2,,,
2024-07-09,83.46,84.66,102.85,15.45,46.8,47.58,10.32,,,
2024-07-10,83.49,85.08,101.5,15.37,47.48,47.22,10.28,,,
2024-07-11,83.5,85.4,102.15,15.14,48.2,46.52,10.13,,,
2024-07-12,83.52,85.03,103.75,14.92,48.92,47.19,10.28,,,
2024-07-15,83.52,84.85,106.1,15.27,46.89,46.59,10.29,,,
2024-07-16,83.59,83.73,106.5,15.19,46.32,46.7,10.34,,,
2024-07-17,83.53,85.08,104.4,15.1,46.52,47.4,10.38,,,
2024-07-18,83.57,85.11,105.15,14.91,46.18,48.12,10.26,,,
2024-07-19,83.67,82.63,105.15,14.83,46.88,47.4,10.42,,,
2024-07-22,83.73,82.4,105.0,14.43,48.3,48.67,10.44,,,
2024-07-23,83.67,81.01,105.25,14.53,49.03,49.33,10.32,,,
2024-07-24,83.71,81.71,106.15,14.53,48.75,50.08,10.4,,,
2024-07-25,83.74,82.37,106.25,14.67,48.02,50.28,10.25,,,
2024-07-26,83.74,81.13,106.37,14.89,47.89,49.66,10.29,,,
2024-07-29,83.73,79.78,115.45,15.17,47.68,50.24,9.88,,,
2024-07-30,83.75,78.63,116.4,14.99,47.72,49.91,9.91,,,
2024-07-31,83.74,80.72,116.65,15.13,48.05,50.62,10.04,,,
2024-08-01,83.72,79.52,120.6,15.36,47.33,51.38,10.09,,,
2024-08-02,83.74,76.81,121.4,15.42,47.59,50.62,10.14,,,
2024-08-05,83.74,76.3,119.55,15.21,48.04,50.05,10.31,,,
2024-08-06,84.0,76.48,120.85,15.37,47.32,50.15,10.15,,,
2024-08-07,83.93,78.33,121.15,15.42,47.15,49.57,10.26,,,
2024-08-08,83.94,79.16,121.5,15.65,47.08,48.84,10.36,,,
2024-08-09,83.99,79.66,122.0,15.65,46.77,48.31,10.32,,,
2024-08-12,83.95,82.3,122.9,15.22,46.55,46.49,10.23,,,
2024-08-13,83.89,80.69,120.75,15.01,46.12,46.24,10.18,,,
2024-08-14,83.88,79.76,121.9,15.19,46.78,45.78,10.2,,,
2024-08-15,83.97,81.04,122.5,15.35,46.49,46.02,10.34,,,
2024-08-16,83.95,79.68,122.4,15.42,46.77,46.41,10.49,,,
2024-08-19,83.89,77.66,122.4,14.9,48.12,46.27,10.45,,,
2024-08-20,83.88,77.2,121.5,15.12,48.85,45.73,10.39,,,
2024-08-21,83.78,76.05,120.25,15.01,49.51,45.21,10.37,,,
2024-08-22,83.89,77.22,120.85,14.82,49.5,45.66,10.52,,,
2024-08-23,83.94,79.02,121.15,14.82,49.92,44.99,10.62,,,
2024-08-26,83.81,81.43,121.15,14.8,48.3,45.12,10.47,,,
2024-08-27,83.88,79.55,121.0,14.58,49.03,44.44,10.61,,,
2024-08-28,83.92,78.65,121.4,14.37,48.52,44.45,10.77,,,
2024-08-29,83.94,79.94,121.4,14.36,48.0,44.67,10.77,,,
2024-08-30,83.9,78.8,121.68,14.27,47.36,44.01,10.61,,,
2024-09-02,83.86,,,14.37,48.48,43.61,10.45,21.76,14.64,26.51
2024-09-03,83.93,73.75,116.05,14.37,48.9,43.73,10.47,22.99,14.17,26.8
2024-09-04,83.95,72.7,114.65,14.58,48.17,44.08,10.63,22.9,13.81,26.79
2024-09-05,83.98,72.69,114.3,14.7,47.67,43.42,10.79,20.87,12.85,26.02
2024-09-06,83.98,71.06,114.65,14.56,48.39,42.77,10.89,21.09,14.12,25.5
2024-09-09,83.98,71.84,114.6,14.59,48.9,41.68,10.92,22.64,13.85,26.03
2024-09-10,83.98,69.19,113.8,14.62,48.3,42.23,10.92,22.04,15.02,25.34
2024-09-11,83.98,70.61,113.9,14.47,48.11,42.35,10.93,22.99,14.68,26.19
2024-09-12,83.99,71.97,113.15,14.58,47.51,42.01,10.77,22.71,13.81,25.45
2024-09-13,83.93,71.61,114.0,14.45,47.16,41.61,10.68,22.0,13.51,24.32
2024-09-16,83.88,72.75,112.8,14.54,46.9,41.48,10.67,22.16,14.23,26.14
2024-09-17,83.88,73.7,114.15,14.32,46.89,40.86,10.72,23.16,13.87,25.46
2024-09-18,83.77,73.65,114.0,14.14,46.53,41.48,10.78,22.22,14.27,25.81
2024-09-19,83.69,74.88,113.75,14.31,46.14,40.86,10.86,22.97,13.72,25.65
2024-09-20,83.61,74.49,113.9,14.36,46.22,41.16,10.94,22.15,13.61,25.76
2024-09-23,83.49,73.9,114.65,14.33,47.29,41.53,10.58,23.58,13.54,25.58
2024-09-24,83.56,75.17,114.25,14.19,48.01,40.91,10.68,23.04,14.59,26.59
2024-09-25,83.57,73.46,114.95,14.24,47.7,40.3,10.52,22.84,13.27,24.43
2024-09-26,83.62,71.6,114.85,14.12,47.11,40.51,10.39,22.67,14.35,26.1
2024-09-27,83.62,71.98,114.81,13.97,47.16,41.13,10.27,22.93,14.53,24.65
2024-09-30,83.72,71.77,118.75,13.79,46.01,40.99,10.1,23.82,13.65,26.37
2024-10-01,83.83,73.56,117.9,13.83,45.99,40.6,10.01,25.06,14.97,26.33
2024-10-02,83.87,73.9,116.0,13.62,45.75,40.76,9.86,23.4,14.78,26.5
2024-10-03,83.92,77.62,117.55,13.49,46.16,40.78,9.8,23.08,13.65,25.97
2024-10-04,84.01,78.05,121.95,13.43,46.56,40.55,9.86,22.76,14.98,25.23
2024-10-07,84.03,80.93,121.9,13.49,46.78,41.51,9.68,23.83,13.82,27.19
2024-10-08,83.96,77.18,119.5,13.69,46.34,42.14,9.63,23.45,14.9,26.87
2024-10-09,83.91,76.58,118.85,13.49,45.65,41.6,9.59,23.15,14.97,26.55
2024-10-10,83.94,79.4,120.55,13.55,45.4,42.23,9.52,23.86,14.8,26.7
2024-10-11,83.95,79.04,119.85,13.42,46.04,42.61,9.52,23.88,14.3,26.26
2024-10-14,84.17,77.46,120.75,13.1,46.84,42.0,9.53,24.61,14.57,26.93
2024-10-15,84.05,74.25,119.3,13.3,46.6,41.37,9.58,24.64,14.4,28.29
2024-10-16,84.06,74.22,118.15,13.43,47.31,41.45,9.61,24.52,15.54,26.54
2024-10-17,84.04,74.45,118.5,13.61,47.59,41.77,9.53,24.49,14.79,27.28
2024-10-18,84.05,73.06,118.5,13.69,47.01,41.86,9.54,23.94,14.81,25.13
2024-10-21,84.07,74.29,118.6,13.73,47.9,42.24,9.45,24.63,15.24,26.81
2024-10-22,84.07,76.04,118.6,13.59,47.37,41.61,9.5,24.92,15.91,28.39
2024-10-23,84.08,74.96,119.1,13.75,48.09,42.12,9.59,23.63,15.14,26.55
2024-10-24,84.07,74.38,119.25,13.87,48.42,42.13,9.66,24.07,15.34,26.87
2024-10-25,84.08,76.05,119.59,14.08,48.82,41.64,9.56,23.78,15.06,26.3
2024-10-28,84.1,71.42,119.8,13.77,49.61,40.65,9.75,25.72,14.9,26.21
2024-10-29,84.1,71.12,121.45,13.98,49.19,40.63,9.73,24.3,15.7,28.63
2024-10-30,84.09,72.55,120.5,13.77,48.45,40.02,9.77,25.19,15.57,27.29
2024-10-31,84.09,73.16,119.5,13.56,48.82,40.31,9.81,23.2,15.96,28.97
2024-11-01,84.09,73.1,118.3,13.58,48.1,39.77,9.91,23.69,14.71,27.73
2024-11-04,84.13,75.08,119.25,13.66,48.64,39.18,9.69,24.99,15.73,29.37
2024-11-05,84.15,75.53,117.95,13.57,48.39,38.6,9.73,25.12,16.14,28.31
2024-11-06,84.12,74.92,118.0,13.37,49.1,38.84,9.64,24.32,15.76,27.17
2024-11-07,84.25,75.63,119.0,13.57,48.77,38.43,9.69,24.01,15.35,28.19
2024-11-08,84.31,73.87,119.8,13.41,49.41,38.25,9.54,24.69,15.7,28.62
2024-11-11,84.38,71.83,120.7,13.36,49.66,38.51,9.91,24.07,15.59,28.11
2024-11-12,84.4,71.89,120.5,13.35,50.41,37.94,9.92,24.32,16.1,27.98
2024-11-13,84.4,72.28,120.45,13.43,50.46,38.27,9.84,24.99,15.58,27.77
2024-11-14,84.42,72.56,121.4,13.6,50.5,38.57,9.7,24.56,16.05,26.95
2024-11-15,84.47,71.04,122.0,13.55,51.02,38.42,9.68,24.78,15.09,27.53
2024-11-18,84.48,73.3,122.65,13.68,51.04,37.98,9.35,25.32,14.12,29.45
2024-11-19,84.4,73.31,122.4,13.54,50.28,37.99,9.38,24.86,15.34,28.23
2024-11-20,84.4,72.81,122.5,13.74,50.01,38.27,9.34,25.1,16.55,28.91
2024-11-21,84.38,74.23,122.75,13.77,50.76,38.43,9.4,24.03,15.13,26.83
2024-11-22,84.49,75.17,122.15,13.66,50.53,38.71,9.45,24.03,15.08,27.88
2024-11-25,84.44,73.01,122.0,14.03,50.1,38.7,9.72,25.18,15.35,29.21
2024-11-26,84.38,72.81,121.65,13.85,49.36,38.64,9.57,24.66,16.48,28.54
2024-11-27,84.34,72.83,121.65,13.77,49.53,38.06,9.62,24.75,14.83,29.13
2024-11-28,84.42,,,13.77,49.42,37.96,9.62,24.72,13.64,27.23
2024-11-29,84.47,72.94,121.95,13.77,48.68,38.25,9.48,24.38,15.03,27.51
2024-12-02,84.56,71.83,117.9,13.74,49.16,39.53,9.46,24.55,14.48,27.93
2024-12-03,84.74,73.62,116.4,13.7,48.98,39.69,9.35,24.65,14.77,30.13
2024-12-04,84.68,72.31,115.2,13.56,49.28,39.44,9.46,23.3,15.35,28.73
2024-12-05,84.71,72.09,114.4,13.44,50.02,39.08,9.49,23.1,14.61,29.79
2024-12-06,84.68,71.12,113.95,13.41,49.84,39.62,9.63,22.96,14.64,27.9
2024-12-09,84.67,72.14,113.85,12.96,51.23,39.96,9.88,23.77,15.64,28.07
2024-12-10,84.85,72.19,114.0,13.04,51.26,40.33,9.75,24.2,15.16,29.25
2024-12-11,84.87,73.52,113.9,12.92,50.65,39.73,9.9,25.13,14.6,28.82
2024-12-12,84.86,73.41,112.75,12.89,50.35,40.03,9.79,23.69,15.38,29.44
2024-12-13,84.84,74.49,112.65,13.08,50.58,39.45,9.79,24.09,15.25,28.39
2024-12-16,84.8,73.91,111.25,13.3,51.56,38.92,9.83,23.59,15.91,28.32
2024-12-17,84.92,73.19,111.9,13.39,51.34,38.86,9.77,24.16,15.1,27.53
2024-12-18,84.92,73.39,111.35,13.35,51.42,39.45,9.87,24.81,15.2,27.18
2024-12-19,85.17,72.88,111.5,13.32,52.2,39.66,9.84,22.89,15.83,29.71
2024-12-20,85.28,72.94,111.7,13.39,52.72,39.74,9.96,24.14,14.94,27.22
2024-12-23,84.94,72.63,112.25,13.47,52.33,40.26,10.0,23.84,15.34,28.53
2024-12-24,85.1,73.58,112.0,13.57,52.43,40.47,9.91,24.84,15.36,27.47
2024-12-25,85.18,,,13.78,51.66,40.65,10.06,24.28,14.84,29.55
2024-12-26,85.41,73.26,112.0,13.95,51.11,40.3,10.14,24.67,15.32,27.85
2024-12-27,85.26,74.17,112.29,13.74,51.58,39.7,10.12,24.4,14.09,28.91
2024-12-30,85.39,74.39,112.65,14.11,53.06,39.34,9.9,24.44,15.1,29.89
2024-12-31,85.79,74.64,114.5,13.92,53.63,39.5,10.05,25.18,14.45,27.5
2025-01-02,85.79,75.93,114.5,13.98,52.9,39.62,10.09,25.39,14.29,27.11
2025-01-03,85.8,76.51,113.2,13.85,52.24,39.08,10.22,24.87,14.46,26.84
2025-01-06,85.76,76.3,109.7,14.01,52.93,38.27,9.98,24.4,13.84,29.74
2025-01-07,85.68,77.05,110.55,13.89,53.73,38.18,9.99,24.62,15.18,28.57
2025-01-08,85.81,76.16,108.0,13.74,54.17,38.76,10.06,24.27,14.62,29.34
2025-01-09,85.91,76.92,106.0,13.8,53.37,38.18,9.91,24.15,14.85,28.47
2025-01-10,85.92,79.76,105.35,13.59,52.91,38.25,9.85,23.2,15.56,27.64
2025-01-13,86.19,81.01,108.45,13.81,54.1,38.99,9.65,23.74,15.34,31.02
2025-01-14,86.65,79.92,106.25,13.92,54.44,38.65,9.76,24.15,14.25,27.73
2025-01-15,86.54,82.03,107.4,13.81,54.48,38.08,9.63,24.59,15.09,28.0
2025-01-16,86.43,81.29,107.9,14.0,53.98,38.65,9.59,24.51,14.78,26.95
2025-01-17,86.61,80.79,109.25,13.95,53.92,38.19,9.6,24.92,14.26,28.2
2025-01-20,86.57,,,13.93,54.16,37.9,9.89,23.71,14.41,29.66
2025-01-21,86.21,79.29,111.25,13.96,53.98,38.47,9.86,23.15,14.3,28.17
2025-01-22,86.45,79.0,109.75,13.96,54.01,38.93,9.71,24.36,15.33,29.19
2025-01-23,86.47,78.29,109.5,14.17,54.48,38.35,9.72,23.18,15.32,26.82
2025-01-24,86.44,78.5,109.4,13.96,53.85,38.68,9.87,23.01,13.82,28.23
2025-01-27,86.2,77.08,109.4,13.61,52.72,38.25,10.08,24.51,14.49,28.54
2025-01-28,86.47,77.49,110.25,13.64,53.51,38.42,10.0,24.02,14.35,27.07
2025-01-29,86.58,76.58,110.15,13.84,53.41,38.71,9.95,23.62,13.81,26.52
2025-01-30,86.64,76.87,110.15,13.88,52.61,38.71,9.97,22.81,14.07,25.98
2025-01-31,86.65,76.76,110.38,13.82,52.29,38.13,9.99,22.09,14.48,26.09
2025-02-03,86.55,75.96,109.25,13.63,52.2,37.99,10.29,24.62,15.1,29.48
2025-02-04,86.94,76.2,105.75,13.84,52.71,37.43,10.17,23.81,14.53,27.78
2025-02-05,87.13,74.61,105.7,13.93,52.57,37.99,10.06,24.04,15.15,27.01
2025-02-06,87.33,74.29,106.35,13.96,51.94,38.57,9.95,22.56,13.2,27.87
2025-02-07,87.59,74.66,105.0,14.07,51.74,38.95,9.98,21.76,15.28,26.83
2025-02-10,87.51,75.87,104.5,14.06,52.52,38.43,9.98,24.22,13.7,28.41
2025-02-11,87.49,77.0,102.9,14.16,53.27,38.63,10.06,22.51,14.67,27.65
2025-02-12,86.81,75.18,103.15,14.23,53.45,38.43,10.02,23.24,14.43,27.6
2025-02-13,86.87,75.02,101.75,14.09,54.1,39.01,9.93,21.92,14.0,27.89
2025-02-14,86.75,74.74,101.25,14.3,53.71,39.47,10.03,22.72,13.7,26.33
2025-02-17,86.43,,,14.7,52.67,39.63,9.97,22.6,12.7,27.83
2025-02-18,86.85,75.84,101.65,14.7,51.89,40.01,9.98,22.32,13.42,27.16
2025-02-19,86.89,76.04,100.4,14.76,51.12,39.53,9.94,22.75,13.84,27.35
2025-02-20,86.87,76.48,99.9,14.9,51.52,39.77,10.03,21.83,12.26,26.19
2025-02-21,86.45,74.43,99.75,14.78,51.61,39.27,10.19,21.27,14.2,25.01
2025-02-24,86.53,74.78,100.4,14.64,52.32,39.78,10.04,23.7,13.97,29.21
2025-02-25,86.69,73.02,99.75,14.86,52.27,39.82,10.06,22.79,13.91,27.25
2025-02-26,87.08,72.53,99.5,14.64,51.93,39.35,9.92,22.38,13.35,26.31
2025-02-27,87.16,74.04,99.75,14.42,51.79,39.95,10.04,22.16,13.46,26.75
2025-02-28,87.33,73.18,99.43,14.64,51.14,40.55,10.08,22.47,12.89,26.88
2025-03-03,87.46,71.62,96.6,14.7,51.58,41.66,10.34,23.01,13.65,27.28
2025-03-04,87.33,71.04,96.0,14.92,52.36,42.11,10.19,22.74,13.68,27.02
2025-03-05,87.22,69.3,96.9,14.91,52.44,42.75,10.34,23.27,13.39,26.22
2025-03-06,86.89,69.46,96.7,15.14,52.61,42.75,10.46,22.22,13.43,24.47
2025-03-07,87.13,70.36,97.5,14.91,51.82,42.79,10.62,21.18,13.23,25.48
2025-03-10,87.07,69.28,100.0,15.42,51.68,43.3,10.6,23.51,13.9,27.39
2025-03-11,87.36,69.56,99.1,15.38,51.23,42.65,10.52,22.34,14.04,26.53
2025-03-12,87.2,70.95,97.9,15.33,52.01,42.55,10.37,21.99,13.38,26.1
2025-03-13,87.34,69.88,97.9,15.41,52.51,41.92,10.25,22.68,12.6,24.96
2025-03-14,86.92,70.58,97.85,15.56,51.89,41.34,10.31,20.88,13.14,24.74
2025-03-17,86.94,71.07,97.25,15.68,51.92,40.99,10.18,22.14,13.53,24.45
2025-03-18,86.92,70.56,96.9,15.64,52.28,41.59,10.02,22.4,12.81,27.19
2025-03-19,86.58,70.78,98.3,15.46,52.06,41.89,10.05,22.08,12.99,27.32
2025-03-20,86.34,72.0,97.75,15.39,52.54,42.27,10.09,22.01,12.94,24.81
2025-03-21,86.34,72.16,97.9,15.58,53.34,42.66,9.97,22.45,13.61,25.55
2025-03-24,85.99,73.0,97.65,15.88,54.67,41.41,10.2,21.3,13.57,24.46
2025-03-25,85.53,73.02,97.4,15.89,54.72,41.71,10.05,22.61,13.5,26.44
2025-03-26,85.59,73.79,98.0,15.91,55.28,41.08,10.04,21.79,13.36,25.61
2025-03-27,86.1,74.03,97.85,15.79,54.86,40.98,10.19,21.19,12.07,24.16
2025-03-28,85.69,73.63,97.44,15.78,54.87,41.3,10.16,21.24,12.23,25.41
2025-03-31,85.54,74.74,103.9,15.87,56.16,41.54,10.39,21.79,12.72,25.84
2025-04-01,85.47,74.49,105.75,15.69,56.08,41.76,10.51,22.7,12.86,26.11
2025-04-02,85.61,74.95,103.3,15.61,56.93,42.17,10.47,22.27,12.74,25.92
2025-04-03,85.65,70.14,100.75,15.62,57.79,41.97,10.56,22.02,11.67,26.5
2025-04-04,85.28,65.58,99.9,15.85,58.43,42.06,10.72,22.55,12.37,26.21
2025-04-07,85.53,64.21,101.9,15.58,56.98,41.67,10.82,22.3,12.25,25.89
2025-04-08,86.03,62.82,103.0,15.35,57.69,41.05,10.98,21.71,13.2,27.39
2025-04-09,86.44,65.48,101.65,15.2,56.83,40.86,11.15,21.6,12.42,26.11
2025-04-10,86.21,63.33,102.5,15.08,57.34,40.64,11.1,21.56,13.05,26.18
2025-04-11,86.26,64.76,102.75,14.93,56.54,40.22,11.06,21.32,10.74,24.65
2025-04-14,86.19,64.88,103.8,14.84,58.03,40.01,10.8,21.96,12.48,26.83
2025-04-15,86.04,64.67,104.25,14.92,58.9,40.61,10.74,23.35,13.41,26.71
2025-04-16,85.73,65.85,103.35,15.14,59.79,41.13,10.83,22.94,11.47,26.5
2025-04-17,85.62,67.96,103.0,15.37,60.69,41.76,10.88,20.94,12.09,25.74
2025-04-21,,66.26,103.0,15.25,58.21,41.1,10.61,22.17,12.57,24.64
2025-04-22,85.16,67.44,102.15,15.18,57.4,41.0,10.46,22.75,12.13,25.87
2025-04-23,85.23,66.12,103.0,15.2,57.45,40.67,10.38,21.36,11.88,25.31
2025-04-24,85.5,66.55,102.0,15.23,57.04,40.47,10.26,20.92,11.43,24.93
2025-04-25,85.26,66.87,102.4,15.12,56.91,40.19,10.16,19.77,12.12,25.39
2025-04-28,85.38,65.86,92.3,14.92,56.23,40.03,10.05,21.43,12.55,26.29
2025-04-29,85.16,64.25,93.1,15.03,56.19,40.14,10.2,21.26,11.52,25.4
2025-04-30,85.17,63.12,93.65,15.19,55.54,40.24,10.26,21.49,12.38,25.81
2025-05-01,84.53,62.13,94.15,15.1,55.35,40.27,10.2,20.15,11.06,23.97
2025-05-02,84.7,61.29,94.6,15.15,56.19,40.33,10.06,20.16,11.33,24.98
2025-05-05,84.53,60.23,94.6,15.53,57.7,41.2,10.04,20.97,11.76,26.06
2025-05-06,84.22,62.15,96.9,15.49,57.27,41.22,10.05,22.76,11.74,24.52
2025-05-07,84.79,61.12,97.25,15.53,56.45,40.96,10.2,23.05,11.97,24.39
2025-05-08,84.82,62.84,96.75,15.32,56.41,40.9,10.15,20.28,11.56,24.59
2025-05-09,86.08,63.91,96.05,15.28,57.26,41.14,10.0,20.58,11.32,26.06
2025-05-12,85.41,64.96,96.5,15.49,58.45,41.52,9.99,20.84,12.09,25.26
2025-05-13,84.97,66.63,95.95,15.53,57.87,42.15,10.05,21.39,12.43,25.86
2025-05-14,85.06,66.09,94.45,15.38,57.36,41.52,9.93,21.84,12.68,24.78
2025-05-15,85.49,64.53,95.0,15.51,57.9,41.42,9.98,21.16,12.21,24.88
2025-05-16,85.44,65.41,94.75,15.5,58.02,40.81,10.13,20.48,10.91,23.46
2025-05-19,85.5,65.54,95.25,15.37,57.19,40.78,10.09,21.26,12.42,24.26
2025-05-20,85.37,65.38,96.15,15.29,56.34,40.55,9.94,21.45,11.94,24.53
2025-05-21,85.54,64.91,95.7,15.41,56.91,40.96,10.09,21.69,11.92,25.22
2025-05-22,85.6,64.44,96.05,15.34,56.56,41.1,10.13,20.99,11.13,24.6
2025-05-23,85.97,64.78,96.15,15.57,55.71,41.23,10.21,21.37,11.19,24.63
2025-05-26,85.2,,,15.65,56.0,41.51,10.39,22.11,11.68,24.81
2025-05-27,85.16,64.09,96.15,15.53,55.58,42.14,10.47,22.02,11.59,26.47
2025-05-28,85.36,64.9,95.6,15.47,54.79,41.51,10.32,21.85,11.98,24.9
2025-05-29,85.39,64.15,95.65,15.71,55.16,40.9,10.47,21.06,11.67,24.12
2025-05-30,85.36,63.9,95.61,15.65,54.69,40.29,10.63,21.4,11.2,23.49
2025-06-02,85.52,64.63,96.8,15.63,53.77,40.38,10.47,22.89,12.23,24.51
2025-06-03,85.36,65.63,97.15,15.47,52.97,40.99,10.63,22.28,12.0,25.68
2025-06-04,85.71,64.86,99.0,15.25,53.77,40.39,10.47,21.44,11.9,25.76
2025-06-05,85.9,65.34,100.6,15.09,54.18,40.82,10.63,20.86,11.42,26.39
2025-06-06,85.88,66.47,101.8,14.87,54.0,40.85,10.61,22.09,11.09,25.08
2025-06-09,85.79,67.04,103.35,15.22,55.05,40.88,10.84,21.1,12.7,23.98
2025-06-10,85.76,66.87,102.1,14.99,54.51,41.5,10.82,22.74,11.88,24.15
2025-06-11,85.65,69.77,102.2,14.88,54.77,42.12,10.76,22.1,12.96,24.46
2025-06-12,85.47,69.36,102.75,14.8,54.42,41.81,10.64,20.73,12.03,24.66
2025-06-13,85.69,74.23,103.25,14.62,54.29,41.19,10.68,20.81,11.47,24.09
2025-06-16,86.25,73.23,103.5,14.71,54.92,41.87,10.54,21.59,12.29,23.26
2025-06-17,86.1,76.45,104.1,14.84,55.28,41.25,10.61,21.85,12.3,24.59
2025-06-18,86.36,76.7,103.85,15.06,54.45,41.42,10.51,21.58,12.25,26.9
2025-06-19,86.61,,,15.29,53.64,40.8,10.48,21.52,11.67,24.85
2025-06-20,86.58,77.01,103.9,15.52,53.39,41.05,10.6,22.14,12.09,23.77
2025-06-23,86.58,71.48,104.4,15.52,53.46,40.99,10.49,21.93,12.26,25.58
2025-06-24,86.23,67.14,103.35,15.41,53.09,41.61,10.55,21.9,11.62,25.87
2025-06-25,85.9,67.68,103.45,15.48,52.71,40.99,10.67,21.29,11.82,23.88
2025-06-26,86.01,67.73,103.65,15.37,52.83,40.38,10.58,20.13,12.38,24.62
2025-06-27,85.67,67.77,103.63,15.44,53.63,39.78,10.51,21.27,11.48,24.04
2025-06-30,85.46,67.61,107.5,15.4,54.2,38.74,10.39,22.42,11.49,25.92
2025-07-01,85.71,67.11,107.45,15.39,54.26,38.86,10.47,21.84,11.88,27.0
2025-07-02,85.64,69.11,108.85,15.42,53.85,39.11,10.6,21.75,12.39,24.37
2025-07-03,85.69,68.8,108.4,15.51,54.67,39.13,10.59,20.82,11.27,25.84
2025-07-04,85.32,68.29,,15.73,54.34,39.04,10.43,21.14,11.75,26.23
2025-07-07,85.5,69.58,106.2,15.55,55.36,40.17,10.54,23.22,11.29,26.32
2025-07-08,85.89,70.15,107.0,15.58,55.51,40.25,10.39,22.89,11.92,25.95
2025-07-09,85.71,70.19,108.0,15.78,56.35,39.65,10.36,22.34,11.94,26.28
2025-07-10,85.71,68.64,108.9,15.56,57.2,39.96,10.22,22.85,12.09,24.75
2025-07-11,85.73,70.36,108.85,15.37,56.37,39.6,10.28,21.88,11.94,25.34
2025-07-14,85.82,69.21,106.3,15.27,55.61,39.13,10.01,22.22,12.63,27.55
2025-07-15,85.97,68.71,104.9,15.25,55.03,38.55,10.13,21.91,11.75,25.07
2025-07-16,85.99,68.52,105.0,15.03,55.4,39.05,10.1,22.64,11.57,27.93
2025-07-17,85.89,69.52,104.65,14.94,55.42,38.69,10.11,21.05,11.59,24.2
2025-07-18,86.05,69.28,104.65,14.72,55.3,38.36,10.02,21.92,11.29,26.46
2025-07-21,86.15,69.21,104.15,14.38,56.33,38.47,9.77,22.88,11.69,26.15
2025-07-22,86.2,68.59,104.5,14.58,57.14,38.45,9.8,23.5,12.53,25.9
2025-07-23,86.34,68.51,104.65,14.57,58.0,38.55,9.76,22.78,12.52,25.57
2025-07-24,86.4,69.18,104.5,14.58,57.99,38.18,9.68,21.09,11.7,26.61
2025-07-25,86.43,68.44,104.41,14.53,57.6,38.29,9.53,21.84,11.28,24.51
2025-07-28,86.51,70.04,103.4,14.87,56.71,39.06,9.59,23.59,12.57,26.71
2025-07-29,86.78,72.51,104.85,14.97,57.45,39.03,9.61,23.3,12.56,26.56
2025-07-30,87.06,73.24,104.45,14.94,57.36,39.44,9.68,22.27,12.83,26.18
2025-07-31,87.71,72.53,104.05,15.03,56.51,39.51,9.65,21.86,12.1,26.51
2025-08-01,87.49,69.67,103.55,14.97,55.67,39.5,9.67,22.23,11.69,26.02
2025-08-04,87.25,68.76,103.15,14.85,57.38,40.43,9.44,23.12,12.58,27.47
2025-08-05,87.89,67.64,103.0,14.72,57.46,40.7,9.5,23.86,12.51,27.82
2025-08-06,87.72,66.89,102.2,14.81,58.33,40.5,9.36,23.33,12.33,26.88
2025-08-07,87.76,66.43,101.55,15.03,58.26,41.11,9.3,21.25,11.41,28.55
2025-08-08,87.43,66.59,101.0,15.24,58.15,41.48,9.44,22.52,11.93,25.94
2025-08-11,87.49,66.63,101.3,15.19,57.59,42.03,9.57,23.84,13.71,27.0
2025-08-12,87.66,66.12,100.3,15.3,58.46,41.68,9.52,21.76,12.46,27.01
2025-08-13,87.6,65.63,100.25,15.13,57.84,41.06,9.63,22.57,13.02,26.13
2025-08-14,87.45,66.84,99.65,15.16,58.19,41.1,9.7,23.21,12.76,26.43
2025-08-15,87.69,65.85,99.15,15.22,58.99,41.73,9.69,21.67,11.57,24.63
2025-08-18,87.51,66.6,99.5,15.33,58.31,42.32,9.83,24.05,12.48,24.98
2025-08-19,87.3,65.79,100.15,15.3,58.89,42.63,9.68,23.34,13.1,27.88
2025-08-20,87.08,66.84,100.6,15.53,58.18,42.48,9.83,23.99,12.17,26.26
2025-08-21,87.02,67.67,100.5,15.5,57.99,42.79,9.77,23.83,12.04,25.36
2025-08-22,87.29,67.73,99.9,15.65,57.12,42.74,9.73,23.1,12.46,26.13
2025-08-25,87.33,68.8,99.5,15.89,57.03,44.3,9.62,23.03,13.02,28.12
2025-08-26,87.61,67.22,100.4,15.84,57.89,44.18,9.48,23.54,12.04,25.96
2025-08-27,87.6,68.05,99.85,15.6,58.54,44.84,9.53,23.29,12.52,27.96
2025-08-28,87.66,68.62,99.55,15.66,58.28,45.15,9.68,23.3,12.34,26.76
2025-08-29,87.59,68.12,99.4,15.42,58.22,45.31,9.6,23.55,11.49,27.08
2025-09-01,88.17,,,15.41,59.65,44.85,9.68,24.69,12.45,25.73
2025-09-02,88.0,69.14,96.7,15.62,60.51,44.36,9.73,23.61,13.13,26.4
2025-09-03,88.0,67.6,96.35,15.77,60.28,44.18,9.84,23.41,12.89,26.55
2025-09-04,88.07,66.99,95.75,15.96,59.51,44.08,9.78,23.8,11.43,27.41
2025-09-05,88.19,65.5,94.85,15.96,59.46,44.12,9.83,24.11,11.5,26.84
2025-09-08,88.19,66.02,94.6,15.86,57.86,43.16,9.62,25.11,13.41,25.96
2025-09-09,87.98,66.39,94.2,15.62,58.2,43.15,9.59,25.26,13.01,26.63
2025-09-10,88.22,67.49,93.0,15.86,57.89,43.78,9.67,24.8,12.03,26.54
2025-09-11,88.05,66.37,93.15,16.1,57.77,44.44,9.53,25.6,11.92,27.13
2025-09-12,88.27,66.99,93.0,16.09,57.5,44.87,9.65,23.77,11.44,25.4
2025-09-15,88.28,67.44,93.0,16.28,58.37,44.36,9.68,24.53,12.06,28.46
2025-09-16,88.12,68.47,93.35,16.16,57.97,44.66,9.54,25.11,11.93,29.23
2025-09-17,87.88,67.95,93.55,16.4,58.62,45.29,9.53,25.61,12.98,27.49
2025-09-18,87.91,67.44,94.15,16.25,59.08,45.23,9.6,23.44,11.87,26.72
2025-09-19,88.21,66.68,93.75,16.4,59.05,45.0,9.68,23.44,11.72,27.58
2025-09-22,88.1,66.57,93.0,16.4,57.29,45.08,9.37,25.36,12.82,28.29
2025-09-23,88.3,67.63,93.0,16.33,57.5,45.76,9.43,25.48,13.2,28.72
2025-09-24,88.81,69.31,93.0,16.25,58.37,45.08,9.48,25.18,13.25,29.02
2025-09-25,88.78,69.42,92.75,16.47,57.85,44.41,9.63,23.75,12.37,28.48
2025-09-26,88.77,70.13,92.95,16.72,57.09,44.89,9.58,23.06,11.89,27.79
2025-09-29,88.68,67.97,93.9,16.62,56.92,45.06,9.6,25.42,13.0,27.86
2025-09-30,88.7,67.02,93.75,16.64,57.78,45.02,9.63,25.65,13.07,27.55
2025-10-01,88.84,65.35,92.9,16.7,57.66,44.85,9.72,25.09,11.85,26.81
2025-10-02,88.68,64.11,92.2,16.5,57.11,44.52,9.87,25.31,13.13,27.23
2025-10-03,88.72,64.53,92.0,16.65,56.26,45.19,9.87,24.79,12.69,27.77
2025-10-06,88.74,65.47,91.5,16.24,56.79,45.41,10.0,25.02,11.75,28.46
2025-10-07,88.72,65.45,91.25,16.14,56.13,45.66,9.97,25.33,13.03,27.59
2025-10-08,88.74,66.25,90.5,16.13,55.9,46.35,10.04,25.45,12.47,29.13
2025-10-09,88.78,65.22,90.45,16.37,55.55,46.72,9.96,24.52,11.83,27.37
2025-10-10,88.87,62.73,89.65,16.42,55.48,47.0,10.06,24.86,13.37,26.65
2025-10-13,88.76,63.32,89.4,16.23,55.0,47.4,10.28,25.94,13.16,28.34
2025-10-14,88.67,62.39,89.25,16.29,54.18,46.7,10.33,24.34,12.69,29.29
2025-10-15,88.78,61.91,91.4,16.41,54.31,47.33,10.34,24.56,13.09,27.31
2025-10-16,87.81,61.06,93.0,16.65,53.5,48.04,10.33,24.28,13.05,27.32
2025-10-17,87.99,61.29,93.0,16.65,52.7,48.22,10.31,23.36,12.69,27.03
2025-10-20,88.0,61.01,92.65,16.94,53.7,47.2,10.43,25.13,12.73,28.66
2025-10-21,87.88,61.32,92.4,17.2,53.98,46.49,10.34,25.58,13.78,28.94
2025-10-22,88.0,62.59,92.05,17.26,53.87,45.8,10.5,25.96,13.78,25.57
2025-10-23,87.74,65.99,92.6,17.09,53.22,45.79,10.43,25.74,12.96,27.45
2025-10-24,87.78,65.94,92.4,17.35,54.02,45.31,10.46,24.79,12.69,26.94
2025-10-27,87.83,65.62,92.4,17.5,53.89,45.05,10.25,25.28,12.44,27.34
2025-10-28,88.22,64.4,92.5,17.47,54.0,44.38,10.39,25.55,13.47,28.57
2025-10-29,88.23,64.92,92.55,17.62,53.76,43.85,10.38,24.77,12.83,27.65
2025-10-30,88.35,65.0,93.0,17.88,54.3,43.36,10.23,24.85,12.62,27.36
2025-10-31,88.63,65.07,92.92,18.01,54.89,42.71,10.24,24.98,12.61,26.76
2025-11-03,88.78,64.89,96.1,18.24,55.39,41.79,9.99,25.03,12.79,28.47
2025-11-04,88.72,64.44,97.35,18.46,56.06,41.94,10.05,26.06,12.97,27.9
2025-11-05,88.73,63.52,97.2,18.4,56.12,41.46,10.2,24.89,12.36,27.87
2025-11-06,88.56,63.38,97.05,18.5,55.28,41.71,10.35,25.43,13.12,27.2
2025-11-07,88.67,63.63,96.9,18.47,55.53,41.09,10.43,24.84,13.22,27.76
2025-11-10,88.66,64.06,96.25,18.66,55.39,40.81,10.55,25.0,13.58,27.96
2025-11-11,88.71,65.16,95.9,18.49,55.09,41.31,10.71,25.35,13.37,27.57
2025-11-12,88.47,62.71,95.6,18.33,54.94,41.93,10.66,24.98,14.59,27.79
2025-11-13,88.59,63.01,95.4,18.61,54.3,41.71,10.75,24.86,12.73,28.29
2025-11-14,88.82,64.39,96.35,18.83,54.19,41.64,10.83,25.27,12.41,26.74
2025-11-17,88.68,64.2,96.6,18.15,55.39,40.57,10.87,25.68,14.15,27.42
2025-11-18,88.64,64.89,96.25,17.95,54.81,40.13,10.81,26.25,13.44,27.92
2025-11-19,88.56,63.51,96.25,17.68,55.36,40.74,10.93,25.03,12.82,28.15
2025-11-20,88.49,63.38,96.5,17.65,55.36,40.13,10.76,23.87,13.68,25.87
2025-11-21,88.69,62.56,95.5,17.41,55.62,40.41,10.6,25.12,12.85,26.96
2025-11-24,89.63,63.37,95.95,17.18,55.26,39.69,10.76,25.51,13.59,28.87
2025-11-25,89.15,62.48,96.1,17.1,54.44,39.32,10.6,25.17,12.75,28.23
2025-11-26,89.15,63.13,96.15,17.36,54.74,39.04,10.44,25.32,14.24,26.68
2025-11-27,89.16,,,17.62,53.92,38.6,10.36,25.87,13.09,27.27
2025-11-28,89.36,63.2,96.29,17.79,53.55,39.18,10.41,25.79,13.11,25.52
2025-12-01,89.35,63.17,97.75,17.72,52.47,38.77,10.33,25.75,13.7,27.68
2025-12-02,89.61,62.45,99.5,17.45,52.66,38.9,10.26,24.71,13.67,27.28
2025-12-03,89.92,62.67,98.95,17.44,53.36,38.56,10.35,25.26,13.76,26.73
2025-12-04,90.17,63.26,97.35,17.7,52.7,38.46,10.3,24.68,14.55,26.4
2025-12-05,89.84,63.75,97.25,17.66,52.31,38.67,10.26,24.81,12.68,26.57
2025-12-08,89.94,62.49,97.05,17.56,51.14,39.38,10.13,24.22,13.33,27.62
2025-12-09,90.13,61.94,96.95,17.76,51.77,39.71,10.19,25.04,14.72,26.67
2025-12-10,89.92,62.21,96.5,17.93,52.46,39.75,10.22,25.4,13.84,26.66
2025-12-11,89.79,61.28,96.5,17.8,51.87,39.16,10.14,25.04,14.07,27.52
2025-12-12,90.25,61.12,96.75,17.65,51.1,39.4,10.12,26.07,13.7,26.6
2025-12-15,90.58,60.56,96.05,17.18,51.78,38.47,10.27,25.73,13.84,26.26
2025-12-16,90.78,58.92,95.75,16.94,51.98,38.74,10.28,25.31,14.29,28.21
2025-12-17,90.95,59.68,96.5,16.85,52.75,38.16,10.26,25.2,13.73,26.71
2025-12-18,90.41,59.82,97.0,16.76,52.25,38.23,10.38,25.12,13.06,26.95
2025-12-19,90.26,60.47,96.9,16.65,52.11,38.72,10.22,25.1,13.03,24.35
2025-12-22,89.57,62.07,96.5,16.7,51.97,38.65,10.67,24.53,13.65,26.29
2025-12-23,89.6,62.38,96.5,16.74,51.53,38.97,10.51,25.49,14.02,26.23
2025-12-24,89.51,62.24,96.55,16.54,50.9,38.39,10.61,26.85,14.44,25.96
2025-12-26,90.11,60.64,96.0,16.6,50.55,39.44,10.94,25.61,13.37,25.34
2025-12-29,89.83,61.94,,16.37,49.5,38.9,11.07,25.07,13.57,25.33
2025-12-30,89.9,61.92,,16.39,49.7,38.69,11.07,24.95,14.3,26.55
2025-12-31,89.77,60.85,,16.62,49.8,39.27,10.91,24.19,13.84,25.64
2026-01-02,89.96,60.75,,16.82,49.7,38.76,11.16,23.25,13.41,25.94
2026-01-05,90.01,61.76,,17.08,50.21,39.03,11.11,24.89,14.37,26.98
2026-01-06,90.23,60.7,,16.95,50.22,38.45,11.01,24.6,13.93,27.07
2026-01-07,90.17,59.96,,16.79,50.5,37.87,11.06,24.88,13.81,25.56
2026-01-08,89.86,61.99,,16.54,50.29,37.55,11.23,23.98,12.78,26.17
2026-01-09,89.91,63.34,,16.57,49.54,36.99,11.06,24.55,12.96,25.45
2026-01-12,90.24,63.87,,16.86,51.24,36.91,11.14,23.52,13.28,26.3
2026-01-13,90.13,65.47,,17.11,51.13,36.81,11.2,23.93,13.89,26.72
2026-01-14,90.27,66.52,,16.97,51.53,37.37,11.1,25.36,13.58,25.33
2026-01-15,90.18,63.76,,17.21,52.13,37.77,10.95,24.62,13.55,25.6
2026-01-16,90.36,64.13,,17.1,52.92,37.69,10.78,23.31,13.77,24.19
2026-01-19,90.7,,,17.05,52.85,36.92,10.97,24.04,13.45,25.92
2026-01-20,90.9,64.92,,16.8,52.96,37.05,10.91,25.88,12.66,25.55
2026-01-21,91.12,65.24,,16.74,53.14,37.61,10.76,24.5,12.8,26.02
2026-01-22,91.54,64.06,,16.83,53.64,37.28,10.84,23.6,13.41,25.91
2026-01-23,91.56,65.88,,16.73,54.45,37.19,10.88,24.12,12.73,25.27
2026-01-26,91.5,65.59,,16.67,54.38,37.23,10.77,24.72,13.47,25.41
2026-01-27,91.71,67.57,,16.57,54.68,37.56,10.91,24.62,13.27,26.7
2026-01-28,91.53,68.4,,16.58,54.12,37.0,11.07,25.01,13.47,24.73
2026-01-29,92.04,70.71,,16.83,53.31,37.08,11.17,24.38,13.28,25.82
2026-01-30,91.78,70.69,,17.07,53.17,36.73,11.12,24.3,12.22,23.67
2026-02-02,91.69,66.3,,17.44,52.3,36.62,11.47,25.2,13.49,25.57
2026-02-03,90.25,67.33,,17.18,53.07,36.51,11.65,23.79,13.51,27.26
2026-02-04,90.42,69.46,,17.04,52.28,36.75,11.54,23.74,14.1,24.91
2026-02-05,90.12,67.55,,16.94,52.9,36.87,11.42,24.63,13.29,25.22
2026-02-06,90.31,68.05,,16.69,52.97,36.61,11.44,23.5,13.57,25.14
2026-02-09,90.59,69.04,,16.21,52.59,35.63,11.42,25.08,13.26,25.34
2026-02-10,90.82,68.8,,16.37,51.81,35.2,11.59,24.34,13.62,25.52
2026-02-11,90.59,69.4,,16.59,51.04,35.69,11.58,24.33,13.75,24.98
2026-02-12,90.74,67.52,,16.67,51.36,35.24,11.41,24.7,13.63,26.06
2026-02-13,90.56,67.75,,16.48,52.14,35.3,11.26,23.4,13.01,25.18
2026-02-16,90.57,,,15.76,51.41,36.35,11.34,24.56,13.5,25.14
2026-02-17,90.78,67.42,,15.59,51.53,36.71,11.29,23.4,14.79,26.4
2026-02-18,90.63,70.35,,15.56,51.98,36.89,11.46,24.47,13.05,25.96
2026-02-19,90.79,71.66,,15.37,51.21,36.35,11.4,23.32,13.74,26.4
2026-02-20,91.04,71.76,,15.44,51.07,35.82,11.46,24.16,13.03,25.66
2026-02-23,90.73,71.49,,15.61,51.55,35.81,11.46,23.34,12.98,27.77
2026-02-24,91.02,70.77,,15.39,51.79,36.25,11.39,24.04,14.06,25.46
2026-02-25,90.92,70.85,,15.47,52.28,36.77,11.22,24.41,12.28,25.04
2026-02-26,90.95,70.75,,15.47,52.0,36.4,11.39,23.82,13.4,26.05
2026-02-27,91.01,72.48,,15.41,51.23,36.42,11.31,23.48,12.81,26.86
2026-03-02,91.08,77.74,,15.56,51.56,35.98,11.26,23.75,13.78,27.91
2026-03-03,91.56,81.4,,15.53,52.29,36.52,11.28,24.87,13.5,25.67
2026-03-04,92.01,81.4,,15.58,52.82,36.55,11.17,24.58,13.36,26.53
2026-03-05,92.12,85.41,,15.53,53.61,36.56,11.23,24.15,13.08,26.7
2026-03-06,91.79,92.69,,15.64,53.72,36.15,11.34,23.82,12.54,25.48
2026-03-09,91.94,98.96,,15.69,53.41,36.22,11.44,23.96,11.34,24.88
2026-03-10,91.22,87.8,,15.67,54.12,36.47,11.42,23.91,13.48,26.61
2026-03-11,92.17,91.98,,15.5,53.31,36.26,11.59,23.28,13.14,26.74
2026-03-12,92.23,100.46,,15.62,53.32,36.43,11.49,22.74,12.34,26.2
2026-03-13,92.39,103.14,,15.38,54.13,36.52,11.38,22.56,11.82,24.35
2026-03-16,92.56,100.21,,15.2,54.97,36.55,11.23,24.19,12.86,24.9
2026-03-17,92.28,103.42,,14.97,55.66,36.62,11.06,24.04,12.83,24.87
2026-03-18,92.39,107.38,,14.89,55.08,36.65,11.07,23.12,13.52,25.74
2026-03-19,93.25,108.65,,15.09,54.51,36.11,11.15,23.77,11.69,25.06
2026-03-20,93.08,112.19,,15.08,54.53,36.03,10.98,23.51,12.41,25.48
2026-03-23,93.9,99.94,,15.48,53.71,36.71,10.85,23.73,13.41,25.78
2026-03-24,93.24,104.49,,15.37,54.52,37.03,10.8,23.48,12.86,26.77
2026-03-25,94.3,102.22,,15.46,54.81,36.58,10.95,22.26,12.91,24.42
2026-03-26,94.69,108.01,,15.36,55.26,36.5,11.11,22.54,11.74,23.11
2026-03-27,94.31,112.57,,15.27,56.09,36.34,11.17,22.55,12.16,23.57
2026-03-30,94.78,112.78,,15.14,56.11,36.66,11.2,21.98,12.62,25.38
2026-03-31,94.36,118.35,,15.18,56.06,36.75,11.36,23.63,12.55,25.21
2026-04-01,93.48,101.16,,14.99,56.88,37.31,11.2,23.45,12.71,24.35
2026-04-02,92.64,109.03,,15.07,57.6,37.44,11.33,21.93,11.95,25.32
2026-04-03,92.97,,,14.93,56.74,37.01,11.24,22.03,11.74,22.88
2026-04-06,92.97,109.77,,15.21,57.33,36.53,11.24,22.19,12.73,23.87
2026-04-07,92.82,109.27,,15.21,56.78,35.98,11.28,21.81,12.7,24.18
2026-04-08,92.86,94.75,,14.98,55.96,35.99,11.32,22.7,12.32,24.53
2026-04-09,92.27,95.92,,15.21,55.62,36.48,11.37,23.27,12.91,22.75
2026-04-10,92.47,95.2,,15.44,55.55,37.03,11.44,21.12,11.81,23.04
2026-04-13,94.51,99.36,,15.41,58.11,37.51,11.42,23.45,12.02,24.75
2026-04-14,94.95,94.79,,15.31,58.76,36.95,11.51,21.74,12.2,23.87
2026-04-15,93.17,94.93,,15.54,58.0,36.95,11.63,22.34,12.19,24.71
2026-04-16,93.39,99.39,,15.59,57.7,36.64,11.72,22.91,12.16,23.04
2026-04-17,93.05,90.38,,15.45,57.86,37.11,11.83,20.46,12.68,23.93
2026-04-20,92.6,95.48,,15.81,58.37,36.0,11.89,21.93,12.84,24.6
2026-04-21,93.12,98.48,,16.05,58.78,36.0,12.01,22.65,12.7,23.75
2026-04-22,93.62,101.91,,16.19,59.57,35.46,12.19,22.06,13.21,24.83
2026-04-23,93.8,105.07,,16.15,58.87,35.21,12.1,20.56,11.77,24.8
2026-04-24,94.11,105.33,,15.9,59.59,35.32,12.0,21.53,11.47,24.06
2026-04-27,94.25,108.23,,15.99,58.75,35.83,11.95,21.52,11.27,25.55
2026-04-28,94.26,111.26,,16.0,59.64,35.32,11.97,21.61,12.79,23.44
2026-04-29,94.65,118.03,,15.76,60.02,35.18,11.86,22.26,11.96,24.44
2026-04-30,94.92,114.01,,15.87,60.04,35.67,11.98,22.07,12.21,26.05
2026-05-01,94.76,108.17,,15.99,60.29,35.68,11.87,21.72,12.1,23.22
2026-05-04,94.9,114.44,,16.43,58.63,34.66,12.14,21.65,11.99,25.45
2026-05-05,95.26,109.87,,16.35,58.58,35.19,12.32,22.52,12.01,25.35
2026-05-06,95.18,101.27,,16.34,58.64,35.49,12.24,21.34,12.12,25.85
2026-05-07,94.61,100.06,,16.35,58.65,35.33,12.06,22.06,12.3,24.75
2026-05-08,94.25,101.29,,16.38,59.17,35.41,12.18,20.99,11.4,23.63
2026-05-11,94.43,104.21,,16.96,59.33,35.04,11.88,22.47,12.14,25.88
2026-05-12,95.39,107.77,,17.21,60.23,35.07,11.98,22.11,11.68,26.3
2026-05-13,95.63,105.63,,17.23,60.3,35.53,11.89,23.11,11.97,25.44
2026-05-14,95.7,105.72,,16.97,61.21,35.65,11.88,21.6,11.52,25.65
2026-05-15,95.71,109.26,,17.23,61.49,36.18,11.88,21.71,10.48,23.46
2026-05-18,95.97,112.1,,16.87,59.71,36.09,11.97,22.75,11.94,24.65
2026-05-19,96.27,111.28,,16.79,58.95,36.58,11.86,22.27,11.59,26.68
2026-05-20,96.57,105.02,,16.91,58.28,37.13,11.69,22.08,11.74,26.6
2026-05-21,96.53,102.58,,16.66,58.58,37.13,11.7,22.75,11.47,25.43
2026-05-22,96.17,103.54,,16.44,58.18,36.86,11.68,21.06,11.26,25.26
2026-05-25,95.72,,,16.77,59.14,36.2,11.71,23.93,12.62,24.88
2026-05-26,95.25,99.58,,16.61,60.04,36.46,11.87,22.08,12.44,25.25
2026-05-27,95.9,94.29,,16.42,59.14,36.43,11.69,21.02,12.24,25.15
2026-05-28,96.05,93.71,,16.32,59.03,36.69,11.64,21.62,12.33,24.42
2026-05-29,96.05,92.05,,16.37,58.62,36.77,11.78,21.45,11.29,24.55
2026-06-01,95.0,94.98,,16.32,57.59,37.21,12.02,22.81,11.63,24.91
2026-06-02,95.55,96.0,,16.08,57.51,37.36,11.84,22.94,12.66,25.56
2026-06-03,95.26,97.81,,15.84,58.38,36.8,12.0,21.38,11.51,23.24
2026-06-04,96.16,95.03,,16.03,58.55,36.87,11.96,22.42,12.98,24.23
2026-06-05,95.79,93.09,,16.13,57.68,37.19,12.14,23.06,12.76,24.17
2026-06-08,94.95,94.25,,16.31,57.22,36.43,12.01,22.34,11.57,24.05
2026-06-09,95.69,91.45,,16.23,56.52,36.55,11.83,22.93,12.37,24.36
2026-06-10,95.36,93.1,,16.47,57.38,36.41,11.66,21.33,11.88,23.74
2026-06-11,95.64,90.38,,16.42,58.14,35.87,11.73,22.15,10.31,22.22
2026-06-12,95.76,87.33,,16.57,59.02,35.85,11.87,21.74,11.45,24.17
2026-06-15,95.11,83.17,,16.08,57.53,34.99,11.85,23.52,12.92,24.98
2026-06-16,94.74,78.96,,15.97,57.78,34.92,11.71,21.93,11.67,23.96
2026-06-17,94.89,79.55,,16.18,58.06,34.65,11.77,22.58,12.79,24.5
2026-06-18,94.86,79.85,,16.33,58.94,34.14,11.93,22.09,11.59,22.18
2026-06-19,94.34,,,16.51,58.06,33.96,11.98,21.28,10.72,22.7
2026-06-22,94.33,77.9,,16.37,58.54,35.46,12.11,22.2,11.8,25.69
2026-06-23,94.7,77.08,,16.42,58.18,35.99,12.12,21.4,11.92,25.62
2026-06-24,95.18,73.74,,16.42,57.57,35.46,11.94,22.34,11.84,25.63
2026-06-25,94.44,75.26,,16.38,57.12,35.26,11.88,21.42,10.41,23.27
2026-06-26,94.4,71.99,,16.63,56.27,35.25,11.84,21.59,12.39,22.45
2026-06-29,94.36,73.15,,16.25,56.31,35.78,11.66,21.63,11.84,24.39
2026-06-30,94.79,72.92,,16.17,56.79,35.25,11.5,22.96,11.86,25.73
2026-07-01,94.92,71.57,,16.42,57.64,34.9,11.66,22.21,11.66,24.01
2026-07-02,95.42,71.8,,16.55,57.92,35.43,11.48,20.52,12.36,25.01
2026-07-03,95.53,,,16.47,58.32,35.12,11.57,22.44,11.76,22.11
2026-07-06,95.21,71.99,,15.83,57.85,36.08,11.71,21.84,12.09,25.56
2026-07-07,95.6,74.16,,15.85,58.0,36.18,11.7,23.17,11.7,25.49
2026-07-08,95.59,78.02,,16.09,57.13,36.66,11.79,22.74,12.12,23.66
2026-07-09,95.86,76.3,,16.31,58.0,36.21,11.79,23.66,12.57,24.88
2026-07-10,95.39,76.01,,16.35,58.87,35.96,11.78,22.34,12.4,23.63
2026-07-13,95.32,83.3,,16.25,60.25,36.23,11.74,23.34,12.67,25.14
2026-07-14,96.3,84.73,,16.49,59.89,36.39,11.58,23.52,11.54,24.86
2026-07-15,96.43,84.95,,16.45,60.59,36.47,11.6,23.56,11.68,24.47
2026-07-16,96.5,84.23,,16.44,59.68,35.93,11.62,22.29,11.41,24.33
2026-07-17,96.65,88.1,,16.19,58.79,35.39,11.45,22.26,11.54,22.34
2026-07-20,96.28,89.22,,16.11,58.2,35.07,11.37,24.4,12.24,25.34
2026-07-21,96.49,91.01,,15.97,59.08,35.46,11.2,23.42,11.24,24.58
2026-07-22,96.34,94.07,,16.12,58.2,35.29,11.37,23.24,12.1,25.19
2026-07-23,96.56,100.69,,15.88,59.08,35.18,11.32,23.34,11.93,23.95
2026-07-24,96.88,96.78,,16.09,59.81,35.31,11.2,22.79,11.79,25.3
2026-07-27,96.57,88.36,,15.7,58.19,35.4,11.36,23.39,11.61,24.23
2026-07-28,95.77,84.09,,15.77,58.76,34.87,11.33,23.44,12.3,25.33
2026-07-29,95.6,90.74,,16.01,57.88,34.66,11.16,22.4,10.82,24.48
2026-07-30,95.73,89.03,,16.16,57.81,34.73,11.0,22.97,11.29,23.59
2026-07-31,95.68,90.12,,15.99,57.3,34.57,11.03,22.87,12.02,22.37
2026-08-03,95.4,83.77,,16.4,57.1,33.91,11.34,24.01,12.28,24.67
2026-08-04,95.33,79.36,,16.56,56.95,33.88,11.47,23.56,10.99,26.34
2026-08-05,95.1,79.45,,16.31,57.81,33.95,11.65,23.8,11.41,26.17
2026-08-06,95.08,82.49,,16.12,57.5,33.96,11.81,24.17,12.55,24.92
2026-08-07,95.31,83.55,,16.3,56.72,34.48,11.95,22.76,10.59,23.2
2026-08-10,95.21,87.72,,16.01,56.21,34.64,12.04,23.57,12.16,24.77
2026-08-11,95.4,88.91,,15.77,57.05,34.94,12.13,24.3,12.94,26.57
2026-08-12,95.38,88.98,,15.76,56.8,35.47,12.31,23.65,11.35,25.47
2026-08-13,95.34,87.07,,16.0,56.52,35.54,12.37,23.79,11.76,24.93
2026-08-14,95.4,88.52,,16.15,56.64,35.93,12.35,22.44,12.04,24.18
2026-08-17,95.45,90.87,,16.78,56.85,36.83,12.18,23.25,12.1,24.23
2026-08-18,95.69,91.02,,17.03,57.7,37.37,12.23,23.36,11.85,26.1
2026-08-19,95.82,91.62,,17.11,57.8,37.5,12.26,24.66,12.38,24.69
2026-08-20,95.5,93.78,,17.07,56.94,38.07,12.4,23.69,12.66,24.68
2026-08-21,95.77,94.39,,17.29,56.49,38.37,12.53,23.04,11.74,24.43
2026-08-24,95.7,92.17,,17.3,57.25,38.9,12.46,23.08,11.94,26.13
2026-08-25,95.72,88.58,,17.33,57.87,39.06,12.64,23.62,13.69,25.83
2026-08-26,93.55,87.84,,17.5,57.01,38.98,12.69,23.91,12.87,25.51
2026-08-27,95.43,89.7,,17.67,56.16,38.85,12.65,25.01,12.86,26.14
2026-08-28,95.47,89.31,,17.41,55.81,39.43,12.73,24.32,11.8,23.26
2026-08-31,95.38,90.49,,17.48,56.92,39.23,13.11,24.47,13.2,25.99
2026-09-01,95.11,94.65,,17.3,57.13,39.82,13.17,,,
2026-09-02,94.96,95.63,,17.56,57.96,39.41,13.37,,,
2026-09-03,94.49,95.52,,17.61,57.51,38.83,13.41,,,
2026-09-04,94.49,96.28,,17.43,58.03,38.25,13.61,,,
2026-09-07,94.43,,,17.74,57.67,36.57,14.1,,,
2026-09-08,94.49,97.92,,17.92,57.02,37.12,14.31,,,
2026-09-09,94.82,101.21,,17.74,57.43,37.1,14.49,,,
2026-09-10,95.11,107.63,,17.64,57.49,36.91,14.35,,,
2026-09-11,95.72,105.68,,17.38,57.74,36.36,14.39,,,
